000000	tst_000000_Stop_7.bin	stop/563aa4e6_nohash_3.wav	7	6ed51beca5b58fbbb06a16af68f120066218cf52c3fd4237f222a8ea9c972199	d843b234a0f585d143c88aed0acc1cca5ed02150f3cf5b77cb0489ad5429d725
000001	tst_000001_Left_2.bin	left/fb7eb481_nohash_3.wav	2	4578241d0393e3850509223ca01956f23a32890eb235344e58dcde0d22d35823	665cdaaa249800c7739bbec090110a0988b236112e0fbbb7178cdb1ba3f3a5e4
000002	tst_000002_Right_6.bin	right/18f8afd5_nohash_3.wav	6	1e01678b711ad7a3f4787a7e29a3b26e44754f6b89190c8cb94ce3ece2ef6776	88ec67ca0c81377e407858dbe215aa5af339065c1bcdd30552559df0c4ded0fa
000003	tst_000003_Up_8.bin	up/e0c782d5_nohash_4.wav	8	901cb8c5f71b5a90de5dd7a1e3f1541f489d9ba6d281f99c8704c48774b4b54d	da50462a59eee73272c2ffd171ee77f5501320a080139a545746a8ed8416f051
000004	tst_000004_On_5.bin	on/189cbabe_nohash_1.wav	5	39bad876e5df33659fea593d687c8991f99e35b376933e7ff2f3432b125877d8	8eba8410accebaba4af8ccb728c1b5d0fec804c2c604af21c6aadeeeb66afc6c
000005	tst_000005_Down_0.bin	down/b49caed3_nohash_2.wav	0	a1f1f40368b00eabee1d734e231aec6ec40011ba3be5a3fd231da620f453f9f4	74c4f3d7c787bcc40131d762d33f35463259965418df923dfc1e24b0ea1247bd
000006	tst_000006_Up_8.bin	up/c9b5ff26_nohash_2.wav	8	0c2b657b43891d5ecaf779293914b6b077d0e72727efc6ca4d90d4499f918ccd	25adc8929912b2baad57a0ffc677234c4b5babe8e8145afc696a93b0f26cf326
000007	tst_000007_Yes_9.bin	yes/beb458a4_nohash_2.wav	9	53ad631b07193fbed8dbc5e05049ddd60781baca9141b8a916229d4454e76259	febf9905420e00d1d0f44a316405a0f20a7fb0f57f100a47bf3760f7568fcc74
000008	tst_000008_Off_4.bin	off/ea356919_nohash_1.wav	4	841ad1f632d62a47a8baaf3932cca2eb507d3550475f7667abfb6cab68dbb913	a9d739deee3d97c4929e00b69062deaefd97ba49681e56e678decaa03cff7324
000009	tst_000009_No_3.bin	no/0cb74144_nohash_1.wav	3	423d1ec562b4187a3b99bf54e06bb83fa91fca0b92a7ba176654bbff728f0161	f0231bd30794c06bfa16fa77e5e42d77d2ca7184ecc178a8e23b1634353a443f
000010	tst_000010_Unknown_11.bin	_unknown_/cat_83957201_nohash_0.wav.wav	11	79a51f7564ac801d984a89efcc84e0b9e79ed7a94d5e03d2f7a1d184b167792c	be5a48a3d2109318b4fff2382d1f4c97664388eb724c7a84cfdb1da12b38fe09
000011	tst_000011_Left_2.bin	left/3d86b69a_nohash_1.wav	2	69f4dd0ae4b0f3d71e9c079209cb30e857401164b56f56ef24756404770371d7	588daccf8c25784bee07ff129af0460b3c5215b03f1482cc56d0e1df129f1249
000012	tst_000012_Go_1.bin	go/ca4d5368_nohash_2.wav	1	4f3335adc13fc0d3791420a4b9d2418a69d35052b3bc65ace408b2c4839dad92	c233b134e37febe346ef0daa629e19727adadf8e8c517ade2a82f5eb7c97cef4
000013	tst_000013_Yes_9.bin	yes/fb7eb481_nohash_1.wav	9	d90c15e4b4e042e973f3be9c0ad1bd30c31928a9be699dd05ddb0ebcf74b91b0	2f440310709c08f34aa7a3d3056431444851e5a09f421b71eb5f0f42c85b4973
000014	tst_000014_Silence_10.bin	_silence_/73.wav	10	737af5e3ead65ed205eb54682bc4c36a656ca3a714040125b4a9f94e90b69c13	0dda126ef5250ab4f01ca8df6b39477771452ff61c2d105d0e8f1d6d95662be2
000015	tst_000015_Yes_9.bin	yes/e49428d9_nohash_0.wav	9	06a31a037ca55ae15f54a61deb0879ed29928df663ce0694a357f2f95717bb8e	489ea772eefae41ca4b6c498b9f1c0f9ffb102972ef72de14633e5e3f3096480
000016	tst_000016_Unknown_11.bin	_unknown_/zero_9d171fee_nohash_1.wav.wav	11	f63d9b92f9ce52628c3feb55a583e4767b44e832f1abe491a9e0f1bdafb30591	45782565ab048c8caa71cd4176ae3604cbced45e24522c8a5e90c58ec77c65df
000017	tst_000017_On_5.bin	on/692a88e6_nohash_3.wav	5	0dff11c0bf102721b6f28b72bbc85bd117d822432ba749ceeebdba376ce4618d	5ed7dbb54a2f21dc5c9119f1a7d9d985a9baa16fcafe9a1545c7c645b61d0f6a
000018	tst_000018_Right_6.bin	right/97f4c236_nohash_1.wav	6	4c7a8d1316d8a44f6c0f24ed3164ee2c26245faffbce1fca9b4aa07660ce1e69	abb2cb0d98d581325c70b1542f36356f04596ba262dfd457b224fb927c89958e
000019	tst_000019_Right_6.bin	right/b49caed3_nohash_3.wav	6	c08f84463d9475c99cc268a3bd12297c42adeb0f7ae6fb6fab18d4afd70cbd4d	23b45a50de3aa4e72115e0c2e9f705d1a24c8e3ccf38d51da4f06468051ecfe7
000020	tst_000020_On_5.bin	on/9d4bab4f_nohash_0.wav	5	2810371bba5a6ceb550acb71dc4d33087b9f1b549a7f235e14f00bfcfdfa74fd	a2cdddc3356768496b8051f38eb0813c6e3cd988c878bcba7185d8a9d6e50db3
000021	tst_000021_Silence_10.bin	_silence_/4683.wav	10	26cb18cdb098a94fad4e372fb9bb09f47177eb2a01736ddcd74067a0fdd2729b	517b1b9b7adfe9ba7bab23570cad0a92c00eb0479f4f6c6186c70f44789ac412
000022	tst_000022_Up_8.bin	up/1fe4c891_nohash_0.wav	8	170e2402bbf192103209b09700b09b09a9f8bbbbc219e76ebc4481d29cfe7ca3	dabd560ebbda2207e783a90f74c4a5357bce5456e6a4e96ec23efa03b86c034b
000023	tst_000023_On_5.bin	on/893705bb_nohash_0.wav	5	3fdd664323afa25f14ce69d400fdb92d1e927d9ac2b2086454b0f18ecc4fbc4f	c68a47c0991b355cfc3ee2af1c27355376c5551df739b5adf7e59b67ca8edd6d
000024	tst_000024_Stop_7.bin	stop/85834399_nohash_0.wav	7	2ae5550c49830ad88b6eb2630b1241b1714fa3b290dc46262b29712e4b6afcf5	d668c0df0be5e9494c00b02d8909cb05ea280e1120effa94b3e349ff34ad477d
000025	tst_000025_Off_4.bin	off/97f4c236_nohash_0.wav	4	8da7471918ff745ae06613d98ffaa35e23b7f48a0f119bda96715517beb48d24	fb2efc71e64dca56bada54018087f5fd11a90ce123050e5a4662ed2533593217
000026	tst_000026_On_5.bin	on/97f4c236_nohash_0.wav	5	1f36e9ea184aa7d03555fd49dc48daffe9b3df3cd85d3664aaceb22c91293cb6	3299b05caf6b5890ea53908be770ae3e9710dc634a5d7184a4033e0acae37867
000027	tst_000027_Left_2.bin	left/422d3197_nohash_0.wav	2	9083f363edc1b150d87cfbd0c55f7e1dde9cd66be3da1013f8f51379c216a943	5e9d71645cfaaded840e7206a346d631eca452612244016c6b33d5fa17fdc8cf
000028	tst_000028_Right_6.bin	right/fb7eb481_nohash_1.wav	6	b4f23b672091db578e87b72bd58acf0e0a998262468dc4af3bff5697ef5ab1a1	d879cd4e287eb09244a9ed521dfdd614e09454209af5761c3f7f097d62e0dac5
000029	tst_000029_On_5.bin	on/d9e9f554_nohash_1.wav	5	f8c024f0e93144894cd2c7f119aa5fd4bae4507c8ff25fed688bea3fd2a975a5	f0ca73ada24119d1c648adb815203b319e295d86a042ff2ca950de5cee548ba8
000030	tst_000030_Yes_9.bin	yes/cfbedff9_nohash_4.wav	9	4b91d16fc01884b02d8e3f35640eac534df412b7568aa38a5cfd1ac8a80e84b5	b53aa5fc5a2e194aca15ca28474a02bb886a7a08a47e6f4c252115ca07d8a599
000031	tst_000031_Up_8.bin	up/8056e897_nohash_0.wav	8	1a3a7fa8040ea930a149536daf54f72facf5a4cd9baabe624663af9844b0bccb	d8ca77fbb60450d305ead1960c3a621fe7c01bc660b7e71304849dd38ac89f6a
000032	tst_000032_Right_6.bin	right/7192fddc_nohash_2.wav	6	82dde0dcffaff196dec71841cc592b2da371a368fcb2d2fc1c4c3b3920cfc0cb	e44a23fd56873a6f3925f170fb02796e0b55b5fe9b91dc8f13fd8e970491f23d
000033	tst_000033_Stop_7.bin	stop/cd85758f_nohash_3.wav	7	e07f4b0be1dbb11d5f430a44563e6ea53a42eafb7ae8f8a54546c0966dbaddea	e274019e1a488f8deacc30a269537109a9e3003aa78fedff70aacdc0d60d48b1
000034	tst_000034_On_5.bin	on/b49caed3_nohash_0.wav	5	db371ce7f6738dc8e519dd3eb8d2c023fb151473e03ce97b62241500f4f7331d	9d4be6b814e3d42c768103c7f4105b7e523a3dbdc987d38ca512e4f8d51b5148
000035	tst_000035_On_5.bin	on/3b4f8f24_nohash_2.wav	5	b2137def5cd76f03b161be510124e0617f6c88aca91a99eb1142dc9ba11011ce	f3d0480b1eb6305532ab9d2c96b092e105b44750fe29d8f8e122329884c4d196
000036	tst_000036_Yes_9.bin	yes/e1469561_nohash_0.wav	9	d19194d83e12764a1bd20b069e3df08b5419ac75aae725285216f67bf4e1cc6b	ed4b7a1ad2119cc5e6637e0e76da3355ab34fb04089f9130b5dc4833a2474fef
000037	tst_000037_Go_1.bin	go/dfdabe19_nohash_0.wav	1	88c8398de649a741e86feb589156425c30bf1846d7f44771c5cc73f25c0d7a3d	92f2527cf5bf017cea8b69e8f762eee7165b72158791b820e7141fda4b271a94
000038	tst_000038_Up_8.bin	up/8769c34c_nohash_3.wav	8	9e77ebbab946a2b1dad958df2a9eee882e66ec18ab437653b9d947fa9296c155	c320b095f4c20a72a846e480aee7461ff970516572819c315d506109e03468c1
000039	tst_000039_Unknown_11.bin	_unknown_/forward_893705bb_nohash_4.wav.wav	11	cd912c92068778172fec70b83310dfd68658477fcbaac137ade2f4ef182108cd	019f892ea8948ca80d9f37e9baebe24ce16b8e2ddb20f6b03cd914f1e16bd598
000040	tst_000040_Left_2.bin	left/3efef882_nohash_1.wav	2	7361d8028d5b8e10efce956fdca7be8f0d4bef3ac45f26c1f54cb6dd1edf879c	b4871bb5fc8713de5e01dc443592fd982ae8c3a0a6ddfebf24c0cbebe893db9d
000041	tst_000041_Unknown_11.bin	_unknown_/happy_d1a4fb3f_nohash_0.wav.wav	11	ee2b8809133f5d462b797c42afda95007da2790325a331b1cffc4d4f57cc2b5f	551b2858f41224a7874bcf79afdd00e08a175f5474018393ade72e64af244953
000042	tst_000042_Left_2.bin	left/cc592808_nohash_0.wav	2	1c18564b488435907c16cf1b9f2c3a48ec2b7e64341b500e529a089a733353f6	cc1520c81034e09eafbef31b3439a7e7fb29a4e8624037dacaf3981fc8f6eca8
000043	tst_000043_No_3.bin	no/1b4c9b89_nohash_2.wav	3	3ef5184a5ad8036ad7193d428c99ed77c3eaa7ce16ce5cb3f612553da5324422	e5cbc46e4b043402ebcd08c71e9cff153d05229a353c6f5713eff34a0f6a0225
000044	tst_000044_No_3.bin	no/cd85758f_nohash_3.wav	3	490a23fb4d2620400a6f9be965b0c6480ffffb2b05ca2a7556ba6cc26691e443	65c184b91832f08993bce2784997bb8ced393e76fa6bc1b6fd63a53b19d5cba7
000045	tst_000045_Stop_7.bin	stop/5170b77f_nohash_0.wav	7	0e6cbccb583be7a0985e282014b575936ab905aa499d2528f09f544b7ecba89e	28357354a120c9b7f0a46b5347a89069abf95f61fad6fe7912fa204d9038deb0
000046	tst_000046_Unknown_11.bin	_unknown_/eight_893705bb_nohash_9.wav.wav	11	9f0f556b74b669669b654014811f9f91298d33e46612232556be2a2061017c8e	7a114836176da4998505f25cd68bd01d31ff19c4300a4400d9622bba659c0350
000047	tst_000047_Down_0.bin	down/af130f12_nohash_0.wav	0	018982e2f7a55bc5d3fc849604dafa6c4b2211d400cc3c9269b2457b5ff19a1c	a53c3287cbc1bff94e77cd84dbbd5634e749613fb3acc5747a6d0124f4f0d6e8
000048	tst_000048_No_3.bin	no/e0c782d5_nohash_2.wav	3	30cdfff01247039ebc33841b0f0c8f37436cac2b8b1b538f8400d78b354851f2	8efda089902b517acfca0e0927225dc18db485a0a1013ebc57f6aec8dcfd94ad
000049	tst_000049_Left_2.bin	left/c9b5ff26_nohash_1.wav	2	db917c4923080ca48a733f334981e475c45c8993b105a2dcd0327ce776ce1fba	7b7d3475e6f0c87ef5a74047fa0296b7adad249de00eeda9a4c7f848c5093be6
000050	tst_000050_Up_8.bin	up/0cb74144_nohash_2.wav	8	881a2c08ed532f9b810dab817d8305c61c6be83e8df58b60e7b3f5452d664ad0	a4bd2bdfd0f3ce145f8dd8a7a2aa0df4051522472edf0dfc8719b21a541f6a93
000051	tst_000051_Silence_10.bin	_silence_/3551.wav	10	83d70dad93c7adfa604ac48f407dd6ee801e7c10f6a93a76b20b883f684ae977	5c757005d13abbbdc505a477209485337beb98e42deddb612e5157bbdb1eca91
000052	tst_000052_Down_0.bin	down/18f8afd5_nohash_0.wav	0	5a117819527d00d5b9a76780eebd5850ec00aa9a7ec2ed8b66a3674abf47ab02	e06025f5e6af9bdc4ce978e3ee5c60d6f8f21773a692606ee47121b10403427a
000053	tst_000053_Stop_7.bin	stop/c7124b73_nohash_0.wav	7	e729aebfd0eaf072b9148fec0d1193cff38f9e9345573d5927cfe719bd3f8a43	487c63f6d90d51452e80ed5d5e445b1cf193b5cd29b7e859719960d8e2249829
000054	tst_000054_Left_2.bin	left/2796ac50_nohash_1.wav	2	76d0121eac5f7de80e3ed9cc03b2b976329a85d7e625904c4db1dace7c9bde44	8f8cfd543412c75fb86f2131777ec07f52af0ff03b513eefbfa92ff2ab4d88a9
000055	tst_000055_Left_2.bin	left/3b4f8f24_nohash_1.wav	2	46c5e27f0974e6ff30115ba1316a7ff1523c40548cbd8a031a10360909a3ba08	88d1e8cacfa8102cbdf4ad7ad93472878599b0979b8731316a4b237ec88dc25a
000056	tst_000056_No_3.bin	no/a7216980_nohash_0.wav	3	fb5f4c9ab95c65cd63bda5632fb31b09b5f3ca1739eca513498caad8e2860a81	7ed36044d4e9686a919405149a1ea0793fa27b16ced6f7361fb0a299d3cf3bd3
000057	tst_000057_Off_4.bin	off/91b03183_nohash_3.wav	4	87eeacd5040978ae2156b8ea2c7cb85e869e629531db98f22f9a3bc00ec820e7	74811c11698eedc8eae2acc1e7c5108d7126a64d86cfe7621bc085f1e301bbbb
000058	tst_000058_Stop_7.bin	stop/3df9a3d4_nohash_0.wav	7	6b034cf282aa8dbf91faa4f528eb44cac1bbbae5013197ef306956e697cb43c2	a8d4f3e22d186d334af2238d89907e4e6a3a9f20de882a014c6fcecc90c5685a
000059	tst_000059_Right_6.bin	right/d5b963aa_nohash_0.wav	6	04b370947924f06804c8ff58851d00c133ba8651fc727016549d90896a846d7b	4da795ee465c9e116959dfaa46276bbfa14b476c36bcbdfd0cc6fd6d59f3d166
000060	tst_000060_Right_6.bin	right/6f689791_nohash_0.wav	6	91741b50ccf8bb5e1ee21fd5c8e3df990c55d630692ced096c470d33b8e36605	7b8feed9b95d550a874d2928cca238d57c0fd7e1d8c9580481d2cbf1521fd448
000061	tst_000061_Right_6.bin	right/6e916de8_nohash_1.wav	6	38802c4fb7f608b572cb9fa4ba9947856418b8d31488004b47ac1c4312d72dd1	d72864da4046cd3a6489ad0c46cb851c60338712823cc0585cd23c2381c22fe3
000062	tst_000062_Up_8.bin	up/cd85758f_nohash_0.wav	8	ef800b9ada3a8f1f0a1f7cc770686f25b2368d37e7290ec5f481b7fbd58ad372	3f6684648601dc5834c0fd9a1e0c50611444b087e6c6c4c8585771170a464145
000063	tst_000063_Go_1.bin	go/c0e0f834_nohash_0.wav	1	5825f0c27984e713104e249ea1311fda0d7efa6009e3caab98191fa540cfddcc	74bb312b74ecdbeede8eb36891aaf0ca74266314d24d0f13f9bac175d75525c0
000064	tst_000064_Yes_9.bin	yes/5ff3f9a1_nohash_1.wav	9	8c6b115163b3a360085495ef16dc632c9ba36965a19720847b0827f63f739b25	3c54c5541c63c5a9910fb7cce753f747629b1a6566fec10250cccef34c2899dc
000065	tst_000065_No_3.bin	no/9a69672b_nohash_2.wav	3	0d761988c12901504015677ea902cb5ca5e6cbe974a1878214179e8429e7306b	bb5c986cc26fa08c22a67cf5edc0da92c5c648b34db20f4eea94b376e4bb746f
000066	tst_000066_Go_1.bin	go/db24628d_nohash_1.wav	1	004cdef001b354aaa6daf60873fbc2bdb2eb63eb92655c02dc0b4bcacc04d6b6	b923be8f0ae7aa4626c1a014f0629d02266adc74bddfdf51cd3bc3acc33bc572
000067	tst_000067_Stop_7.bin	stop/bfd26d6b_nohash_2.wav	7	16fe8dab30a7b0f6ea26a596dc92b1acf722fd10711b30a9c0135bb80bd9c2b5	a87fd6b963ea43fb75cb23bf1331283352f015766558f722b7185f0d75bf7346
000068	tst_000068_On_5.bin	on/a8e25ebb_nohash_2.wav	5	b6e759cca81fe1a6f06e2e8ff9bdb72c26240dc5fb286304f3bd9f66a6ed7d10	f1ec7fae70f298e2e57f83cf27e3d77ba2e177ffad16b3fb8acd381c19a97497
000069	tst_000069_Up_8.bin	up/f2e59fea_nohash_2.wav	8	482687452a4b10f1a47ca67bffc5ea80eb923b0701755d8238016007a8759152	e285d79c77fa1fb6a3f2da9a73c707f826473775f27f2a20fbc7d82752cd81a0
000070	tst_000070_On_5.bin	on/5ff3f9a1_nohash_1.wav	5	d45c85ed90397e6fca7c797079542a53470be67c20728d33accde29422656047	67f5b68b5c0f8512518afab7f8cb2795e95d86070b4b9b24476d709d20995c9f
000071	tst_000071_Yes_9.bin	yes/3f170018_nohash_0.wav	9	cbde1beb8697be6101bd60effa1b968b5b7680bcada78c8484eea9c5a68a04a8	5d216853251a97917771c5db56f22d141696648705f8a0c536523920432f37d2
000072	tst_000072_On_5.bin	on/189cbabe_nohash_3.wav	5	97c04768b1d64246f0c0b3af9cda56ef2a1ff6fb568362dab7d715d948cebcfc	e694c1e4779316290eb7ba1d6e477ab3e08821935e697db91bce66a628052e69
000073	tst_000073_Go_1.bin	go/1b4c9b89_nohash_4.wav	1	f1f4e3323cc8d7158d77499fec252d222d765e7387b9ad6d86f6e5851181611e	e31dba02ace998a2d956bd2bf28db51207eb5ce294ff522657068eb515e80b24
000074	tst_000074_Go_1.bin	go/ca48dc76_nohash_1.wav	1	d71878c476eda7b9c15586dba907d14d5ab3a3905d39901e83e72a2239d56770	4ba5b7ecdddad6213915416249b80b73cd41305036f4e09795cd56ccb72114ef
000075	tst_000075_Down_0.bin	down/bb05582b_nohash_3.wav	0	73bf65135b0345bfe24205eec10dbef100016304ef05c2c93321412f5f05a48d	ee1b3befbcea8e08270cb2cfddffc3cdc18be7eec89f9a521b818ce751638db8
000076	tst_000076_Silence_10.bin	_silence_/2924.wav	10	22f2e8ab993c9b4c77f7afa061d71734151c379778eab2278ad24f3a0c8af374	d52681431ee54d1700dc0d8ddd66a6e953e6414862f740f6ebc9a507098e8917
000077	tst_000077_Down_0.bin	down/bfd26d6b_nohash_0.wav	0	138191b0df880bfe119aef2d66e358d8a241c57437389b606875a2fb6cc23ec9	a067b68824d5935b48656f402ede9dac3bfb82d83bf8ad6244fbe84c2491a00a
000078	tst_000078_Up_8.bin	up/50033893_nohash_0.wav	8	6926d2cbb55e1b37b82c65f8093b8733b855a0bf66fe6b22697886a5670c4328	1d929f8380cc8968f6024d0be488749fd8b54450ac359d39349974a470feb694
000079	tst_000079_Down_0.bin	down/cd85758f_nohash_0.wav	0	ae81a19ef5e322c0e0ce6ac864eb80e07af1d44bed60df14a7efe5b79bd15378	87cf705c17f7285f0c99fd000582b42853ea3d14c954cad4a12c66ed1f65819a
000080	tst_000080_Up_8.bin	up/9e2ce5e3_nohash_0.wav	8	fd0b4ea5834b3bb8c7f6eba2c36a9de9f23b25ed4bd01a0f06d123bc73fa905c	14a6cf47bce904b1a8bca62e9f6580ef3ac923aa11a06393410156e822729e7a
000081	tst_000081_Silence_10.bin	_silence_/2523.wav	10	fd53fa867191edd155f2184e6b2e1359f5d20dab6dc74702f22046680e081e13	33d6bf7370b5511e2cf167865d071b3f95f9881ed534f18155de29404839beb8
000082	tst_000082_On_5.bin	on/d9e9f554_nohash_3.wav	5	7541e6a2948f303a1a588ecb616a5950086e78fd02bb793f6376c30cc9b73364	1c99c73b7fc3721cb2e06fa536b9fc823ec643a23a16133f368c6b777291ecb3
000083	tst_000083_Off_4.bin	off/b83c1acf_nohash_2.wav	4	8d222f4a6fdb7e7b6ccbc273501afb9e6031ce289ecbc5a746f75215dd167c0b	7d2196ee697862e6ad9cd003860ed5c275234ae4890d64d7ce155289f7e813a1
000084	tst_000084_No_3.bin	no/24ad3ebe_nohash_0.wav	3	cdbeba10340d1348763f0ce419c95081d2c4424c13fb26c4b846ff54372e71ef	0ae09549c6b85bf76bcff116fcb0e746399cef33ea60ef39e597b8fb4f460efc
000085	tst_000085_Silence_10.bin	_silence_/58.wav	10	b2d457bc8061db9fd588a271989ec4a33fc56445aa5d39862461e953f709f653	a684fc55c21d0210d38775be102d2969dbf6427290ed8361e65fdbf024f6de9e
000086	tst_000086_Unknown_11.bin	_unknown_/five_2aa787cf_nohash_1.wav.wav	11	f5e6eb5d976b6460278b12b881f79799042a4de96b104c90511a6de1144d1241	48efa1765560d8186607cc4357b5f9e63f67bff7dcddc4528edddc75df535851
000087	tst_000087_On_5.bin	on/7257420c_nohash_0.wav	5	67f0286d87b6094b2520d4a5cf74431a5e7550997e9111c3a0fbd57b53432026	8b7b6a71ad175f3234d6c43a346a579e4ab55c3e1f6da90f3bb0ce698107be3f
000088	tst_000088_Down_0.bin	down/b97c9f77_nohash_0.wav	0	01d4bbc70c02293cf6b032d8999ca05cf85730fee89aac6421f8bb3ca4c92735	421dd0b3c792eb6600e16de9a717cea3a1b3ea55bba543de0095a9f3ec203073
000089	tst_000089_Stop_7.bin	stop/ffb86d3c_nohash_2.wav	7	03c4b15d61476d6bf19f8c9943580bb8a10f5f3fc42ba456de6bbf94f0df97de	ffa40301e83a6b185f44ed4c9c92d4f2715f381e2f10d41dd3a51a0bb9d01b16
000090	tst_000090_No_3.bin	no/3b4f8f24_nohash_2.wav	3	40762542120d8a2f7a632521962bbd06d70e90ef15ff0a2e421277fbece3d52a	7979e51bd071d0681633403644b90beb4a8e69338651ad920888433cacb9bb04
000091	tst_000091_Yes_9.bin	yes/e5e54cee_nohash_0.wav	9	b5933bd0e01ca79ea4cb05348829528bc06ac501c0732991a4f7e8c5620b1ef8	2c51ae3445b9fb966bf3f4aa3302ab75a2785507e9a4575cae698bb678d516d2
000092	tst_000092_Left_2.bin	left/87070229_nohash_4.wav	2	8cb129d4c44fb14662359ca31470457ac720b928f1d3e0a1fc8f423d4fd4d0d3	07b3b2180cbb7ef48692a7c9ffc358c718cd6187fd9973bb39c26f07875cd2e3
000093	tst_000093_Go_1.bin	go/1b4c9b89_nohash_0.wav	1	6df61e04eaee0a29f87b540cde176282333828481153d2c6b1f9ce81b11441f3	0d0a28ef3d0db4aa0c02f703290797544b89373007c1cf0d15b0e94dbf5d4efb
000094	tst_000094_Off_4.bin	off/f2e59fea_nohash_1.wav	4	7dbc72d679cdef94a214f0ee26d4dec676ac2ce2d785de5135b28c6c072e1003	b578a7be6066e3ada28f5eff07afbff89e65fed8121d06e2c9e23f84cc4e11e2
000095	tst_000095_Unknown_11.bin	_unknown_/seven_e49428d9_nohash_3.wav.wav	11	6438fbd4ff8f8e77c9320c0b16152258be98a77ed78122d1e8ed3aa04883fbb1	4242688015432d679651ae515276550f08b5876ca428dbe512f3cb9b104fa502
000096	tst_000096_Left_2.bin	left/cfde27ba_nohash_0.wav	2	01f7d7ff8c8332a70942536272d07fd403e755e2c830eb3c8b47da747daeb281	d817a8a1f885249c9265f8128a3ac5596010d14468f1206e14fbbabad3023116
000097	tst_000097_Stop_7.bin	stop/b2e2773a_nohash_0.wav	7	c2021d9adfc5c77957869c98c43f95d753380f9b6821b3ef4d4fe11df3e5326b	4aeb52d4a709e6ef5aca7d76476a3cb5ff1f67fc6fd848f709755ae2beac5090
000098	tst_000098_Yes_9.bin	yes/1acc97de_nohash_0.wav	9	610dfc839174ddfba84838ba5eea2498663d7b546f144345d7eb51770b4b8c95	10cf9d5e13a3ff7c631199e4ca67718c56fa9ac083a90aef7a3d3ca37455da92
000099	tst_000099_Left_2.bin	left/5828dfa2_nohash_0.wav	2	35cc6d3398c81f9f3341a4e4af236a1bcf826fe3750005238e57e893a618d097	fcb0084949014c2a3c2d5fec7b5707a045907c474b0c2d3713c5392c0c0c1259
000100	tst_000100_Silence_10.bin	_silence_/4352.wav	10	1a521b311440880bbf45f9a11035d716c4486d887453c64b34cc2e7855d56b31	86fa6eb29b1fe8b892e0db8602e1e718bae1abf5f37fe0fba41561c563c75772
000101	tst_000101_Silence_10.bin	_silence_/2843.wav	10	bc2b499967eac4aca3a6dd3ebe704e8d23924bf9fab604bc2c54ea99e7889f18	2f47d672c4e4de29b68a2502790e28efe2c5f5a8171d2e0c9475af0775c951f2
000102	tst_000102_Off_4.bin	off/dc75148d_nohash_2.wav	4	74807d31d36a1d3c76ef1c873e9a5152aea8f36204f5a07a6634f43255900c51	ecd59c125adc41a1d57cb624b9680e4d8ef5ad8c0615a4f8fcbdb34a7b83dc9c
000103	tst_000103_On_5.bin	on/e1469561_nohash_4.wav	5	84a7e3f162c21962c1684c59d316cb24e66c9094a9fcae8b6b001bfec01ae313	eaefd93ef84963e3e06767794c3f80e8fd03f7e1025426902b0136e876a23abe
000104	tst_000104_Off_4.bin	off/8fe67225_nohash_0.wav	4	ba8333c22aabb2842d396a6479c8e2407f75963cdf6b5db14b4efa2fb49fd57b	f09a081a492250838e04210e0cecbeb1351f16117705111a870a083eb5a7f371
000105	tst_000105_Stop_7.bin	stop/9dc1889e_nohash_0.wav	7	429de64d5f67a72a0db52ecdd8722c0aa5023cd648d418aad85ce1a68ec9e869	c2dc586097de6782756c13e83f50a2aa88b06e67241365225b5d7448f83c2f4a
000106	tst_000106_Stop_7.bin	stop/b97c9f77_nohash_0.wav	7	f2e9a0258f447569ee64b3e2388179720266e1e56c69221cd0ccd3d96d2a8b10	22e762d963b1beb71c0722f24040e172a9c258d90cf820d139e034694af8fb19
000107	tst_000107_Right_6.bin	right/a7216980_nohash_0.wav	6	b5ada694001f7905149c217d1ce07f325770da734fe250d86500a0f313019c63	bdaa7a4fc153c011c271832f5e7b2a0576133721aee4b4bba877eebed710f61b
000108	tst_000108_No_3.bin	no/5b1db3ee_nohash_0.wav	3	e30c93e8b23034309668b1ef0e667b69c923fde948e6d52b9d548be0f0b44f99	dbf88ce7b51b69ad67504944a40013dad429d410b67f3d198e76be4cf12c2bac
000109	tst_000109_No_3.bin	no/9a69672b_nohash_1.wav	3	3891f740038a454e4c19595baefc73327853d9f0ab45c7c01e35f37d3f8a876d	d400e61ca6edb7d64c2cf184a1d5ba4990c1022e47419cd2b0e60544605d75e8
000110	tst_000110_Stop_7.bin	stop/e5e54cee_nohash_0.wav	7	88c6a588ef596516438ac147b81d2fa2b7590f6b323709a170ebffe268b53ecc	8029d2aa2510e0535a2378af9d99fb36917c9a758506982bdfc9440af9af8944
000111	tst_000111_Silence_10.bin	_silence_/4466.wav	10	98c810beca35f4c76306eda86c7eee9d3c491098cd97d28a19948c2ab8d5d488	1fd3d8c0594a6e25db22e96d75602bf4f0f404598083d1466660cbda13d66cbc
000112	tst_000112_Go_1.bin	go/8fe67225_nohash_0.wav	1	e3f866a182d20a009a6a9b37d2bf65a02d1fdb06b686ede37cf43cbba132a099	9f09549465cf97bfac5a0838756ccd8fd9b478586d69c66160867ddd797d062a
000113	tst_000113_Silence_10.bin	_silence_/4767.wav	10	fbf5b17726b82b0bc9776efc2a7093c960e37507ea7a365704b20335c0043793	fff3068cf019b9fea32694437de301aece03e3a1040787a43a56f9e8038a6c53
000114	tst_000114_No_3.bin	no/3df9a3d4_nohash_0.wav	3	b7c2535a01838deaa268ff4a26af85308433b7855d15e4a9701ee62b5874a052	a2a06933c2bb5bf1592e9d81b0bd1b77b5ecffbc873297a4728b7483c18af867
000115	tst_000115_Yes_9.bin	yes/6f2f57c1_nohash_2.wav	9	9b681bb0eb8882d63124ad370d69cc7ed60887807535d3f6b8cc83ab92da5495	5d6a1809f1bf8e9238b9494e253765f8ecd913fd88b63be5325d34026a368e62
000116	tst_000116_Left_2.bin	left/9d4bab4f_nohash_0.wav	2	9b7af43a0651b3fcf55bf951215168a4d7df33f917adfd998a8d9b871ac43144	e0b6081c37903f4f33ca2f5aba724af5ab6cb21b98af58b5ed1a1900760d2c84
000117	tst_000117_Down_0.bin	down/ca4d5368_nohash_1.wav	0	3998a3563febff37f81b10817ecaa1de3c7ac33f607c6688941bde11afff83ac	e1be038216b0e836a421c8f035839401dc0c7d8f27074fa88fa7d39e1c9841a1
000118	tst_000118_Go_1.bin	go/a7216980_nohash_1.wav	1	e71a58c2b4c62bd60ca6265708d8e16b433c282717ade077a48cb528da52a4b9	b4151008d988f66272cb30230d6fe015a338061a02248265568b52faae71d492
000119	tst_000119_No_3.bin	no/8fe67225_nohash_3.wav	3	e1bbe297a92b81b1bd7c80cf88d0376cb47c3051c593481121ffb5fa48a2704d	081c163e6ca52ef62475c0f1943a7828a690b0f0fc352c926def7e05420428db
000120	tst_000120_Unknown_11.bin	_unknown_/six_27c30960_nohash_1.wav.wav	11	1c6b9ebb82ab45a4507d119da325c7c837d2578feba75ba7bb68ae0c529a57e4	c098220752ce964281405384c58b348b3764685a5bdf39fecce6ce4babbbf0d6
000121	tst_000121_Go_1.bin	go/97f4c236_nohash_1.wav	1	71233c952ee00efe18c46b76412889768c35ce99c12b1a6e0d4bc7ca26b7c3f2	97991c7ff5cc8f1d7432ceb91940e2b56481c2296d3a541535b31a0c8a11400f
000122	tst_000122_Right_6.bin	right/f9643d42_nohash_3.wav	6	d6b2474d28fe4a4aa6887ea6817552076f4ead128bb14e502ed6f96f193a8121	a2308e968ab8d3156abbb8011f7ab150bad339c3e57910740e2c259fc3f9ec13
000123	tst_000123_Right_6.bin	right/95ba4996_nohash_0.wav	6	b329a0201f6e1761deae562f128488bdd622f9b97dab2ac0456745e70f93fca6	ce0a58eb8e50cde23bc3f8693f094792c845deaa39a24b83dea77dbd1209413c
000124	tst_000124_Stop_7.bin	stop/fdb5155e_nohash_1.wav	7	f7ee069866b6d0559f4c0e0807f2413df0a3a042c9f88af2f515d7a2906d1e8a	45b49c592accc897c6b4c9a469c9f7536dcb43c1e01737c6a76bd991963735bd
000125	tst_000125_No_3.bin	no/9a69672b_nohash_4.wav	3	fd4806aa85bc59fba601ec46e650d02c18a3db82380c678342ed0602c8b74cd8	ef397fffd24a7ced5ec71d3df5a12e94231b94354d848492505d57843a448f44
000126	tst_000126_Off_4.bin	off/4620dc14_nohash_1.wav	4	decf1b4a02bca23fc7a9f7a8142486b1d248ea20399c91c3a6d685e97e6a9f67	4e8dc1a9d5942a4a7c16ea87b4fa5e88f0e2f867c5f0cc921f306fe74cb39e09
000127	tst_000127_Right_6.bin	right/c9b5ff26_nohash_0.wav	6	a1b4ac8f7f76b2c7fc1ff2c1173c39f6e25417a2aa69e719343d6e0fe9b02e1e	b1ef71a2c6d263a438456c6a70554444ae3501da59a1e78041782df442e121af
000128	tst_000128_On_5.bin	on/91b03183_nohash_2.wav	5	a8b568c67461923a58d5e92b3f5ca12ed460b7aecf0b29cc4209dd18db02af0c	9ace61edcd747908a415357d45a2e2c563700cf01ff714c94409a2e3d482ee43
000129	tst_000129_Yes_9.bin	yes/964e8cfd_nohash_3.wav	9	5fd21dcc3218b3822fe0ab7636e8828520a859461352332d46acce43c60fcff5	a3f17ce5e8f4e794d8c826f67e8005f04884925fb6a52d1ba4a0dd1bc6e653e0
000130	tst_000130_Down_0.bin	down/d0faf7e4_nohash_2.wav	0	fbae8fa1fc9936bd1c86e603f85c9aa3835547b8878291ee77ecb5f41d49b281	f288c4dbde5877fde3f5e35a1745abcdf45a4a1e6030483b83e662409ec8f052
000131	tst_000131_Off_4.bin	off/f17d21b5_nohash_1.wav	4	7e9333b939d490e124606ba15cb5990c7b1104dcfea9d59420f9308ccd66b4fd	2d00932260105f5d0781d81b42d55be5d38f11c7dd6bc163c4f782c991c2054b
000132	tst_000132_Yes_9.bin	yes/97f4c236_nohash_2.wav	9	5fbacd44c96226da762bae4e32baf787531db77f435200304e1ffe7a2a0b8454	d683f9ea64a4ddf80a5ece1f7b1effa2e5c6f4d2b46c3aefed6145472a3a7498
000133	tst_000133_Up_8.bin	up/964e8cfd_nohash_1.wav	8	b50638b0b6b24f424f25c4f3c4f5c9ed9a7389dd41ed0e272f1ccfef46430373	aac81d3b74f9334e3064885e47a663599ce33c8e3a3ea5a217234298036abdd7
000134	tst_000134_Yes_9.bin	yes/d962e5ac_nohash_4.wav	9	749b066c78e30b601d1d4962cfd4badfb34506b86a1e4d6e9af0ceb0e39dd26b	9b64d0ba59c8252c65a46807587ae13677663252e7199bb16ece8a9ac47bdb31
000135	tst_000135_Off_4.bin	off/8625475c_nohash_0.wav	4	3d60278cb9b4dca8e49cfeceede83ef26b73a7a20d39d1a8d439a47951fd4279	4389268ca6ab392b0458af560c2a4bede7691e780b190f014d2a272b1c445682
000136	tst_000136_Yes_9.bin	yes/692a88e6_nohash_1.wav	9	6b533196139bcc250ac412163db3278cf8b7d42727946655938c7e0f566df11f	7bf4868b7f26d7819898d7203fd2e986c87b68b8c26db33f396cd70534303d4b
000137	tst_000137_Unknown_11.bin	_unknown_/wow_90b94017_nohash_0.wav.wav	11	e7966dbbd4b60bf220a17a01698bd109d8110db0c0e0a2cfe5a35ae29be7948a	9b9b1a37103883796a7b40e38c8e8826a4bfbb6ed452a8570e13b1a6409d159f
000138	tst_000138_Left_2.bin	left/563aa4e6_nohash_0.wav	2	966376857dd787c1445de1f0524c8df6be7f5e70f6def7b6719c8fcf707f68ea	c18ed25468f940d25296842307cac30f5805faa88e47f8204dec80ec63a23fc8
000139	tst_000139_No_3.bin	no/18f8afd5_nohash_4.wav	3	88918c23854d50fa7d86ec45c1ae932f589ee33a79c7c95f47d170600f56cd21	437443b5bbdc4a4fc80608891ddc5e5c061c5963bd496d436ef21b6f075cb468
000140	tst_000140_Go_1.bin	go/37dca74f_nohash_1.wav	1	62b147d626f453ead11bfe9f3d403bbf0bce7963c0c324b5921e39407d95b385	45afce4a299a65da827e7d6d226e0ac3089558c5008892360c2de1f5d7133b69
000141	tst_000141_Silence_10.bin	_silence_/1181.wav	10	e428e1a72fbed1609248a051565e8d60202285f98e6dcb88d151445f660c1b2f	f794868aa3b35129681176340e0a9786035c752db1e0bbeeffea76c988620f63
000142	tst_000142_Unknown_11.bin	_unknown_/two_18f8afd5_nohash_2.wav.wav	11	885ec60dd9887132959ea2006137498a33a40d55792dbadea2c917741aad4884	d0877bc74fa71a68240a626a082758187c838311d406fed27b0c272cbd73a1e6
000143	tst_000143_Left_2.bin	left/9a69672b_nohash_0.wav	2	88ceb1a8014c5006ad2942ae49e028863885142a3e98f187751df7d8ac8a99c9	73f1388abc757d211efb1074028bc082d6662611f16cb6412965b751f960857a
000144	tst_000144_Unknown_11.bin	_unknown_/three_e41a903b_nohash_0.wav.wav	11	bfb83ef1007c9aa99d298319c4c62b6dcf699869344cec10b93bc07ee6f966c7	b80760f5c5db7aedba662fd2783c2050abdd24b44ed02781788547cf7ad9ed83
000145	tst_000145_Up_8.bin	up/5f01c798_nohash_0.wav	8	c922d6be1c0dd8b6153c4cde38b0d2d6ca7b7daf9895e389961dd35b45df80e7	92f49fb661f236ad27a7bcf208d2a49bca80b9a043d61e7db6378ad9b9cbcf26
000146	tst_000146_Yes_9.bin	yes/d5ca80c6_nohash_1.wav	9	cd3a5b8536a77bec6d965b764d392f10ac0804a37bed2bdcbd6db54c53243e81	4c5b79606503be7cbf51f906acb1c2b199f1f7d15439f295a9df72c8724fa989
000147	tst_000147_Up_8.bin	up/f0ae7203_nohash_2.wav	8	7c449bd07a7afa5483a3beb79ad610bdecd735437588fe204bbf277cda082f40	834ee9d6459c9e1b8ff2c45de6fc31d72d8433edf90053e6baa15826b67b6d04
000148	tst_000148_Off_4.bin	off/26b28ea7_nohash_0.wav	4	f05472ffe528aa64eb2b90919e61b4325b1e6e9f0b6373f2c2cc203e922f8cbe	7ece37417e0870a99b1a2db5d549ef47c2cf82cf79354c47238b7c03682b572b
000149	tst_000149_Left_2.bin	left/a60a09cf_nohash_1.wav	2	236dda5cf65f16674d5fd6376313d4333a0a406591fcb97170694c444a16642e	d58c276a79965f97d92d4d24f52ebd2fbccccb65f0031528d3594d46c6abd476
000150	tst_000150_Silence_10.bin	_silence_/3826.wav	10	6d2a7b452981df3b8681b57dacfa6ec04737729582a8b64fd8f045ddab4e9d15	2cb6da8d576f707e10eb42c9f29e023ceb2fbab52190cde0367b761fcbc5afd5
000151	tst_000151_No_3.bin	no/dcb57584_nohash_0.wav	3	ca4e3fbd1c0368643527e66a0441c367fb4bb989f768cbdcabbb99524730f86b	36c2f152c20453f88a477493a176f14e40c1f09ea2664c1aaf1f81a74c166e29
000152	tst_000152_Unknown_11.bin	_unknown_/happy_d91a159e_nohash_0.wav.wav	11	4d2456b5adb693edb1d7b8a2f7c5b7d749dbe672d407257d847a8cf8343fb185	58b65900850a1036f2b839ad923e43b13a7bc156fb532408a2377535a871006d
000153	tst_000153_Right_6.bin	right/1b4c9b89_nohash_4.wav	6	e2c1960019d9859bdf1cfccda5373adcc30f3858c6fd3fee337656c86bb565b2	ee83caaff37813dd8580dd983fbc59b4b56f61d03e60003684f9bfdb4d89689c
000154	tst_000154_Down_0.bin	down/5f01c798_nohash_0.wav	0	873147b00db746a29fb724cd30c5bbde4e778425e67fe2f91154b0c69bf366c9	5632cc7263bbd192cd11efcd4bb0ba6e5b2e1da8130ff45b0f110eb0ac09f223
000155	tst_000155_Unknown_11.bin	_unknown_/follow_aa80f517_nohash_0.wav.wav	11	1851fef495e8fe13fcafe16d6022e070018bda4fe2d2c727057bdef7c11a5d62	f0821101523642f510fad35d43e00c6957964896978e7e6e552718d2d9ab4f5a
000156	tst_000156_No_3.bin	no/ca4d5368_nohash_1.wav	3	48146bad5f57372f9689757a3d801c9ece00d733b581cc27730242e7ec5e4606	68db7a755bb9dd99cd232ded0e7b93fad29fdc96305d4d137688dcc875681f04
000157	tst_000157_No_3.bin	no/189cbabe_nohash_1.wav	3	06b7996fb5900331d4f2079a2f3606c90c6737f0937fcb7a2cdbeb9bb9ebfa96	4564eefc9b928ed8f83fddba53733e720f7bcf1e524697cf5dc5bf77a48dedd9
000158	tst_000158_Yes_9.bin	yes/105a0eea_nohash_0.wav	9	6ea7cf4c38cae3410e5284a4cc4bad96d7bc1bb8fd283f7c9be5ed3d09e36c49	17dd92c57f3edb63073d1efe4a8671aa7bbefa3106089412b2c9223d771be4d6
000159	tst_000159_Stop_7.bin	stop/d5b963aa_nohash_1.wav	7	33e72dc058807038e0e5ff6ff073f7bf995354b55fdd90f34cd8b65587711907	bb5ea581d8a8ccbd22404696a372d0d17aa80fea1937ceed4827aaefcfaf5e12
000160	tst_000160_On_5.bin	on/bb31b82b_nohash_0.wav	5	17cf85b3afb6e53fb2cf1bf1ac3204e32c8a2949e2737c036b12ceefec4bedb8	3412303faf70432b17e8496b03e07bf57002abbb52eafe26f5da8ef1416c238a
000161	tst_000161_Left_2.bin	left/8fe67225_nohash_4.wav	2	79361867618bbabbb086b5672dda75e38a52a63b73063446e009653addc5806f	009d0a2b1258b6746310f2d763eaf0de64319948446dbc34614b484d6651173a
000162	tst_000162_Up_8.bin	up/9a7c1f83_nohash_3.wav	8	adc85740b129f48f6a50dab04f09c1ccc7986d53e42175f7ccc4ddf1ca24175b	8c75073305e153f0ba81e22db5a909fc28e60bc779a525cf20ea41812a8a2377
000163	tst_000163_On_5.bin	on/8769c34c_nohash_1.wav	5	54bd79bc77fe8fbc3030753ac9e08de8c9d63df7a65f9915374a50e8076e01ea	3d6a8b7c8f1fc924a11b9f8f05154550c42ba31c6b39272fc68c735344949700
000164	tst_000164_Right_6.bin	right/d0faf7e4_nohash_4.wav	6	40c5581bddeee8ffbee773794acb1f25fb18152d4193eb1fb692ca4f8e1d81b8	e3277050f8344b70e44d10c1974120e9413ed7350a6fdd185f48ed93d0e92f36
000165	tst_000165_Go_1.bin	go/a8e25ebb_nohash_0.wav	1	1000cdd4ac6279c52ce005cd4b99b46bfd413f070f418b0227cf19aa3ada7420	391a8f9010ef224d4490826109547820cbe6c31b21c707a0d7351757f933f7b2
000166	tst_000166_Left_2.bin	left/bb31b82b_nohash_0.wav	2	9dc861b65d147bbea88292441faee1c85dc754c50124e28dcf5324c705936e1f	1f1caf0f62c3ac57958b456cd7944f6b951a1621c2903a3d326f73963eae91cd
000167	tst_000167_Unknown_11.bin	_unknown_/six_f428ca69_nohash_0.wav.wav	11	6bd6d84ab1d86b77d05207313247114c53349649a81580478705657ccfc7e065	9ffdc68a812f91206502aa24c7d5fd95d9b16c1878a47f650d233b066016757d
000168	tst_000168_Off_4.bin	off/37dca74f_nohash_1.wav	4	78ee023b7a73a1b1f45c9aee4feaf358b329af125eeb0cfde0dc03591bacd661	6c9cc4f9a308d5a5ae1612bf642e13787e6bc8f2d521798c7e2aaf6d0dd0e8a0
000169	tst_000169_Stop_7.bin	stop/27c30960_nohash_0.wav	7	938a0b057d5866eb45f82bfd431a07e2c95d86053a0f7f14ede7cf7ac9c1e212	fd5cda7a2ead3fd51fb84b614871323cd62528203ca707067a8e63b348100c5c
000170	tst_000170_Down_0.bin	down/370844f7_nohash_0.wav	0	a1bdb5212615b1891a50e5731612ec1032154d0c8399cbc9e17ef053e11486de	efb33a127b0365963b0c25308768aa6e1aa4d319a7f80c7b5ce626aa34f48f53
000171	tst_000171_Right_6.bin	right/0cb74144_nohash_0.wav	6	d02953cc5a3016c175f01b80e6710e75d6b85d6769c13c1df1e2a6aec0bd379d	c3ea4dfe46b2a9bf26bc12261a77f394ca8f696bd2bc24be62d317a12711c3b1
000172	tst_000172_Yes_9.bin	yes/ca4d5368_nohash_1.wav	9	cc122716606994fa38faa8f89fb52dcc0e9a254e96f49ad77a6623e4e01cd6af	4f5fb2a499c1a836d5da34ed3c650e9771c6a91fac5b63de43051cbf20c5e946
000173	tst_000173_Stop_7.bin	stop/2fa39636_nohash_0.wav	7	797e295930ab76d6e3bb33cbd928f0960ca6a2b0c60f622bbaf1bab485f0cebc	171a270158b76515c6ed56256d2a97b7cf2ef829adaddf45add88c8fb139b431
000174	tst_000174_Silence_10.bin	_silence_/4431.wav	10	478a5943170c560319b6225214610c1f851f76c20fa268a0c77a47229618de22	dcc0cbfc8cf7c71076c11d8dea5233513aca007ad8e439302f2213aa5e61ec95
000175	tst_000175_Up_8.bin	up/84d1e469_nohash_0.wav	8	9a797b72e702c2a2ab534a0b9a674698f2d7be4047a5bd58ee8e0abbc67ffc6c	de64b8bb887006a4f62f23724dadcd001a50375804c8856a366a45268fbfc190
000176	tst_000176_Silence_10.bin	_silence_/1695.wav	10	3d3b9057ba00cd49a64de2e7a543504f122d0b5155df8ced212eaeb352898da7	3524379b6739bb57720e7a9329f18a1f195c7f78d5cfa2616dcc0a3cf1a95288
000177	tst_000177_Off_4.bin	off/0c40e715_nohash_2.wav	4	4edeb5890a51860ab2df13fdfc24ad8ffbcf973540e2f89b7e86eb8948703de3	369b454e7b0b82cc20844b47d9d0d26a6ec4b5de4d83d3c69c5ed7d3952194be
000178	tst_000178_Yes_9.bin	yes/e41a903b_nohash_0.wav	9	32090707cfabe2921e0d7a93caeb252cbde1dba25bfaf3cae9bdf66cffb59c99	ef4ed0603bdb5e188556dfe2b261dcb8324fdccd316eb66520c248214a1324f2
000179	tst_000179_Stop_7.bin	stop/97f4c236_nohash_2.wav	7	9c70eda12436684651e52d2b7018995e02fa954499184c54bc6399199b97ee44	514b650d50395e6c60e9fa6ab0cc87a5a5ca697cbdc30f05a507bcb0a0cc4a49
000180	tst_000180_No_3.bin	no/94de6a6a_nohash_2.wav	3	1ed3081315bcefddba051146ee672bb1fccb8bd5fc2c657d7d4929d937ed0c8e	984646462c560de1412f1679da1193280f67ca476dea3606df04fa48f8d9b420
000181	tst_000181_No_3.bin	no/8ec6dab6_nohash_2.wav	3	ad6a7437b03af47e31265e2db6553319ed3560067e24446a2774882b7026f917	618566dcd4eeeb6c9d98932a433ad24506dba147da076a7e7466aca247a77fbf
000182	tst_000182_Yes_9.bin	yes/6f689791_nohash_0.wav	9	78bafd0f7397f71a818ad500daac63aa6b3fd6e4aa3dd35e4e2df97d52ebfc89	553a29682e1ccd88daba0329fbac7a1da7c9bcb847d73750b5917ae936a09080
000183	tst_000183_On_5.bin	on/f9643d42_nohash_3.wav	5	38bd66313bbe468b30d66287c4b4ff0701f7d208606010354e446b43bd4fbaa8	5795bdd6a1fc5f88e872f4362dfb7345a115199853c2bedaa78cf2ae4044afa9
000184	tst_000184_Right_6.bin	right/e0c782d5_nohash_3.wav	6	b7356c4b49b3cfb34e504d73b87c2e486101da1717a5307c6c12a2753211f2c5	4b2ef33d757450bb091cf617e83bb2fffdb9b6e044f2243ae729ac131017d6f4
000185	tst_000185_Unknown_11.bin	_unknown_/bird_c7124b73_nohash_0.wav.wav	11	2755cc3141a257c4719451469f4cbe8f8dd8060b44df8bfaf3271b289cb19caf	281c6e7f8ed746312db805d6c40936d781821881e801e4cc91d0fa01dbe57f5f
000186	tst_000186_Stop_7.bin	stop/f297e878_nohash_1.wav	7	7905e79d2cef3518ef240ac2a2ddcc1f42bb0edd13113ded3f3125a6f091d9aa	5b5f0a25615cfab02d55aae05818392c2c4470679e2e9b4fe0d827e1595f737c
000187	tst_000187_On_5.bin	on/8ec6dab6_nohash_0.wav	5	3d7c465080c9807980f48ad09d17dad6f7821f507a775f22d91850f63092bf1b	f84ddbf2d04fbed52671677c1092e3f5fe666b0ec53acb2a1655def649e38d38
000188	tst_000188_Stop_7.bin	stop/f2e59fea_nohash_3.wav	7	1cb6b04e91696f15054e21045f8adea08582fdfe8e91d60f0d4246a9e4113329	a5c9244472c7caed7a15f654ec4935820ac8e725416c966ead169e019dcf6780
000189	tst_000189_Left_2.bin	left/4c6167ca_nohash_6.wav	2	fd74edf8e91bee09688e0f0285d69e48e3484646e80c318db6ee8f09d7d45b21	8f2f7350ba00f19470a08d26e9c104bb23a1da7e5fe03d51c2f779f0432f8400
000190	tst_000190_Unknown_11.bin	_unknown_/six_b1f8326d_nohash_0.wav.wav	11	315eaf8ab1d01244232e7f3bcb925bf6ef07d2eb1b316cfb9da9b5aabb559ee1	7169d1d594751163d9dcf6ce6a9235d363b74dd8d3e3cf260e3d03f857d6f0f4
000191	tst_000191_Left_2.bin	left/370844f7_nohash_1.wav	2	b8df94e6f735291ea62c33a64cda2e3221f62f4ade9320b2b29db3d97e142f04	e63bdfb0687ef6bbc49be70ebf74b99fd788f6944199df231d01ea59de92c07f
000192	tst_000192_Left_2.bin	left/d0faf7e4_nohash_3.wav	2	d033246a2991a02624ea4f2038aed55fc9b1b9f3a42ff21bc18ac5092a9f119b	99dd869d48e19c5bc95615c3c9c41f37f3ad8505ec728211d576253da2b71037
000193	tst_000193_No_3.bin	no/1cb788bc_nohash_1.wav	3	e541daf4d4452aa42731df626d2264f4675024064d0732f98e5ecf42ebc978d8	0133350ca44a3294a674778a5a17acbaa556ed615fdee90b442335940ec52a54
000194	tst_000194_On_5.bin	on/8056e897_nohash_1.wav	5	7b90e5a3fade1f5e74159440b0cd57474c0e9018853efc3610916a5a6c386e08	dc9ba754fe3aac6ff9332a8779d5a77d1a06a522adfa76f7466bd7963bec2200
000195	tst_000195_No_3.bin	no/f9643d42_nohash_4.wav	3	21e2b640385e4a751d480a87ae5a1633a6ff00e838b0e2ad48b22f8034e946d8	9940d53ba4877c8cedc68cc44fb1018fc4f0ebaf8d8221d29608c977b3dc1803
000196	tst_000196_Left_2.bin	left/893705bb_nohash_7.wav	2	62a6bfb78c7474729b65b174ab672a148327c8e3672d7737c449271a88aceab2	fe83517e93514e118fc9248f909e94f82cd258e99afba190cb0710aecd78f44c
000197	tst_000197_Down_0.bin	down/4fd1443e_nohash_2.wav	0	b98556414c911b757426350574260cac046ec6fdcb895a1b949795fb7d0f48aa	e49679ce7a57ea300941449db4389dfb2a8a77346ef35793ad0a05378a2cb4ad
000198	tst_000198_Silence_10.bin	_silence_/1953.wav	10	2e5309c12cf51768b45afbf3a51ee81a8d6ba7ee8a66b2024ad9891cb05b4e65	32fbb8d2a4562a7a5cbc7386d240d4c82ada48ff81caa4e45d171da9a6ceb25b
000199	tst_000199_On_5.bin	on/d9e9f554_nohash_0.wav	5	05f087a9fe50e898d63fb8de0d5953644aa93b3099b5764a1709f155108ee0ec	11eab793c883a1850fd1c12b9d265a798abdf22a57f7529d3b26d063c84f8659
000200	tst_000200_On_5.bin	on/fce96bac_nohash_0.wav	5	c02abdec00798340d18a232b5b03d8c15975de0fc04b119cda46b4a875ccf453	23ebeb1b8710dd2642b6113f2f2a860c83da52bc31602ef46afcef7c71c541d7
000201	tst_000201_Right_6.bin	right/85d2ac4b_nohash_0.wav	6	29b94046bb5a28f41fbb2ea487bdd8206c4f38986793eb9e21906709a04f49ba	0bb36f1ef3762017efdf8a5b4e9af41fe67cc92ab45bb2eaed32e23c74e9afc0
000202	tst_000202_Stop_7.bin	stop/1b4c9b89_nohash_2.wav	7	f5401f810b6e3d54089cbfae7bfef20cba85e26dfcf5270eba4406b05902e706	f9bc26186cbb8a03b2c637d71c1691ca5c65441afe84f374e761493654d3cffa
000203	tst_000203_Yes_9.bin	yes/c9b5ff26_nohash_3.wav	9	f8bc65c031d8fa09fb8a7318f84bed12c81c573596ab8fd89c2c37f495f79e8c	53f6526c12e8ba7e98da042f6540d76cf35d60f12c30b60e8fe81c8cb55025bb
000204	tst_000204_Up_8.bin	up/daf230ac_nohash_0.wav	8	b2c869c8f61cc9f83bc3838def10fc230e3e50e69866d3b7b4f875446f24f3d9	343ee506e20304dbb87f6996563726f264dd57577e3a58c0e1d9a23108aa8d01
000205	tst_000205_No_3.bin	no/422d3197_nohash_0.wav	3	49ee7e7a1a9c6bfa933b877dca17afbb089e6793f65fe30fec709dd58e0e9c68	75a5488a8bf0681d7bc348bd2e320d5caf57fe7b307eb75e321fa72fe7016f97
000206	tst_000206_Unknown_11.bin	_unknown_/happy_1f653d27_nohash_1.wav.wav	11	b42a7e88f52946ab91df7f90a726ac09537079d69283c08854f6bead9d81a02b	90d298049f377936fbdac5c53d046e65bdde681ffd21732bbab22df34f9b7a61
000207	tst_000207_Left_2.bin	left/8fe67225_nohash_3.wav	2	02036b5374b336416374add8a8e1aec09a91134962b0d4095aaacf9c0b50d7d9	32447ce2e1df385ecb9117e734707dde360f1feedf2ed3ede1ef43b7692e4797
000208	tst_000208_Up_8.bin	up/f6af2457_nohash_0.wav	8	d46db8139f6d799290ac0fe1f36bd968547d1a9f25fd67ab84b4c8318eb903cb	655e49e078611fc3330a7d4dc4c18767afd81a197ee33f8db7b0880fa76218ea
000209	tst_000209_Down_0.bin	down/5c8af87a_nohash_0.wav	0	56bf2558f7229fd2156552b9971c406d6da991bd74f58fe024c0223f40d894eb	3456028bb581ac4bdc7f97ff837fc5ba863d21152ce64fa3b0d9b8fcc79018f0
000210	tst_000210_Left_2.bin	left/c7dc7278_nohash_1.wav	2	959bd5a84aac88767f3c3b02beb8de0a9f63b76278d124f3e3991900e4ae7089	cb19e4b99953a491402cac6411bffa3b58007ca3838609bb67373e954f10c3e2
000211	tst_000211_Down_0.bin	down/5c8af87a_nohash_1.wav	0	b904cdefc27310873bb76908e5ebe0ae39c92b6c3a7422b007969314b81dabd7	30a63accad6d2d96ce37729b48d661f5342236ee7c17adba5464e02a327194a3
000212	tst_000212_No_3.bin	no/bfd26d6b_nohash_0.wav	3	4b6a4f4873dcdc481fea3f51d779a5c85902fe033484affb608ef0058dfef3cc	3fba1c53a16270e9c62d12780c9f999d2f1fcef92b199ab08c491846f16145dc
000213	tst_000213_Left_2.bin	left/26b28ea7_nohash_0.wav	2	0610bdf4270281e43894a26b47b373bd10f85a7ab8cd67b874a34f233b461705	bdb4e424e3244f7d45ad342cd6520ca0d2c8a1e1425a2923d813854548877b54
000214	tst_000214_Silence_10.bin	_silence_/973.wav	10	403accf82ca9656947ada1a04283d3f1fc04c22f976c24ca6aac237103aaff67	3708e2fdd983227826425d5856221e53dcc910700805ca5d2727fcc3f2a21c20
000215	tst_000215_Unknown_11.bin	_unknown_/house_cd85758f_nohash_0.wav.wav	11	4f7c02d084c241b5e172cb1737ee6052a6c7bf70a49dba1b79a4fa35ad154c02	22ec65456072d65eed1413abf8bea926edd134c4ae0e3eed56f7a20a6f42ccb2
000216	tst_000216_Silence_10.bin	_silence_/2506.wav	10	f7c469b209415df817a2a6bd05a32ce310fb36a04848926167d481359f18a7a0	217bb14f0d25b4a137472bb8c7cb9af7bf8907cc470c3624cebc78c94c365a83
000217	tst_000217_Off_4.bin	off/8fe52b97_nohash_0.wav	4	7cdd04c8128a04fb7aac67994abfc24d6c678a20ea14dfdec67c88db2c493648	c11e6998b476577c540431abb97dad15a28e9c9965a626c5dff69271bb11db1f
000218	tst_000218_Unknown_11.bin	_unknown_/marvin_4f8ef132_nohash_0.wav.wav	11	f9c60fec2c218e39f702c5c270c66acbc38ce8fb0a6946c5f6a0d94a9460f73f	052e47126c1bbc8f743ad7a46589e1a7f88d64394a02faf576da2064aa84703b
000219	tst_000219_Unknown_11.bin	_unknown_/seven_8a325749_nohash_0.wav.wav	11	20e038f19a862500ce1b6bca628d78befd9c48f1bdbece0c59adf9afc464047c	627e57573cdc38fb36d16cac473c0c3dd6f7a579f948f20d25f6417696aba315
000220	tst_000220_Silence_10.bin	_silence_/3176.wav	10	3dde2b1e7c15a10bf7a3b6c475b2c4d2106078755259a670a32e62f1eacb448c	ce23adbdec3150061eccda3bd7d187340c09ea349ba381a4c65ecaaf64598c0b
000221	tst_000221_Up_8.bin	up/a6f2fd71_nohash_2.wav	8	5961085ba6b2f3c8cb197e4b430230d95a5b10f77674f4796867cc0ba2dff22c	e6f105076c21d7715b089c41eeee3247a30deecabcbf1e4465ec455084c6d0d6
000222	tst_000222_On_5.bin	on/5c8af87a_nohash_1.wav	5	7060d1215fbb5e4ad3e1fb3213970100714ce33416bfdf86d4c3522c257b3674	18eb00b0eabc07fd7c86ef79ad098b688bf7efbe4384917f2b046c91dad532ef
000223	tst_000223_Up_8.bin	up/1b4c9b89_nohash_4.wav	8	439e7d0b0c198a5bc468c15b5498a106d42c8b27c16351ec9fcbbf304454338f	0481e2f758d4f46a4a5f7d232f008e35c1904452b5c5d1fd529f6d9ed28a295c
000224	tst_000224_On_5.bin	on/893705bb_nohash_8.wav	5	3157625ce9c35759619b1e451e52847d50aa7909a93ed7c300ff9218657b6aae	fd90e685ee0067b008f60dbe3bc53ee32033a870188c7f0aa83aa22261acf1e0
000225	tst_000225_Go_1.bin	go/ca4d5368_nohash_1.wav	1	6c69905cec1e22c1410293ca3554a02a400d7ae8403dcf934f953ca71da27e47	b28fdb5cfbe9449264aabd0aa520106ec60b151c6a999d7ac2c8fc6f64930481
000226	tst_000226_Unknown_11.bin	_unknown_/one_a6f2fd71_nohash_0.wav.wav	11	237797cb5243358947cf99db438aa2c882cb6244d203d677e11d89d0cef64c2e	0ff8e6b0d6d9ae22a074da1d72b86e9ee14f21597707248516d740f3e6d86287
000227	tst_000227_On_5.bin	on/e0c782d5_nohash_1.wav	5	f95e898f8582850388707ec07e53fc17d00165d2c9ac9f6c9776aebce6511e73	0c22314345a9020ea5bedb33cb606d2edb7f8ba477535b9d4db40282ca132459
000228	tst_000228_Off_4.bin	off/ca4d5368_nohash_3.wav	4	42b4d5b2c5e18443fd1edfe0fb0914635d3408c813aa20aecbf3959259dac2e7	eca91700e2578fa911585e917230e0787afb82b6c6d5c0a90511268dcd10e797
000229	tst_000229_Right_6.bin	right/e1469561_nohash_0.wav	6	ac8d22579f1e35189dd587b0bbe9286918036b1a02fa6385a116e3ebd7dfb3d0	4e605aced274665ddd53c51d503559be9a1510e2ce1166e946b24b8f9ff7c67c
000230	tst_000230_Yes_9.bin	yes/283d7a53_nohash_0.wav	9	dcae24eccea9034c44018fa140795eca3a18859bd655a782b96d5232d4bd53f6	1f6f2e67bb7673777775078929da9380715e63028dc244152830ab81a13c6fa4
000231	tst_000231_Off_4.bin	off/3b4f8f24_nohash_0.wav	4	92a8f95da95520e4833ba3737da5bd41ecd73508c74233a34c1ebed2af6ff1f8	b937b55a3a92f0d246dbaa7a11d7e24c724e053585b017d76c2a5883b53840ea
000232	tst_000232_No_3.bin	no/84d1e469_nohash_1.wav	3	9786516101501d8ba5fe77fd539722b79ad596252ae3c84436e6d7e228fcf2b9	2e82b0d9e4ff11805529ba38e6c6b8747a3ab85c98afb987c2703ebe536a5380
000233	tst_000233_Right_6.bin	right/44715c1c_nohash_0.wav	6	d8f9801e9f48b9c9342109883b9ea2471582a2ad741bb53b42152cab84edfbb7	267c113de22df648f113f7a5bc18ffce4876163fc643ebfc512504cb330b73f2
000234	tst_000234_Yes_9.bin	yes/5f814c23_nohash_0.wav	9	a3d7144037567ca71034fc3d903a4a3a9f93b4056f579e7a203da102e28cf5b4	18654935f8f7aa28c7767a2cdbf54f5e44aa33400122c320757219eb0e72ea93
000235	tst_000235_Right_6.bin	right/daf230ac_nohash_0.wav	6	12ff52385b2b126c9b0971c994039f378f89509ca52ed772314ff8ca94f50743	ad73cf3e2b44184823acd37b2490341528637c80c8469cdada0e248bfec405ac
000236	tst_000236_Right_6.bin	right/5744b6a7_nohash_1.wav	6	1ad7d1869c0a6bd0a1a44bfe4ce5dace9f73c4cdd1a28e1c1e3e792e292503d8	2d9a10fdfe29edcba85292fdc6b35422ab0fa214bc0a39e227c9a0e570af7c1c
000237	tst_000237_Down_0.bin	down/68dd409e_nohash_0.wav	0	f3417ee072341f1b41aaeb6831cddd80b760decdceb8b287eedaca35d5428b3d	29b615b94bd9b51e963167edcc90d834cac53423a1ecaee44ec2599eca992f99
000238	tst_000238_Go_1.bin	go/db24628d_nohash_2.wav	1	4ac99a588807e8b115603211a5e11ee89bf3727e4c5a1e1d7c6b0aa49f96f97a	3152c6b08c843ee0cf777a59313d675db12a47030cfcb9370fda64215ef9f475
000239	tst_000239_No_3.bin	no/d962e5ac_nohash_0.wav	3	83bf6ac3e41e60f44ea6cdcee6f8faa34d80f5f286a23a7ac958ed3df0313476	88ca096a7878549d5b3149938cafdd9c65bb4deb2611273c8ad43a97bbbbf465
000240	tst_000240_Left_2.bin	left/964e8cfd_nohash_3.wav	2	d783a5c0599881c9d1b087636dead5f75bbb3682c0eb1bf0236f15770bee5c6d	1d65f360233eb90e7d63bdba8e880a9bc73225a421fe11ea62c826ef7780d44e
000241	tst_000241_Off_4.bin	off/c7dc7278_nohash_1.wav	4	2e6df86ffde83d155826a70e28c8d1271eb4cb3297b4681ffabfcb3a24f2554b	ee5382fe20b488af937f45f665c293b847308c07e4708926992c71c8a8b6c763
000242	tst_000242_Go_1.bin	go/0f250098_nohash_0.wav	1	ce3c3bbe58d2148d2fc6bc64e8cf969d9d91114127f8632ffe61234a2851b87b	b774923f9f03a6a3a584d5ed3bd3a77f746b73c9ac2d97ce39f2dce8dd200049
000243	tst_000243_Yes_9.bin	yes/8c7f81df_nohash_1.wav	9	493385b56227644c0ce54cd3f408464f32f496d222ba5a24df68877dd5bf21c8	f43c143343f231ca8ccbdbb1b33fa970ce80b19e24c6283d1b3b8b28e97691ea
000244	tst_000244_Down_0.bin	down/692a88e6_nohash_2.wav	0	1ccc0b6e48aad40930b5d621056290ada643a3e76b24c72fa21d08215deda027	39ce1ff0d8e3fdc945c50548cc0c069543082b1093add0face650f1ac4a8d792
000245	tst_000245_Stop_7.bin	stop/893705bb_nohash_15.wav	7	27ba65de8c0815bcd7aa7c6987e16ecfb2f532c02825c4f13486d4a16dd4a9c0	e25f580e6746d290719b3136fc3bd96fdc5501d0fe4e0574e0addfc65789e462
000246	tst_000246_Go_1.bin	go/26b28ea7_nohash_1.wav	1	f3b970412801f306fb3bc215d589c6f1f6309159b26215fa3c2b6b8e90259bfc	95d0cba39148befa114735effb40fb65c1244e646c3f3de71506128cf57efe90
000247	tst_000247_Left_2.bin	left/3b4f8f24_nohash_3.wav	2	ab659307c1499b142344ccc45b871de580ee7d2d7eea85991e688307327f96ed	9f4bc6273e604fd82cc74ddfca7abbe31464eb8c0c9bd23865e6b700057542d6
000248	tst_000248_On_5.bin	on/b83c1acf_nohash_5.wav	5	ace053699b9e7df46b2d4b60a002ce2989a18e16b71f77b16c25b7e982791721	a62531e48e5f9427afd9fee59775a55db531422cc9bd88ebb1bbd0cb8447278c
000249	tst_000249_Right_6.bin	right/9a7c1f83_nohash_3.wav	6	87ca0eccb5fc1e8dee7eb162985ae7f5170b3b64f9ea9ddc54a30cc25f2d47af	459231ec19be04d9b94e578efc0b1558f3fa31599604ce8fa7526877eb64cd48
000250	tst_000250_No_3.bin	no/2d82a556_nohash_0.wav	3	70a960a623e14b5f47677fe6d3e1a41c40e6d561de5cce592b6a6da73b6e6cce	4c8d59003fe49406c2b2759a805cbb4b6bfedfa75210a5d06e42e249e6aa14a8
000251	tst_000251_On_5.bin	on/f292725f_nohash_0.wav	5	1d31485e75dc6d648584f2b86508f72266fe35c43171ddab4920e6f3250069ea	141a9bbcda873d31b51e612086ba3201ad516f86afbc557e650448dca2f1a6bc
000252	tst_000252_No_3.bin	no/4c6167ca_nohash_5.wav	3	a99133fa181955d563d8d3eeabbe7658dfb82a09f23ed5195cf6073b947f20ab	a239ac7072cb5b5c0efc999d70c756618a47d0fb1bbbf166c121aab2d0fec4e8
000253	tst_000253_Left_2.bin	left/e5e54cee_nohash_0.wav	2	3e25f049ab69422910893e09959ffd68b7a7d722ab38da1b55a49d6142feda8d	0e4d79c1d58bbf3824101f03c748e572111907a42981fca129ef712f7f5ffd43
000254	tst_000254_Left_2.bin	left/837a0f64_nohash_1.wav	2	d6f23e8215b08d6b306ccb98f89c9e0d620c7e9e2c484438faf5330b976c18f1	9079aa45dca6b3df45f321d35d675902ec90b9609b7253c2e297704d402998e1
000255	tst_000255_Up_8.bin	up/5c8af87a_nohash_0.wav	8	0fca5242f49a53a7bde19515135168bccc5daaa53792dc0bec85f9090b838408	3d063047c151a7c8d83733bbe4f1146adeacea756a7fa1075167f07fe899531d
000256	tst_000256_Unknown_11.bin	_unknown_/nine_6b889021_nohash_0.wav.wav	11	ee68c511d513daae141666113d2503c5ebcbcffd104a5240d647a4c39c3128e3	c98def99866d78140d8904c6488c2ff6721cb3109933f6d63a0463f87c8c0f8b
000257	tst_000257_Off_4.bin	off/837a0f64_nohash_0.wav	4	f2bbed03d25171b5fca4a4565f0b53849c016a80403b4650b3c6616392b86d06	6b084c887f112aa19306ba3c90748dbd792f8c09860330d4de9b3fd9fe4cdcc0
000258	tst_000258_Off_4.bin	off/3659fc1c_nohash_1.wav	4	82e3b78115e23f3eaeceb8eef9a7e5fd6e9cbb3629e3d49e79cfe942416b0873	c2261a60982ab199319701f7d8b16f812bded90fbe47fa2cbb8ddafd149962bd
000259	tst_000259_Down_0.bin	down/0cb74144_nohash_2.wav	0	0f597eeee7e041f56c03167bf76e6336588842ff00f20f5de824487a2b5e416b	4d60db87d3b580a67ccf4e549a706edd59cc8e6e04629d891ea757ab5d347f68
000260	tst_000260_Up_8.bin	up/ca4d5368_nohash_1.wav	8	f87ff63c11a1012b164a43d5b5ef67dfa7a6deb0f9359aa10885a5abc297a047	2b98f2858f3d2365132c75b9afe85f3a4ecb5fba9edc97243c3513701a01b955
000261	tst_000261_Stop_7.bin	stop/e0c782d5_nohash_2.wav	7	a5e1aaea614eafc1ffad900c42d561bf4265ae96ab45c89706cb5902e67ba30d	c6ddae1df9e08ecfb67a900a72b4b40c1d9f52747d8d4df528683917a39e2c87
000262	tst_000262_Yes_9.bin	yes/964e8cfd_nohash_1.wav	9	c3ab2c2658ff3b93f5baf0263abdb4d54a75af358470d575cb9b05a31f1fc96b	228c2be7684672ae4515ea616e9c2738a2788adf50dcd0e6e7251711008438fc
000263	tst_000263_Up_8.bin	up/d0faf7e4_nohash_1.wav	8	72f38be9894aff409b2d3fb638ed4530cf1cbc169f1befe1d529c41c2d221bdd	67f17265b4f4b128a2ae2aa99b2264535933d648ff3d035e41ae51050f4fac0a
000264	tst_000264_On_5.bin	on/5ff3f9a1_nohash_0.wav	5	0d062dfb4702049df42a0efb852bd4498b937836491c3e06d92b08205f31214c	d7bf582969a11f58dca689cf37e2a968a27d34973e55491446b576c12061459f
000265	tst_000265_Go_1.bin	go/8769c34c_nohash_4.wav	1	375b2664c7a6539b3111afb313019fb98d5216f27285916e7d5ddbc4fb2a6e64	c5d84dbf65980517d26a7ba309ad11f7160e1b9da7a0be5c9537f06dbccbb26b
000266	tst_000266_Yes_9.bin	yes/c22d3f18_nohash_1.wav	9	2c3314f7873f234ff89ce521f044b0880dbc39b71ea4f557599bb7d00c73b35f	03460360b5104e493fd04ac57d24de8831c36180902cb4fe96783020b6523aba
000267	tst_000267_On_5.bin	on/8fe52b97_nohash_0.wav	5	6563183003eb9a4dbd69ee36cff9c59470cbd36fe9a68932275ca8e8e2f784d6	0fd84653609318f1c43a49e840af17ff160b5aec2da4306065b74d7459286aa0
000268	tst_000268_Off_4.bin	off/893705bb_nohash_5.wav	4	11b72d3e6a8bba8757451f3e4935ecf7041834056beda97c51163e6909575267	593142f2ab7b85c5f4d83ee4a590f1d4f4ecd6983c38858758ec9457d186f479
000269	tst_000269_Unknown_11.bin	_unknown_/six_c9b5ff26_nohash_0.wav.wav	11	a4155cb828d925f9bf08a61c4f3713172ac95f9ca8ae5329bedabec027569d68	32394fa76aa1e04a1684445008d206a3f60cb6a2fb741c5bf82d405b5bb3fb12
000270	tst_000270_Off_4.bin	off/c7dc7278_nohash_3.wav	4	7490355dc8f073c5ad89f7d5a78dd432953b33f4fbd337212f8233fb5608c663	4222b93e6d92a693c1437f3a29376c22f07ba1abbe502c25fcdeced82f63c5c3
000271	tst_000271_Off_4.bin	off/bb31b82b_nohash_0.wav	4	3d49d5b808537d583c3b2f9659234e442342f488fde6ad981444297525cfce1b	1050a6c55590cb2082e0b4c5ec346809715b28fc27189c90d3256f91203eb583
000272	tst_000272_Silence_10.bin	_silence_/3314.wav	10	81b86ddc3f1bff2371f5837d33ebc7ec859d65f6395645b17d9179c7db83255f	88fe217464139f279212972ca1315183df7da7b56e2820dc37feac5ad1cf55ef
000273	tst_000273_Yes_9.bin	yes/e41a903b_nohash_2.wav	9	f79e9375524d927d37153dc9d018e29745ebc57c735c233ab49ff40eec1a5c5f	e2e796c4866cb418953fbec9a35388a6b476e89b776ce596f6f196382ed3a680
000274	tst_000274_Unknown_11.bin	_unknown_/three_7192fddc_nohash_0.wav.wav	11	c0d9f1791568a906994307d7d6cfe9d9299621db86c85caaf9344bfde26b12f8	091fd7e5aab0abc4f4ea823eb4afdca5cf6710f06ad512e522b6b4b1e38c3c99
000275	tst_000275_Yes_9.bin	yes/fa446c16_nohash_0.wav	9	84e4e46e263c8ae54dff0b1f266ab1ca36b58ba1446f3c124c945b3225ba3714	0215fb9b961a080fd8dd0d8374325990a24468cf49f3699639b03745945c69cf
000276	tst_000276_Silence_10.bin	_silence_/3595.wav	10	39bbff369c34988b16b0bb73cda11f3f56328c77c43a67e8e811bf8a0ae2206b	ff5880404d427cbf88fb87ee6d6d95b35a90bc1d043041341e0597378008e65a
000277	tst_000277_Right_6.bin	right/3b4f8f24_nohash_1.wav	6	c4a73a2857c5bd73405d3d52acebfaa9e761057d1eb85e09018477e302ef450d	c72e4ebdf699fd017a891f85b5e2e7866666b2bb631def7ce6bc5e83963be8f8
000278	tst_000278_No_3.bin	no/692a88e6_nohash_1.wav	3	4cddd45a86a4be9fc8c66ae2f87444c1fa90254fef34a65724ecc57fb810fda3	ba122085c8b9057925278bf795fa6325aff3e2c31e9eed2f0ab7eabc6caf7201
000279	tst_000279_Go_1.bin	go/1acc97de_nohash_1.wav	1	0985da3f42d60c4574e7d6c9f34ece00ec4797a34ad87c962f4d1756d3f62f03	a4868d7e0c0fad5de57caa00806a40ed85bf1281a34966f66bb476ff633ef77d
000280	tst_000280_Silence_10.bin	_silence_/4424.wav	10	52fb2ef22ee92ca1c3a754f3b4e6a8d5ed9ef60b44487b4980b63bd95f23fb04	dda8ce31abb2b243b452d9805c5214674e43cb853490bd111658b73e4539f82e
000281	tst_000281_Right_6.bin	right/7e1054e7_nohash_0.wav	6	2a7122925c25d782873f46e9fb2dc81c90742dfcf884a5c014c1fc10b3e744bf	0573fcd7beac03d2d571276f76022d24270c9f231bf8c181a3ecbed73a09f153
000282	tst_000282_Right_6.bin	right/ca4d5368_nohash_3.wav	6	703419c6d51d77c8c95a8a36049a064bfed14354bca4e04575dfd40c8bb72988	1f633c8e0170c3760f5783a4ded5929f085d02612f2e25539c4c5c12dae462c4
000283	tst_000283_Down_0.bin	down/d5ca80c6_nohash_0.wav	0	bea79f8669ef5a59c12284fc6e20c93a3e15ceba69a2ab8b03ed7b0635afe1e0	0ffd60a734726b8caa7273c259c0c6e7d17a8f8c5ffd2b229811080a4111836e
000284	tst_000284_Go_1.bin	go/c7124b73_nohash_0.wav	1	03d7dd943c57503fa94ba3071c9d6d65866b208e02fa041265eb0ada3e8a767e	663bf73300d29ffe73e3a70d5dbb132abc7e8fb3b24b29f15a1c99c30a2545a1
000285	tst_000285_Unknown_11.bin	_unknown_/learn_220ee1ef_nohash_0.wav.wav	11	ccf9c0d809c2106593c2bba1b3fc3ac190843386aa400d91104dedb565a395c4	8075e961032b1227a2645c401e79d626544fa2b53b2992e528fdbfb6ef6926e1
000286	tst_000286_Off_4.bin	off/97f4c236_nohash_4.wav	4	b557be29e9a2661c92085b168a829f71693e741ccf0021495af4ebfcb1fbf8a1	9059ee5f3439868cc3b467d6670e9289c0db92d8e9a16eb8b9214ba544088929
000287	tst_000287_Stop_7.bin	stop/18f8afd5_nohash_0.wav	7	e7c0879b02802d710e5cf4c6d5f574b2af5d7566980b74658ec70a522cce7b22	d2e38d40a29233c476469723d2558d37c514c13c708801ca583873096a325823
000288	tst_000288_Right_6.bin	right/3df9a3d4_nohash_0.wav	6	d801e37235879fb2dff8c562de8f3f1dd9d95231610f5d551af3dbf8e246764f	ecdcd78858d14ae26e8decdca63b31dd73558291040930ead880ab4bb5b6a8a9
000289	tst_000289_Up_8.bin	up/bfd26d6b_nohash_0.wav	8	6cc04232475e5c40f5090437656dfb8a96ca345850f3f6bb92709ebd012aeae2	5a6bf8497788dd894dafd5fe494c56db026f33ddb009691e60463ac14d469ae8
000290	tst_000290_On_5.bin	on/1f3bece8_nohash_0.wav	5	095b76763c3b126a4415c4405bfdb49c1af39ef383946c3cf38f7dc66d89ef83	ddd9beb0bad927777146697849bc1ab0dcdd2fa0dce6e760d3fed15eaa95b821
000291	tst_000291_Left_2.bin	left/c9b5ff26_nohash_0.wav	2	964c6cc5d4608731cd97da7d4e7bc35407c8d77ae1ac5f36c647f6c9c333b9e6	b28b5b3ffa8d9ae3368c82fc1fbab0f600f6404699396f5a23df5b2e894ae601
000292	tst_000292_Down_0.bin	down/ad6a46f1_nohash_0.wav	0	58f2b26ac2370ef96fa74593ff9ed8cad5125a1a02deefdbffac9ddf776cc67d	6d1e976384d3da41cfd3fa9eb2aca649ab600751e4657b14e47c9a1b01f3fbce
000293	tst_000293_On_5.bin	on/6e916de8_nohash_0.wav	5	091ee606010ad95f7eaf55ef71e45feb600fdec9167e7810bc6f90cf582f63f9	e848cf3eb3997ce349550733cde42468d9d846fce4d6c9f4a8e45728a74a400b
000294	tst_000294_Silence_10.bin	_silence_/335.wav	10	970219a13984edd953fa480366b7cb997688e916dd0ec65951082e54026d67c2	afb41a81ba5155062306c6882f3f83f79b60a75b9c47afdfa52ebe6d1a3e01ad
000295	tst_000295_Right_6.bin	right/b49caed3_nohash_0.wav	6	f9d295f9f0b80183e067ab9031ea55187e2cc849cd326376b551b78ec600feb4	b19476b323813a1c40a9da5b752324e2aaa4b4d530184d5f47aeb0dc40e9c2a3
000296	tst_000296_Up_8.bin	up/63f7a489_nohash_0.wav	8	18a9c238f30c0493579c81e56a5c1bbf2749c16fd4962b7b10f9b208b6d551e1	07832f4d2d2ea02da3ae5d719ad0629c4214f3411f93c472488ebb0f71987ea3
000297	tst_000297_No_3.bin	no/863880b7_nohash_1.wav	3	4613a05e0b35887d6c4251eb9fc198b6ec3ed7e1b506f74b61034dba12e4c07e	0a3ef1be3ba90a03dd670e36aa13411446ab2c628b1fabfdbd636b3b2a8f79fa
000298	tst_000298_On_5.bin	on/fb7eb481_nohash_3.wav	5	8b8334b2db5d1127a9323c5d05422104ba171c2aa7706f5b9464adce455d0d2f	e03416f2e670684235eee9f95bb92a75d238f37651e708469723e01e4f5f5f22
000299	tst_000299_Go_1.bin	go/e1469561_nohash_3.wav	1	87687c4ef3e62aebe0178a5eb42ea9722d97396d70dab7f64588647ac1d86547	f69ee609ba9dd3c23d49debe1be25c8db7a2c6a0435b199874b3154884f7d373
000300	tst_000300_Down_0.bin	down/af130f12_nohash_2.wav	0	3f45d9afb06909624648c18a3815db8bbd491674d210e774ebbc0cee8dc402c5	9730bf8d91994bb1d688bc5e3e6248e7fd998942ab3725b37fdf8321cd85b3a6
000301	tst_000301_Left_2.bin	left/d962e5ac_nohash_1.wav	2	129be83539c4e1f15f76a6979680a736028e101db77002d0d14ad2e757769c73	03bad5f30e3e4360dae62f9eb7ad16576c3fe5c973fefb702930e73d45b50630
000302	tst_000302_On_5.bin	on/a6f2fd71_nohash_1.wav	5	58b1d6d807411fe50931b1f4fb506d680c96f69f9936573f4dde830276a88319	ce79b2292d049463f2d1d1c1241fb89e994ccfe8ea4d62382a22f4c3c2a31577
000303	tst_000303_Down_0.bin	down/37dca74f_nohash_1.wav	0	836282f1d014da7a55fa9b5cc910c0f1f53a51c055c70b3f9922a462af27feca	92686e50d7bd81ca7160a9a24d3220c14f9e486ffbd5fecc6bbe2af9605aa84e
000304	tst_000304_No_3.bin	no/82b99576_nohash_2.wav	3	57f275ce0761e884c184dd720bfd6f56f202162136cc3b71ed648bbfebb42c9a	c1fadcae7d08df0a34ea78044824546d9305627fb685e4f705d0810746c836af
000305	tst_000305_Unknown_11.bin	_unknown_/eight_f2e59fea_nohash_2.wav.wav	11	b8f7185dd8048a7541b525fa914c70f387fcfb0bec564f699485ee8342f5777e	dac47ee05def0e4275a291a6db85497a6e7173ec67cc98479a6a0453a731f6a7
000306	tst_000306_On_5.bin	on/67961766_nohash_0.wav	5	37a48d21760a65a4801bc819e897ee84fd0c70f961f106f14e5f00a9e0096a54	34e208abc6b292e5d2612a81425bd7a3e0e6d21d6519dd663fee06c32d364d7c
000307	tst_000307_Up_8.bin	up/d962e5ac_nohash_3.wav	8	dc82c7164d4334cd2f6dc7520cc542d5ecc62d9a56b6a0f2a223c74af55c2d43	d902258908353cb1931c475bc7b70a7dece41a05e526f86eea1bae3052346332
000308	tst_000308_Right_6.bin	right/837a0f64_nohash_1.wav	6	3ffa2e0ab7e65a479c2e97716057a2b1f110dc40d5173673a903647a62322b63	62e5e9cce279a31bc7d7b4bd8ad54b2f39a875b329be4529d9c12f3da1cb7858
000309	tst_000309_Yes_9.bin	yes/2d82a556_nohash_0.wav	9	21b8995630c4c014f6ee503d087dd4a1ea990313e820daad8f17e2d38cd407d6	9c4cf75a7a15f3adbdaab0914941938884f8b700df782f5e05183cf5143861f7
000310	tst_000310_Stop_7.bin	stop/37dca74f_nohash_1.wav	7	04b7723406d87c5276f0e9fa7474d3c3b8b6dca98735bb72c332106a736d2f54	8cfa1ca8bc9e09b6f9195c722ed3f7084dd4ebda396f1e307abb4acda16467be
000311	tst_000311_Down_0.bin	down/beb458a4_nohash_3.wav	0	8c50fdd493cebdec1cd80924e21510384b6edc52d227d1a9f49430be66a195bd	4757a5a3a941b67d58ec51c8f86e54172b1d1b4d2ab7ec203387235f2fe2ed15
000312	tst_000312_Stop_7.bin	stop/bb05582b_nohash_1.wav	7	bd2f7c644a4e48847789d89d96a94ec09444545df0853a80f4ec08c054050e90	4b3a768d4df8b7c6f901fe3a971e6d5b5c3ca3482e5bab1583472a4410120c1c
000313	tst_000313_Off_4.bin	off/1acc97de_nohash_4.wav	4	9a23350f565394bb7f73ecb51c9890aaa335cbe72b24b94badd3f38100ced592	12f62619bdc54de8ab1ad25fb442b85ed5c7454cc1137e6deb9482889417adff
000314	tst_000314_On_5.bin	on/18f8afd5_nohash_4.wav	5	5ca90a133a33f2b2c959c4fa62daa950718f63c0383987f6e13d524634575fc2	4d8d654b3190838506a3fdf99a8727564aa9637ce2761eb9cc0682f3db936d38
000315	tst_000315_Down_0.bin	down/cfbedff9_nohash_3.wav	0	85086c31002960c9da32eed83346114cdda9b9a287beb65bffbf7f86ebfd329b	855a28fe50d693a54e244525aa59e0aaa73553ae413d82bd2183c5a1289ee5ca
000316	tst_000316_Stop_7.bin	stop/893705bb_nohash_12.wav	7	51f65521417c6ea6618dc5083b8f52f1e9582d20b92ccfb410631b48ff4a3482	a583a135a633bbed7ff813bed5283a338d585261512fe1f0418086b184036899
000317	tst_000317_Left_2.bin	left/e0c782d5_nohash_3.wav	2	fdc9a83e0b0f4e6161f335dc041c03b4461382eb43fd0fbdf7a40114f5d8f95e	b83ab1d57005e8f3239aa7f48cfd617afd4f387d29f0f8b0d1b9f2c55d2c120c
000318	tst_000318_Unknown_11.bin	_unknown_/two_893705bb_nohash_0.wav.wav	11	4a982f6e3f7785f4c5c0a4cf1c9663a1cbb4a5535ca9333d0fde19468cf32fe9	3f800390b6a3ebc94f23fca98833663df55b90003f3f7fde4281991558fcd4ce
000319	tst_000319_Silence_10.bin	_silence_/3941.wav	10	c6b51fa9537627b3179d34acd4a36826186a165d9643aa7b3272ad8d0b6fbba1	7b5f67db646d4afb3175f8a5f885e7b8eef249c7ef8acfcdfb7a6fe7eafb8fe2
000320	tst_000320_No_3.bin	no/0c40e715_nohash_0.wav	3	994a3b5a11a2b8c4f2fdbe59468b840dabcddc653116f555ed9ff39388269bad	5311cca9c36fcd7e435b3947c6daadf3a27521abbecd20e1dab49e51e9da7c85
000321	tst_000321_Down_0.bin	down/37dca74f_nohash_2.wav	0	7f5a4432af78c8f65dee98576fdd1bd0ccffb4d09ada81b3a27d9dcad8aae3f9	be5b2fa9480d23a3555576cc63f984522f2f0eabdf4fab769f89347316ecbdad
000322	tst_000322_Right_6.bin	right/a7216980_nohash_1.wav	6	606743a1ba237cfc11ac39c3aceceebfb6c077b837987b880dc281c25602aaf6	9976081f8a553db7d82e7f02c8ec2d3b2ee9d7b4631528d99c06a2c8c6a9594b
000323	tst_000323_On_5.bin	on/422d3197_nohash_0.wav	5	ae0f2a2c09cde7acfd688d9f114976a761936c0e800f2e70c6c88b876b938cbb	e1f2bc42c85a582928be8ef3efccce06425b72ffa2f445e5cf5e75b749febfe0
000324	tst_000324_Go_1.bin	go/a4383927_nohash_0.wav	1	c86a89481b4317516995326583162f010f9de86182710d989fa3879fddc08731	53a18b67bab4bd768c88b757af252fad562edd4100db0d5963d2416436496d5b
000325	tst_000325_Up_8.bin	up/beb458a4_nohash_2.wav	8	c0266f77c0d18941a8126e6a3615a271de0ba2354975763ef43a8899d499039e	cdbfae0abfedf425a6cc0744af4db547ffbc1da53524136fb816ee7bbba07f17
000326	tst_000326_Right_6.bin	right/563aa4e6_nohash_0.wav	6	456b5138542fca63b30c6baa567340a6d8e5916ad883389aaf4172c9aee59cea	7e5953c16fc8777bcfd5da249d3570a6f9143f844c31795c43c4f4ddcae8aa6c
000327	tst_000327_Yes_9.bin	yes/4f8ef132_nohash_0.wav	9	8cc91477e29226ab5e46bc88fe83bd0df556230280d70dab3290498dde3062cc	1ba7a51931e59aa8935a4cf482c090a3572862b72ce14e04500bd34aaf54a123
000328	tst_000328_On_5.bin	on/9a7c1f83_nohash_6.wav	5	bddc8eb96a5a5ad35392d2f39904096a43abe8c018baa2b5b5da4e55e3772552	505381fd028222e57b98bfd6b6256b2de1c148a2517240cf84c078b4789b9772
000329	tst_000329_Down_0.bin	down/692a88e6_nohash_1.wav	0	0126f1a18622f3f56e5d294417b377e948c8b4f9b6579464fceccd4974f1d8dd	987f806c8333bb6c538ff1c05ac7eafe4c7deb72c3a976701f12b954b5a6a02a
000330	tst_000330_Unknown_11.bin	_unknown_/two_0ea0e2f4_nohash_2.wav.wav	11	643f640fb1a63706be50d6378286d101533a5c09539adff6d25275ff9e5bae62	588ade8fca6698a6670bc04c8adca9b53ea3b17a50189db151e72bbeadbedf26
000331	tst_000331_Go_1.bin	go/68dd409e_nohash_0.wav	1	d8a79753ed07c42236c12a0727f5f81aab5170caf9ac7e002d985feb2544bc73	c22bf2970ff08ed69ef3c283722a66d7c4c19e5e01c6ced4fd4fc0b077729697
000332	tst_000332_On_5.bin	on/863880b7_nohash_1.wav	5	f50cd1a6bc813c59dcc58e23512d383e2253b48bfaf3dc749ace74398cb28b7f	7f0c2673c2ae2bf0f209f426ebe4b868a02ee9d99ea91533a8424107304e1c8b
000333	tst_000333_Up_8.bin	up/bfd26d6b_nohash_2.wav	8	8131ed0018463cc9f4b862372a67220a7433e565f4dd8ca4416a688f28e21ae7	ad07035e2557311695c7a9c46da2b0d44a76977111c17b79d2016f2a63771d5b
000334	tst_000334_Up_8.bin	up/a7216980_nohash_0.wav	8	0b717e604c0b874a4a128393aa83651629d1ac81ab8f602fbc0055d07853f00e	0874fbad886129a3bb94ab5cd92d8df22fbd8de54188e4c105821fadbcdf21c4
000335	tst_000335_Unknown_11.bin	_unknown_/nine_fb7eb481_nohash_0.wav.wav	11	5c0f6dc84521441f33a53c07fe15e97ad564cb1d9c1ca2c13aa8368de638b32a	e4e40bf413138f977e604777f928a74c1206ae3cb6e22b29a5edc251e8961323
000336	tst_000336_Off_4.bin	off/0d53e045_nohash_1.wav	4	743ceb69c38482c721610ecff3651e6635ce8626e7ccfadad36319ff97a809f9	11aa0a7a0e4c10e92eff70416d3063685ed8a96655c59f81f0b6dd517defb5f9
000337	tst_000337_Yes_9.bin	yes/8769c34c_nohash_2.wav	9	23f22d8f9605e132f03c1c3bb5bb91eee10a41f6c8469f262c68ca23d6e72047	8fe5d07ed1456e707b2ba8e2dd27dfea1f21089d609e4d4e440d59728eb3322f
000338	tst_000338_Unknown_11.bin	_unknown_/backward_8fe67225_nohash_4.wav.wav	11	9a6560135fdde603232f89f9ce23474a3c07fac3838ff7156e8838d0de019fd8	2f70680edf0a3b6d326b6029a8bcd2f137fd69c2f92d93bd2b962ed36bc17f91
000339	tst_000339_Silence_10.bin	_silence_/1477.wav	10	0b2a5c9bf13142d2649df91b8f6324b5733b9b9011f5a65e57c7e2dacd9c5da9	43b4105aaa90c1e0ffe7a8cd1d51f7f96ad232e20c6bd3f4c75f665e7efa1460
000340	tst_000340_Down_0.bin	down/c7dc7278_nohash_4.wav	0	a856236da0644a7d68d6450bd7b3ea87ac6131ca7c6af1343dbd0832fbf27936	7b00579e78dd270c0197912d1b5350fa316672e4e8a6daa741b88b8c7eca7758
000341	tst_000341_No_3.bin	no/893705bb_nohash_4.wav	3	782f09826c6da12a0ad63502e56e278689bd5fb21cf9463fed69f8ebaa9565c3	5b373dd44daf3fbbbf2b5b2c0506b6a1455f128924c037a23042b7b98391f6e2
000342	tst_000342_Left_2.bin	left/beb458a4_nohash_0.wav	2	3bb7166f7f88de53d22f639cbd503bfe8817abf9b107cf6ce114ef2562b62f17	8dc167cdd3e24ae3ecc6f2aa08d16305645920fa745d4b4a3876b2f88bcecd03
000343	tst_000343_Silence_10.bin	_silence_/835.wav	10	d4ddbcf0642b8ec4174e13c933b0343160c5a8b7c129fbd8cea53f7690519edc	bf87716fc63ab91035f58a6689f5d02fb405eb73d6c4de4b0fb0fcd8757f1f2f
000344	tst_000344_On_5.bin	on/63f7a489_nohash_2.wav	5	1e1cff4a91a380b07b76428721e12cd172aec0d157e2a5beda6a4a9b30640c2c	c75f05f6501f98f4b40766cb782c35ab96af6747bfde0e76251d2670c6c9e78a
000345	tst_000345_Down_0.bin	down/a4e8a997_nohash_1.wav	0	5610bcfed7b2a31a777230e3184b6d4bb60c1d53e62d788f0414ce799e49d4ab	37cb397eda7948b76565840c85f2822c03237afdfa3f5f29931178a373f8345c
000346	tst_000346_Go_1.bin	go/44260689_nohash_0.wav	1	6fad57ae874d934c9d80b34ee99f98f590b09ca5d924c42a01ae7a4f588b8c79	890c4847359f88e6f70f1844d33dd85952938c9540b99e0ca7ed2e01ed2573a6
000347	tst_000347_Left_2.bin	left/9a7c1f83_nohash_1.wav	2	65cfb4e989559ee1dc8ac46e0239d5d3ad283f84dbceac3c67806ceee0a6665c	21afe709c64bbe5f69252e6f093d0607b238c26b7a08b30cbff52e541272c016
000348	tst_000348_No_3.bin	no/8fe67225_nohash_1.wav	3	c7001a38a68867eeb37837306cd87829d1cbf168ddfd9c97a01ef67960ce41c5	6fa05798dd66e6beef2407f7d36cdb0bd98fd513c64eff15ba9942f4b1832cec
000349	tst_000349_Off_4.bin	off/beb458a4_nohash_4.wav	4	fd5f76240a8b686fb41a12797621dab6ecf483c134eb374dd45d60ee733c58d8	671004959f71dc6f5460ff1ebca2343bdbb6aa6b3f22448c7ef7f9798d8013f4
000350	tst_000350_Off_4.bin	off/d5b963aa_nohash_1.wav	4	5093676bca789e08cf8b70b0b12e9aa1f231bc3bb20eefb5bb3fbaf434f0be6d	dd76d82fdd5a9b9a6192aa6fd55a898f610403dcb4d09cc0b413236926401e0e
000351	tst_000351_Unknown_11.bin	_unknown_/six_b49caed3_nohash_0.wav.wav	11	aa7417333b14b0c26d1ee74b365c7f08e402c771be671577092bf9e44be98a29	a088f861f5f28279d71f4a0acb8ff0f96a6a30cd6a8fd03a0764b6c9789a2db7
000352	tst_000352_Off_4.bin	off/a7216980_nohash_3.wav	4	fce53ea24f4e4d643df23a2ca92b8080f893f6e05820d5f19763eb7d30ad6d8a	39c8708e9ac943d9eb39927ddae8fa9a83161d31b6c0b5d873ccfcf8872a67b4
000353	tst_000353_Down_0.bin	down/94de6a6a_nohash_3.wav	0	ce9feba756a0876501ef041422ca3922aac71ffc52cd9c0738b1f9686b72c334	d8e5d35eddb6a5ff3578a32542d4b3d1ad77506714729fa8b67057f377441fff
000354	tst_000354_Go_1.bin	go/fb7eb481_nohash_2.wav	1	b0a99eaee77b8497699802be5ebe1e6781a28f41a13c919e7d4553b0cef9c285	1c218d04cd867ae5a36b5941b5934c5384b504a505c2b70343964ac45d4c90e4
000355	tst_000355_Left_2.bin	left/4c6167ca_nohash_1.wav	2	da0eb6d6d83f48d76529e7fc5463f6fcfd90a09cd937b71229751564fb56e3f2	e46f0afb81048983d2f6c9caac354203eb5f9951d999555fdb1ad93de39b00e5
000356	tst_000356_Up_8.bin	up/cfbedff9_nohash_0.wav	8	9be63c687fd7616b8178c16fae6d3be17bdf5fe1b51df590c78d36cb3627f841	f493c7a2a65233e01405f3182f1c133dcc1189c8c1f40a818971e81c12692db3
000357	tst_000357_Unknown_11.bin	_unknown_/five_fb7eb481_nohash_0.wav.wav	11	7b796d39e464afaa107479616bd2b397b13e3dbf32bd6b4fc0d62c1a4cc27147	77c528282ef14a570992b404f9c8587fe75c06228b522a22fe941a8a223286d5
000358	tst_000358_Off_4.bin	off/283d7a53_nohash_0.wav	4	b44782c958a02c69160a8861626dd5418ec99ea80ac5dc75ce80027d0096fc06	1032e573768457d569552f1da0786e0a61a59d4fa561080f6ad55338b4b59b09
000359	tst_000359_Go_1.bin	go/b49caed3_nohash_0.wav	1	996dde0a004852b875f835213774c4a11339182f7f85ec9e944bd80c624ef42e	610d21b0f43f69680c206b4b95ffaa24751a10078b69fe4d77a8c1a37dce51ef
000360	tst_000360_No_3.bin	no/9a7c1f83_nohash_3.wav	3	f708a23c18c9804e2ef50a6ca144bd01cf0058a8030d35957f8ed8d86da2e81d	8c9c724c605da166ada3040adf1cad26792921df6701adadfbab7ca078350151
000361	tst_000361_Go_1.bin	go/a591c2ea_nohash_0.wav	1	0e39cc5585a0ad7c1dd792e7b29cfded22fa7d7394673e8cdf58e13a8d89a820	a66a9e3df4fac8b978d2df7e55b03d26662e1ed62518f2693abe37c8a53c4de6
000362	tst_000362_Off_4.bin	off/e5e54cee_nohash_0.wav	4	547e02a9af56bfe321abbe21a02ad61de283ec9e754976f883b9004635e210db	447d1134d90de6cda2989a36d4dbeec7e906529b1d25e68eb53a8b221cfd85b5
000363	tst_000363_Down_0.bin	down/563aa4e6_nohash_1.wav	0	5af555a2fab2e2435d694e39c21579ed6959f4ecbe31656bdb03cad6292ee008	f99b44a16c57ea463781734f7debb0e24f50ff11ee5e08253085ff481a0a39c8
000364	tst_000364_Off_4.bin	off/63f7a489_nohash_1.wav	4	1e9411e668d8983c42abd03f818b706b0e43cc7eaa170781f82f55bd1bdf7ee1	bced00fcba406e7b0794d7a7abccde4166bd674898043f5a77222e7622e527d8
000365	tst_000365_Right_6.bin	right/ea37ca08_nohash_0.wav	6	3e6344bc85819f510719e6e4f7cda43b9121d8bd1e38001f315c7c8b164178ad	fb733c0db849570bf498367fc5ed993a4c7e69675a36b181c23d852eecb921e8
000366	tst_000366_Up_8.bin	up/fdb5155e_nohash_0.wav	8	c26dc39e41f983c5cafe42d29fd279cb41b0a364cc9c8521599fbacf33391af4	2e2bfddbafeff9dd259c950bcf8c83d3ef69943bd92eba13e8384214ae182169
000367	tst_000367_Unknown_11.bin	_unknown_/two_fce96bac_nohash_1.wav.wav	11	fd1e358967e137b1c44a9e5813fbab23e332b26ff4480ce677f5b97c0242d53c	cd3b065896788a5fe7f2eeae8d9b3d904240e162d3c457b92fbced24ec9f643e
000368	tst_000368_Right_6.bin	right/7257420c_nohash_0.wav	6	bc9abc062698f5428a3e64a3604f94e678ef7f212bad396155ed2129e2d291c5	b3f69b0079f97e7ca6b501b701aa0a78d247125de7deb4ed0e11b4c8eb195935
000369	tst_000369_No_3.bin	no/62ff07ef_nohash_0.wav	3	5bb9b004646b282e4be8a98143bd57b1eb37cf87c1acc555d5d55e6927f4b6ba	0df2d868b6c0c8249fc4fb9edf066ed0f9a76883bf4e2d1c929039e9401b4275
000370	tst_000370_Yes_9.bin	yes/27c30960_nohash_0.wav	9	362698227572c2cbe151cd8745ca4c52692806a60ebef208fa294f49e884ea91	2607d7e112caa616806c76d9a73ae17420b6a990afb3c7439344238d789dafb1
000371	tst_000371_Yes_9.bin	yes/2796ac50_nohash_0.wav	9	b7d544227da2d0a83e6cb05a6b8543eddee060d1dfb909a934556c53974bc2f2	90533438b5c5325a16c8225fd5be644c90ec47ca4427836aa3fd9fed8af8afc8
000372	tst_000372_No_3.bin	no/a2473d62_nohash_1.wav	3	cd5fb1306acb7e69b3336b0f6d64918b247993c6948115631a0345ac10f1a016	c1bc074302d9f2bd312f3b218ec8409ca624982032135076c56a3bfee7e3ec1f
000373	tst_000373_Go_1.bin	go/5ff3f9a1_nohash_0.wav	1	4154305c98c10f5ad452b449184ccfa4615f63e76278437a0172d820050eefca	f836e0c2f8c2c786a0dc083d10a439ec4071b0ca3f5fa55a9cbbc49ace83a6b6
000374	tst_000374_Right_6.bin	right/94de6a6a_nohash_1.wav	6	ae9c8e570a23e97bcfff6f4c03d48891221ee73a3a74bdbb8e932a5785af46c1	c3958f3a0d06be496859f323a686d1a1c2e1f5c83e22e5efc3c7f3f6fdd89c35
000375	tst_000375_Yes_9.bin	yes/c7124b73_nohash_0.wav	9	7641fdbf0a604d8b598aabdf845757bdf47c082f86bcef433726a0e6bde12101	f015cd8c3f62c8c2674c730fd39f1541feaa058fc90982de84c68893f7178ed5
000376	tst_000376_Silence_10.bin	_silence_/4427.wav	10	ff65c96216a22fcb25fa83dc3c714464f18b89ebc48c4b9d07c96a5ce90ee17a	76ab7efcb60a42fabd25a449fcb75edf1334a9058569371883c8952118a95158
000377	tst_000377_Go_1.bin	go/43fc47a7_nohash_0.wav	1	9d68fb24d4fafc6aadd5ace20cfae5c701bca37fff449dee29428e4760d577f2	72c503cf0406919e7df1c0d2b8346f104e1a80084eae94f0b515f7c8abce816a
000378	tst_000378_Go_1.bin	go/a80f9f53_nohash_0.wav	1	52c9894a96de336206a65b77f8a4e35331a7eafdc1b4c5062fc1183b6b4a826a	9dede51cdd6f25fbde06c203a9d8176c2e7978ca210346f4da5b5bd50f260fd5
000379	tst_000379_Go_1.bin	go/cd85758f_nohash_4.wav	1	0998230db2fadbbbb2ac9171f744ac9f8997e3b5546b94484f834f24a05e17da	885baee8ce04ccf0b1818152b597795a65f1d04a2a3a793e494c86a6cf6d3ee6
000380	tst_000380_Left_2.bin	left/a7216980_nohash_0.wav	2	45360206b47a04d94c9c1219965a1fd665ff21365fd6b0f36f5469d67cd459ef	f30e3c5478a83072debf0954464fdb7f487b9cd3ceb6c5be2c7388dc2040091c
000381	tst_000381_Up_8.bin	up/8769c34c_nohash_2.wav	8	ce546aa926af12926e2e8d6825d763b5e34e1433fa5cbb30f4be0116d30185c9	6f9f533cfcbee778e5895653fa59dfd9dc7065dd04fc04fcf3ce27ecb8854015
000382	tst_000382_Stop_7.bin	stop/8056e897_nohash_0.wav	7	931ccaca7d96418c320a4494acf226153a196ec80d896a842335fe571fa25f8d	b58dab2dcba661637e4d5e43be7d88aa02b14d156ce58ca14ebca1bff492ad41
000383	tst_000383_Left_2.bin	left/68dd409e_nohash_0.wav	2	78d5d1603696fa38494b4afde70f56741519aec7c9c70ae2b0a25f75296fb117	7f0f77ca6c03fb8694e9925a24142a56d2c5f1483d6c1069060baf0ec7772193
000384	tst_000384_Unknown_11.bin	_unknown_/eight_e49428d9_nohash_1.wav.wav	11	7eba1a2dc5288b92b8de1cf702db8050999a543a22be61e87259a94f639f6596	09a3695523037b6949a7b5a76c5643369cefe231da88851b5d238f0b02217c5d
000385	tst_000385_Down_0.bin	down/cd85758f_nohash_3.wav	0	235951bd752d5231d8c8c74ab428018dd72e9c8aa198bf2207f4a4ef38b4eddb	235ad85b8b6a4bdbfc861c83b959e804aa29a2d4a9d102a404c5c2601f9cd718
000386	tst_000386_Off_4.bin	off/37dca74f_nohash_0.wav	4	c31fbe28fdeec53a05f179d3febde6ed8aab5aa257075ad6b54d34252899aa8f	0af0295b009f1a1eda4c6dfddedc3be9e48f304ce2626b971d21bfc8ac95c3e7
000387	tst_000387_Right_6.bin	right/9a7c1f83_nohash_2.wav	6	a336fc84b5f8fecde1573d7936bba7fd8fbe5f12eee9daf927d492d37e560787	7ac432615e1bda84ffac0dc34efcaee486b6f1e9cc7616747a4687e287483048
000388	tst_000388_Silence_10.bin	_silence_/1951.wav	10	abcf76f9b01cb3cdbdd43d0436e062bf74b7f31b4019c6b82fccfdc474049a1a	62a0678f64b6eef46fcd54032f32a8599396a54ef1d7e4f16321752227e6ddbb
000389	tst_000389_Silence_10.bin	_silence_/1024.wav	10	ac8865c1b69f5b703eccd3bf1fc4eaba186d72dc5589af29fcb2924e41065e16	c292b1ddc109eab2b339485d4709dfada7486b7f11a7d3196e98c4b4ffee41a8
000390	tst_000390_No_3.bin	no/f292725f_nohash_0.wav	3	e71698717948d9fe6b671619426aa932af23f7b64b814c40ef28731b68282558	e36d6a5b91dffc7e03ba906a724a254b64d1976fd45f912a9739f12446127540
000391	tst_000391_Left_2.bin	left/0cb74144_nohash_2.wav	2	d655cc09599d9867128aa5cbe6e8ca928166ec34b617b1ea1e29a1163b64fa55	5e5e06f6e3ae99166a037b9dcb92f3e9e777fc50fcec100ab111932c3ffeeb7a
000392	tst_000392_Right_6.bin	right/bb05582b_nohash_3.wav	6	495497cbc2d9c36d35dad4c813a1303420f4b89db296989e364532b59f07be8c	3ae15744fcf89d5d547236ad2543e4cc1de0336e9a7f6d24990f185f503aceaa
000393	tst_000393_On_5.bin	on/aa233654_nohash_0.wav	5	15f9f350d90dd3a9e4df688ba47fa0a5e0de36a75962539ff4f7a54e615749a9	048b6ea0d8ebfa73b527b66589c8bc63193e12f7ad7d646b6f73f5d1ade4f85e
000394	tst_000394_Left_2.bin	left/837a0f64_nohash_2.wav	2	76f121d5f6b2230f36547f100735b740aed5b4ac0e77a4f16f2d86dcdac46d0d	1656192a47378e0aca77c5e1fa70b6f2171f8857e3731e1b771ddd2e99379459
000395	tst_000395_Left_2.bin	left/c7dc7278_nohash_0.wav	2	74264f5cc907ca56faa7f52b905014e90adb75bf7792fca6d9bc474fdea0494e	3c5f5ce56cafbb32cbe25e95c49d7263bef2200418cbdee07a72b42e03c266e2
000396	tst_000396_Off_4.bin	off/964e8cfd_nohash_2.wav	4	85089dc88eb71f75fdb2039279a1cfd0d682320aee215479c5e53969a8e2119b	5aac04aa381649b0d630236bd9457797d4a7f5f14b9d3fed0e5fca595d6d66d4
000397	tst_000397_Up_8.bin	up/189cbabe_nohash_0.wav	8	154fd5590ae717e2946c661260a457de928e9225553b43c54746319b56a6062b	97f623569a698deb1a66c2e32a2cbad714e433652578763120cf70c5854d507c
000398	tst_000398_Go_1.bin	go/3df9a3d4_nohash_0.wav	1	dc18940aba0baec61ebabf58f5206c05b27931faca7495bea777472c19bfe440	25f6ca3e7bdc76d9e64f9e949331d7b1b619d22b6d9b8b920531610b7104e870
000399	tst_000399_Up_8.bin	up/893705bb_nohash_4.wav	8	107a8d7fe14cf9121c66220756c5c0283dc6897a23c90a0aaa6a6f171113946b	96961e8c0f2954e665e59e0fd478ae953ed62da48e05d07a0bc10c03d4c28c39
000400	tst_000400_Yes_9.bin	yes/1b4c9b89_nohash_0.wav	9	c28a4f2323111ecf5a45c4fa11450e19a674aac8240eb64c47cd6d068beefe68	025ff435d648cb45f5bc92ccccb93a16c0e25fe5a41f0bc255ea50d87ff47eeb
000401	tst_000401_Stop_7.bin	stop/ffb86d3c_nohash_1.wav	7	f75eb5154488adb2774045f3d8e26d6a31ff183602dddfc0077a5b87ec89c0b2	d214109ef48d9280427fa44d0b7a9785513628a3aef19d02f836f81eee57ef4d
000402	tst_000402_Unknown_11.bin	_unknown_/five_c22d3f18_nohash_4.wav.wav	11	f5046f12446f0d30bbc52c7e474d6a70ac454ff052e72ec44f26c882256bbd53	cadce861b21a63ce501fcf9e2a29708d7a4c801b8c83cc72fe118c2b31404376
000403	tst_000403_Stop_7.bin	stop/43fc47a7_nohash_2.wav	7	78c9d0a435ad2f6997354e475f19d6bbf3892bd4dbe5af2b92bf04c542468c15	cda84a24ac15093b35a6602a55160574334df6a4beb06425a5f32db88a55a78c
000404	tst_000404_Yes_9.bin	yes/e0c782d5_nohash_3.wav	9	5a87c59c14295f954f64756b3348d3ee99a964fa7cbc7693c95f31b888f4b06b	0c01cc66aba686362ed4938601376b1765324c7d54228e024f054b906478e750
000405	tst_000405_Stop_7.bin	stop/4f8ef132_nohash_0.wav	7	86787c92ce61209130a2fe5789f36074f74d077a197779e1f61ee1b84994d6dd	05f1aa42252132933d198aee5dea2c0c8f0054270fb29d097d08ecc6bb5223e4
000406	tst_000406_Go_1.bin	go/85d2ac4b_nohash_0.wav	1	90fd7e0e2a5e98ae463c1cc1c78b64487ef00eeed9779c5a885175c5ed529a25	f61b50b354683c3a4e20be802e1e599649bdf84b4b906f7d26621d26e737be76
000407	tst_000407_Go_1.bin	go/91b03183_nohash_2.wav	1	329d3d8d8edc03b3c411bfc2aa519aa40910b93ea1e4b75fb9aa036060ba20f9	44ae1353b499f8ee59bbd97235ba6ad38117828526c493510509ec4f90d8cd06
000408	tst_000408_Silence_10.bin	_silence_/4102.wav	10	7e82c5b19a99e5cb857060ce4d70b9fa10c1905294b09f09089caa845c5237cd	88adce83aaa7d0fef8b8b4cddb164193e00a72e7de31b0aa478323c2fd8bb3d1
000409	tst_000409_Stop_7.bin	stop/ffa76c4a_nohash_1.wav	7	bf31811dca88a755c2937064a7fd6412159bb968258f80b10e3ee18eab870e58	867c20d1c8ec66d26ee3dc91c497894506e1d63f8e45bc534e9b5553647fea2a
000410	tst_000410_Off_4.bin	off/d056d4d8_nohash_0.wav	4	1a6efc7f90cbe8bb16fd3d419933fe16adc9543bbf2f7800ab28e80d2fa90bf3	d2a37b02e3b22a53c6d8f27f8397d1fc70275d1d8f873b06950de1fe0b7b8d63
000411	tst_000411_Go_1.bin	go/893705bb_nohash_8.wav	1	8d2bcfe68404ec11900e3fd93ed632f5122c63e2733636dfe0a5506adee1ded2	59af547055cf60435903116f425d7ab1f96accae6ae6b7888f551eac2469b6df
000412	tst_000412_Yes_9.bin	yes/e41a903b_nohash_3.wav	9	17b9405914409f4b907571d3e7b4b563030129139c6772b7f0fa889d7c0aa02f	edd38fa66a5151b0cf99eb551a7dcba6f8aae1b6f67a3fa983ab1866d3d9bafd
000413	tst_000413_On_5.bin	on/6e916de8_nohash_1.wav	5	ec154c178e897222f484ed3599ce9ff6545f8dfa9f9dd7be8f3edc6da2824a3e	0f3d0fd197d5dff50251914c05ceed688e43c830c717fe944f7978d33270adde
000414	tst_000414_Down_0.bin	down/f2e59fea_nohash_4.wav	0	143e786c8650aadaec219e4020ffa719c963183620be4c48ec74dcd25e008c45	11ab9226339a779e7c245728fb117f0159cf43b89f1d53e5d3aeaa5b84e13872
000415	tst_000415_Off_4.bin	off/1acc97de_nohash_2.wav	4	235e8d42a8f31afc9a1414a01f789a2dea2e95c24b50a08da88ffc198e7e7c1d	e4e5487ff358a9a59e36c1a591cc2d6502ab25fd31b86c9d355059b399878ac3
000416	tst_000416_Down_0.bin	down/3b4f8f24_nohash_4.wav	0	52703918d554ae68ff9b71d675673611bbc0e4f9b0ec7d8af0892199d638d1fb	73f6bbbc37b4954257fa543f26b0377c8236a05d750addd4dac28d224e6ce0fc
000417	tst_000417_Silence_10.bin	_silence_/924.wav	10	cccef9494224d85f384843539e6492a6836f5dc7f3f1941ea0408f7baf705342	8f2a06ca514c9828be62e3e018deed33fe3a5773b6d56951f99d4867c7f0595d
000418	tst_000418_Up_8.bin	up/653a48f5_nohash_0.wav	8	488959254357edee582a2dcc6571d7d983ccc7eb4cba8d1179ee5c31e6f45d08	cec543b84741345b9dcb44a48e43da0d7d5aebb79098bdc2d1e9a19e1c0fcd78
000419	tst_000419_Right_6.bin	right/3d86b69a_nohash_0.wav	6	852aaf9df24619a5fad401abc066694aabc42f011644954aac9b4119be30cac7	dccd6dcda00e9c382d92162616dff4069d3d30b9c6291b4c371ddcc52bb16f7f
000420	tst_000420_Left_2.bin	left/9a7c1f83_nohash_0.wav	2	89d805d5ad0064e5e5d20f27e0b87be7f39d3bfbb3beccdf5804ef20c8847fe6	184758bee5fef2175f5518399a96d83d05775c78be626d2d62674e82f3fcca95
000421	tst_000421_Silence_10.bin	_silence_/2655.wav	10	4097a8f19bda175a9777d62120f287f55668fd71f7e34f428255e91ef4ef31b0	f96396e82a2f502f4fe9ae85831610a4e99222f0dd7cced3cde09c0f6c686dff
000422	tst_000422_Left_2.bin	left/95ba4996_nohash_0.wav	2	9dcc88c444a8d88a7216a8e48b4bdfc4c0790c72376ef58783abdb8a49b7117d	ec8662045a0fa99f6e98381809a7c81502744a999e099cafef87b098a202f35e
000423	tst_000423_Stop_7.bin	stop/cfbedff9_nohash_1.wav	7	0d1cbb8ee25bed1c99b0c6fc4efeab24e458a09be18b97b3649d267216dfc5b2	471d47f8477e864297a736ea24b2d5da394b70336d17433e62205a59e31303e6
000424	tst_000424_Down_0.bin	down/e41a903b_nohash_4.wav	0	7fbb544a28191f86be72014a67832233a300ead79807e950e545e05653c94932	3139a4513ea6cca016878bb04cfb94340b54c15f8881719ee21853ee3a85aeff
000425	tst_000425_Right_6.bin	right/8494fba8_nohash_0.wav	6	e13d7474cfb9d1ddb97bd2f179bd95d9adaaffbaa8c54bd0836fc93bbbb741e7	1cac13d045266c3070ec05451f8b4195000e0a28deab90f56e196674dee8aef7
000426	tst_000426_Yes_9.bin	yes/0cb74144_nohash_1.wav	9	d3a5275b4206d75c141b9c6a9c241d1ed9999cd9c80dbc91ff48948024d333e8	8f66eed833d39e7b8365c8bd41253a1ba71d0268c050c70359455b3d3dc7787c
000427	tst_000427_Unknown_11.bin	_unknown_/visual_91b03183_nohash_4.wav.wav	11	31d1d1c0220c93fa4ccea6d3a3106c424a391a0794d71fcb56e2276349f68e14	7e22fb786edeb1245f68fb2eee43649708182efc8df7fe4256bd8d65d0424f12
000428	tst_000428_Stop_7.bin	stop/9a7c1f83_nohash_5.wav	7	518a228ff063f7e86857dba1163e1c2db2da3c30e9347fb888f1d368adc931da	0fbe22a9d8e5d8978a53b4b5a74cd0e0de533de7ff944fa9255def71c097794f
000429	tst_000429_Stop_7.bin	stop/ffb86d3c_nohash_3.wav	7	dd3307021b99e16c8710de347ddeeffca4e94decb78ebd01fe3cd0746e30421c	b13665e864dfce91c26c3e0a09cc2cf726e88d08055d21ddb8472818f9c4a90a
000430	tst_000430_Stop_7.bin	stop/63f7a489_nohash_3.wav	7	b8ed284679d858330d6193717ee07affc3e7c252831a91c6a0a89b02cffc5729	94ec3bac24971a4da5cdf9a4f285cf7d1c4321bf269b48328721c07016e64d91
000431	tst_000431_Off_4.bin	off/ea356919_nohash_0.wav	4	61ecd41ef75238f0bf6aa2970abaabc5cd9752fc9605f06ba82b4e16e90b7af2	2be40ec71b4d958c71a3fcdfbbbcdec0faf70866dc6b4899b5463a7a342c8c54
000432	tst_000432_Up_8.bin	up/dfdabe19_nohash_0.wav	8	703755294e031cc209ded7eab69e8e92f0d080fba1cea129244b9f5714dbf45b	34c0339f897948532c01d445b64a77c4ea9a4d0ae2d172fe63676bf8ef7d6a84
000433	tst_000433_Unknown_11.bin	_unknown_/zero_c7dc7278_nohash_1.wav.wav	11	4c805f721e5c4f35af38acf383a0448f38263f2151e2e9f1d5cc208881fa82b4	208a1d374897327ca6588b363b8e465055caacf1dfd568a32e9e47a86695c3cc
000434	tst_000434_Go_1.bin	go/8fe67225_nohash_1.wav	1	8560c741be803161b5c086d4cf240ba5f4348c270e7220500a2e64a107d57a1c	1e3a2c61a94d81ad7d9301f01badf5bddb997e043e76ccf6a6261ae9ab174b0d
000435	tst_000435_Right_6.bin	right/94de6a6a_nohash_0.wav	6	6917c74c33017f4b3bc9cbfaaa3df80353405c296630c82a3cdfaa39e41850f8	6e8753c6a74f84d6dbe2f83258d4e416aa30b5cc564b3743c0d03c0aafb2b293
000436	tst_000436_Yes_9.bin	yes/5828dfa2_nohash_0.wav	9	e65f395dbcd495ca39a985c1d0820d3751fe9f054552378bd7567b36b35ea6c8	93ab864d1b1402a565894ef0228010d599a0a66c5b08c8c83a49af740258a8f1
000437	tst_000437_Go_1.bin	go/fb7eb481_nohash_3.wav	1	4f2889eb1d14953409886e9e3382db118dd2f7ee9aa59b7912a3ea12262a2d97	42b912bac9a5bc52a6de2b56724042cdfc34c43b13e8913124f36af4321476be
000438	tst_000438_No_3.bin	no/9e2ce5e3_nohash_1.wav	3	724403ad39a1f710ee08975c0ca70758c4d5331aae3604e1e6f270b080c598ec	b7c91ef5b16dc2316173061ef3c8985f11165e5172a338e2f30f7878898030fe
000439	tst_000439_No_3.bin	no/d5b963aa_nohash_3.wav	3	d0499d39555808f83ea34a7ddc2edf17d2a4c3c09c75f4b0e373a4533362ab25	8191878417cf2d06cad4856fd879b3736ded2f32b238577dc1a18fdc67c3b111
000440	tst_000440_Stop_7.bin	stop/837a0f64_nohash_2.wav	7	71fc10b40a2a3b0f1de663f2b376c8da9004487de7ce2331ae87cf2180fdfec0	335cee588c40fb03c56e49b50e412010e68ed6a4d555c3afce7bd67c0ae1b973
000441	tst_000441_Right_6.bin	right/87070229_nohash_2.wav	6	d30679aa16b431066e10cec7dcfa6eea5b3c3df5c4558e18be553be207d2de32	b99123db29ff0cfa008eb82b030f768866b965c063e54b497b53fe2eb16c1067
000442	tst_000442_On_5.bin	on/563aa4e6_nohash_4.wav	5	69314830e099ed1051fb9a530961aace79b877aad24e919e57a40237f295825a	fe4f9065d2da3e5e0d13812880820b5bd8fae4998860ebb1604c4e100b9579f0
000443	tst_000443_Stop_7.bin	stop/c7dc7278_nohash_0.wav	7	e6aebf3bac7472a12db054c83d929c7387872eb65edb4021b558e3252a4e06c2	63dd16d9a22891979a2a6ca653e34dcc1f4fe4e57171f2c12b3333a89668bfd0
000444	tst_000444_Down_0.bin	down/4845bb10_nohash_0.wav	0	1b239752a105b5065d841c00be0c76f6461010fc3adf0d611a5ebd4844686a42	75ddbac9b9a686bc0a41afa7111967cf43aeb337e827c1472a2cbc82b05aa452
000445	tst_000445_On_5.bin	on/ffa76c4a_nohash_0.wav	5	b87b1ec49f88b8232f2431213ec5783d7e33b93c11fd62b4d0beb337e2631241	a2799bcca20941eb35f20631d8ccad5d23757374d00354f7c3663a20f0b3fe08
000446	tst_000446_Yes_9.bin	yes/f9643d42_nohash_0.wav	9	83ddb100dadddb5f6f689d1bcaa6c0d55c3b5fb8712d4dc311f59fe8dc536db2	8433a1722698caeedad70479a0659f9c3e6cf34d8056b70d39860c65b0ea2c06
000447	tst_000447_Go_1.bin	go/5828dfa2_nohash_1.wav	1	7ea4a5029ad1c888b395f3ae840bfd8929f78a3b52fb491566a9839cc390ce83	7961410693220bc3ab333b6c2b9970b3a15b2e3afe5383ff34f6da3243c5e01c
000448	tst_000448_Unknown_11.bin	_unknown_/happy_a7216980_nohash_0.wav.wav	11	4a1863308c27498f4372d459eb035eeabf37b653f7a9ee1cd609e35d905d383a	3b507dc70152b480e962caa0d28ddaccfc0d31c0b5c0694088f5924c9392f266
000449	tst_000449_Right_6.bin	right/af405b69_nohash_1.wav	6	46c69c181d728013fc247ab249f22b47e76c24a79d87dee50ffee328e279bd7e	80ca23ab6a52404e12f6eb7deeac21368a599d6c128f3bdda2e358ff742c85ef
000450	tst_000450_On_5.bin	on/bfd26d6b_nohash_1.wav	5	248e7a06389b35341b6b0fe96cf8b76cc3fda3c72b0c1c9596dc95515514ed2e	60068cced9d6b6c1913c7fe136fe8c017dddcffb90da853c2f7dcca6251359c7
000451	tst_000451_Stop_7.bin	stop/3df9a3d4_nohash_1.wav	7	e6dc2c27fd5d767e284c9419d5e0dc9623b4acecbbe8997d2019d418b0d4165d	c5f40a672af7b705600b3cec57b8e21951ef9886488ff20e42e51edfcdd56e14
000452	tst_000452_Up_8.bin	up/e1469561_nohash_3.wav	8	8051a148b34250d4137572bf6891a66bacd9649d111b2b45476460c1eaba1101	7f4adb2e5dd39465ee66cc8d69e2f235dc861e11f929f751ea6b93414ebeed7b
000453	tst_000453_Left_2.bin	left/2fa39636_nohash_0.wav	2	5694e030c1d07106ec7309f87ad03e863df30277be27dfc8a65d0c9110bb320d	3ea0ff4982dac9e4147b0888c39f9f29a478ca755111dc204be413c612f3eb13
000454	tst_000454_Off_4.bin	off/5170b77f_nohash_0.wav	4	1d911b2e4fc90f8edb0df3b7154f9ab939cc0f3a7252deb2815d2c694e4511c9	a9a797a9c0ac2e3ab29f9c985d9434cf51da88ab0e2a8af8c62a6d9664f32b4f
000455	tst_000455_Up_8.bin	up/4c841771_nohash_5.wav	8	0f1e4fbb5ea3b3a843dc52fe09cbfe4b86bfd19232b6d2819dfeb087252ed870	35f9de2764387f3745815d55673c202050134a3134374699f90287f5a96db027
000456	tst_000456_Yes_9.bin	yes/db24628d_nohash_0.wav	9	e3da00bfd24e8f6ed9b43f75771104d2a57c3cb52423ea3db77e35f4b0420ab2	8a73d403c4ee31e72764f9d2381f90073235543c3871a4003c272683217a99c8
000457	tst_000457_On_5.bin	on/692a88e6_nohash_4.wav	5	0d0a143a981e74951573174751018f4803cdd14df409253d00b1463cdba3a675	0edfb5a064b54872245bc10921b7c578b6ed68cdc1e2c02c08b817ed58d3823e
000458	tst_000458_Go_1.bin	go/893705bb_nohash_10.wav	1	94e2b0bbcb705aec30a1efa2e0f4ee719e48b667ed65228d9f54b66326b568fc	d381fe27a97e0d75ebd6f4768447c27009c5e95f0f66ffc22dee1cfb66cc8947
000459	tst_000459_Off_4.bin	off/8056e897_nohash_0.wav	4	68933b1d0338b9a68fc87ae9f334a7b45a186367d16d18389adbeba8e69dd0ac	e54fa8f9dd3fe321af2ec7598f1eb2ffbf3f08327d49106ba0dbef4884e0d186
000460	tst_000460_Stop_7.bin	stop/26b28ea7_nohash_0.wav	7	bdb8c6889433a4e59621247e6be6d9bb5a5f4ff834995be1d75cfccbb8526bb7	865a92896a499b2dddb74ef67b82acac95189c77f3d1bd4f48637e5be94278b6
000461	tst_000461_No_3.bin	no/d962e5ac_nohash_3.wav	3	3eba3134ac3ea33fee21bbdf922f320ebb2cbf6669e2e46f1447c903831eead8	5ba69fab16198198b5ad66c06943bbd9b91f260a20370d9ea16ab025857fb7bc
000462	tst_000462_Yes_9.bin	yes/9b3ea809_nohash_0.wav	9	bd04ce8f8bf55a2a7a38d54cafdcb390ef7fea207c1efb47890146b01556858d	cd1f4739fe04051541fff3efc878edddaab9c23ecd788a444488a81a89c3d49e
000463	tst_000463_On_5.bin	on/97f4c236_nohash_4.wav	5	8e7261061e88f6caac924b94c4cccdbac695eeb5cf45600517495f15a9162faf	ba119bf8a6bb5baa5745e81863a654f3d1f9aca67620721dc7da7326fe79ffca
000464	tst_000464_Stop_7.bin	stop/370844f7_nohash_0.wav	7	276cb7830f9cf4a329d4d99207131a5719510b5fb7baf69ecffae93fbfc8f899	68702c45412f684d50e76bf151fdba0514565dbe98fe5c2a8ee26948413232f9
000465	tst_000465_Up_8.bin	up/50033893_nohash_2.wav	8	0ac2b0675faf4fe8196ba9a6cd30f1665a9da3ad5cbdbdfc662e98ada7b0010d	2002794f8f83c064702cdab07b816945e4aa90bd7839b1b9ef7d85a32605afa8
000466	tst_000466_Right_6.bin	right/283d7a53_nohash_1.wav	6	68d5ec5143f43ce5edbc2495529e89979aac21974277117a10ca914993a29976	3f9d6389205467112a18bc9cc1808c7093f6cd5ee73320952a924a2f30e5ca06
000467	tst_000467_Silence_10.bin	_silence_/2262.wav	10	ded7eb902c99b78d2dc0280c18f09ba526edfedef2d49f800bfb6481712aecc4	ea9d3654f1e843bbb89f54d145a010a5c64d6c02e093a117f403ec275e142c08
000468	tst_000468_Left_2.bin	left/022cd682_nohash_1.wav	2	2237638d9bbea552d1717666b591455ee83d1e817289568fd89f3ecea0566dfb	13ae9f1fb05cc7c8da514d208952e725b1d33a9f12d9f505694559d2e968ce4e
000469	tst_000469_Down_0.bin	down/1b4c9b89_nohash_1.wav	0	1836e4baeb465d58a92b2be5a869dfef182936a56d394764a008147e578838b3	30e5d289aaacb3a57447b16e95f97871927a8efad5598997e55362f7a43705c8
000470	tst_000470_Yes_9.bin	yes/a6f2fd71_nohash_2.wav	9	a7e8e715034955648e2ccdaca291df1530c38818db7f8b6ff9b3f20ada8a8ef4	3afa4fefbd90ed7aa62ac972380be537bdf127dbed72e8b54ee3fa25272eba30
000471	tst_000471_Down_0.bin	down/beb458a4_nohash_4.wav	0	c4cf9087b4833f3be9063ccdc3c6d93435b241dc2a77da39cd6059b3dc382b9a	3c5986e041433590e96213bc7772b0489778bdf2b990adf1746edd9081716db5
000472	tst_000472_On_5.bin	on/210f3aa9_nohash_0.wav	5	607a9b5a934d97f1287cf7c1e8b1b294159c30e4f1a0bf15c8fcbacf413fdd3e	cd4c98b6f5275178c0dde266ef674e2d50530ad3309bc447c400ba75902fc591
000473	tst_000473_Down_0.bin	down/9a7c1f83_nohash_0.wav	0	5037c088a5f80a97348d9255800abbed24f7f8f989487c8ce5f26e035621f74d	6e707454ed291ab078cdb38545add2d4baab14b3a07cfd53fd64d4231b6b0e4c
000474	tst_000474_Silence_10.bin	_silence_/3853.wav	10	17f0bc07e48f34287d64597e859be968af780b36f83c79d3587445915fa361f9	92fcb03f085250a4a2e6dbb08f3ee465f9e96badf8d44c56784c20f2fce37bbe
000475	tst_000475_Right_6.bin	right/03401e93_nohash_1.wav	6	115b4d47478b343ce95c99fa19b9654e656e19f941a8fe96b23acc9d84a73899	a139858f7ddc6feade3e0cb39998205f7b44c2554212dbe9580ef342046eb5a5
000476	tst_000476_Down_0.bin	down/6f2f57c1_nohash_1.wav	0	3f7ed2dee80301d6f0347b39735944c3624281587a3fa555177ce50a6c2315e0	bf5e549d20c1392c0d98778cf428393641b329ba959299a0e2faf6683b729f58
000477	tst_000477_Up_8.bin	up/bb05582b_nohash_2.wav	8	f97bd3e0e35edd93497a641dde81919dd9542034832ac66538483df7f258b318	06dc8e3bf3372d13a3b5b96a05a2a47a8f5da0686820d86178eda3e0804721c6
000478	tst_000478_Down_0.bin	down/bb31b82b_nohash_0.wav	0	74d295e5e6cf383e91fbad6b225cdeb92baeaa21f2cf17e79a6d27cd33a2d4e3	4bbd2fee110fc2c27a3962a58e1908e1a1af9b140814fcf25ed183fa34e4d240
000479	tst_000479_Left_2.bin	left/e41a903b_nohash_1.wav	2	18d2138a13975ff65c40f4ff244cf1b4c45bedadeafe410969ed63152545f98c	517cca1fbe1ab166934b2395c578d8c71f7eed43f9a018f3cd37c1c86016a106
000480	tst_000480_Stop_7.bin	stop/68dd409e_nohash_0.wav	7	10f5544530d091fb1cf3e1790ffab23e7a9298990a21664e8bf6121105b84ef4	2ba9cde88d14edb278a601f2fd8091f26820aeab88b5155c1c12292890fb329b
000481	tst_000481_Go_1.bin	go/3b4f8f24_nohash_4.wav	1	909b8f626b13fc4a9511ccca080a00bd001ce7c2eeaf346f1317bd492c5caf64	d5517b41bf335822ea55b9b1271f39be43222ab044e48e4df04e16cbaf9cf053
000482	tst_000482_On_5.bin	on/c0e0f834_nohash_0.wav	5	4263053d487630298bc2ca47b9d240b705ee008c1f96a187ea455fdb80dac110	31010326103ec29132f73310b632e015f3bda0e425d4081d6e5e2656ac867ea2
000483	tst_000483_Off_4.bin	off/f6af2457_nohash_1.wav	4	bd74a3495d633120f154a5c8a11dad991908a4ad94417f8cc717b41abd0b8733	e5f08afbb5a647cc0f3355e56747bc6ec46f551c1adc8216ea5602d1d19972a8
000484	tst_000484_Yes_9.bin	yes/6736bc64_nohash_1.wav	9	0469b53ead5eedf2ea54adb9326916e930a69469d553ede7e582a48a52c4a17c	b7ad317b644e934be812ff7dea1381809aaa10657d6e5bc68815ca20c528ccbf
000485	tst_000485_Unknown_11.bin	_unknown_/follow_63f7a489_nohash_1.wav.wav	11	9924fbebd7bc27f89250b321f905b1a862e2cbf3adf15891581131750b0a0d3d	aa08c5ad4e0415e04623f0d98234436c2130447ef30fc77a618d393279a242b5
000486	tst_000486_Up_8.bin	up/2aa787cf_nohash_1.wav	8	cc4da1eee3c057d4375c1038572295b570f9a37566609ad4788517968a601b0f	97ff1b4ff9ab8ed92f5886a3f91b94ba0e09ed5089892453bca8cb9418be05e1
000487	tst_000487_Yes_9.bin	yes/893705bb_nohash_1.wav	9	3cad64288b741517f2a73fcd15578758da275b12aa676d01811d26ed9abba9d6	fab59d51494646fa4927b28af3565a4f8fa1ef33906e5219b7e96b5d6f5ae9b0
000488	tst_000488_On_5.bin	on/8c0e5970_nohash_0.wav	5	cc0728a85cc0177f29eff5b79af67d06316667322bf33268694d83c11830dcfa	ad46a6f74851d5dfa01f5ad85a4d487c03f32f7a11875c6c2404eb3586732e44
000489	tst_000489_Up_8.bin	up/bb05582b_nohash_3.wav	8	44d5ce376d3b462eb0676ab0ff53b9aa84f55ab681c2bc21b4f1fd599643983c	b327b618be868a6d915fc707d3899c7d8483dc4fc53cce7e5249ccac40a30b47
000490	tst_000490_Down_0.bin	down/80c45ed6_nohash_1.wav	0	ed84d209e4dc679fbdc02a6fa8ab92c2211c1292e9e9be2989c164f7764aef3f	439fdee66b63cb9693b154b33b20e39ceb0ef02d6c0e644d938e1a7bd37894da
000491	tst_000491_Stop_7.bin	stop/9b3ea809_nohash_0.wav	7	8de9e5a6288220f31ba6042bb26da536225222d859fb32dc4212e43d4bb64659	2f87a4deb46b46cb8cdaffe5bd4f88cb5e8396d2e5f602a6a3e35db3c2bd063f
000492	tst_000492_Stop_7.bin	stop/f9643d42_nohash_1.wav	7	ec80407d8c4962f8fce69728fc3d708bfe6ca0210429a74c05bb6d27965b8e68	33e15513b545cdf8fe812e900b3c7703406fafeba631de9d70f9fe95081a1fe8
000493	tst_000493_Yes_9.bin	yes/8769c34c_nohash_1.wav	9	418c376fba619e10973ec40cd1b13936250226842c26e71b770a15ab48802b90	f54881adb7ee65d7d80eef2af80cfac741efc052c15c35be1fd1f20daadbbbb6
000494	tst_000494_Silence_10.bin	_silence_/1680.wav	10	620d635400581781e74b4d0bdf309d9447fd78f251241f1a6296e6bd441b832a	88959e287abda355546f05e2c1904ec8a0f09b9210bb1cb21a3af58eb7f8cc03
000495	tst_000495_Stop_7.bin	stop/9a7c1f83_nohash_3.wav	7	1137ad9dba05a219cc738f6e3bb2ffedad9b14fa192d2c20ae93cc4019c4d399	89d799d7821508b3179a7dc9151693528995f71c92bff581288be2374d851988
000496	tst_000496_Down_0.bin	down/b83c1acf_nohash_1.wav	0	185650a454f6f0f92095ed8747afa8016d07c1f1db3354e6b64cad6f754d45e5	73b23c7962d879fff99a00c8989890b9983abcc81ecdf565c13557445c7e4a33
000497	tst_000497_Silence_10.bin	_silence_/3661.wav	10	94b85541b9a661b937dc74b7a6270ebf42517fd061f14cd79ff904fc2c591ace	84b7621bf6eb31e7943511b48e9b548496fd19473ffe67ba58d12fc707a13747
000498	tst_000498_Left_2.bin	left/2005ca25_nohash_0.wav	2	1d9e87d44d983e7822f96f4adca9d1437362ace9b9500bdf1823d619233ed829	674874538e74463411be5efd58fdf44d9a262a4ce37e5717965dba11d7115ef7
000499	tst_000499_Silence_10.bin	_silence_/2872.wav	10	b1de681eb7804f93527328fe64a50dec4cf1491490d35052bac025be9f69a41e	1e1a5fad1838922276eee34a24f052bc4adadefd4282ed454bdfe9c6a0441733
000500	tst_000500_Yes_9.bin	yes/b97c9f77_nohash_0.wav	9	0a53a1e42501a8b99202e82d16f990174b39ecbab26ef549a9094fb4108d1bd1	d3ce0943b7201a20bc9b9892824591cd1850ffb0d90967d820d4c7a1584ee58f
000501	tst_000501_Up_8.bin	up/fb7eb481_nohash_2.wav	8	3376acad5a581aa689bd4f3c8b63602d1aa12241f8ccba3b0fd85c649e8c1e37	7ac2284219ff34c1d66717b59a66ae9f3df0f54f11ea710e8ac6f45d5ef418a2
000502	tst_000502_Left_2.bin	left/8056e897_nohash_0.wav	2	3e83225db78a0908c019c3f3f63c423488af03546f78dff0b485147b5f7b8575	e55acc2221667927c77171f9b2108ddcab46e1f3204e0136ac6b58659c6cfc15
000503	tst_000503_Unknown_11.bin	_unknown_/seven_cd85758f_nohash_3.wav.wav	11	473f702cecb187f23a0be851f856fb9c7ef45de823609c701848dcca1442f748	893d92abbb58c19fd17faec1c2b5a6cb70bffea2bc31fa98e040c910c008f96b
000504	tst_000504_Go_1.bin	go/94de6a6a_nohash_3.wav	1	27e9c9722857238584d0a8cfa1b7c84070508241be8b2a42129e8d57812c2a1b	efa2bdc6acbcb9f4f5c983fb12f216a371fb166cc5a5b7b6f43dea971f33722c
000505	tst_000505_Left_2.bin	left/964e8cfd_nohash_4.wav	2	ae026d35d630feba8a7ffc78d6015eba015eda01454b4fa6f9c8cad45e7cb5c6	0e949b48405a771532f16fffe35ba4858586727551bd1a70faec535d4f8f3f2c
000506	tst_000506_Left_2.bin	left/5e3dde6b_nohash_3.wav	2	2b6840e59b2700ab53787ff6afa4b39654c4f9e8e235479e7582a31e05077827	0368929f267a9095877139d2342a061a65162f650dcdfecf447dcd0a99b4f7fd
000507	tst_000507_Off_4.bin	off/c22d3f18_nohash_3.wav	4	9d7325ab27d5da7a8f93743188dc8f1b5384fc16866e085ea80f5c4350167359	d77971477bca22613996f9d67264dc032917d97d916fcd9537a52e4b458a7cdc
000508	tst_000508_Go_1.bin	go/26b28ea7_nohash_2.wav	1	2fc79040ff6a9ac40a045279fe027bcb785432de4e965ad60753be1b4f15c074	00b72c85277a6168477e765ab2c2bb36cdc57619eb103c30c5b56a11ac8af220
000509	tst_000509_No_3.bin	no/9a356ab9_nohash_0.wav	3	173ef0de85398bc00834b8b04c3682ef8f83f1b674194c7c3713a0ef3b8609d0	4bc609e2539ab1449f9a93e5ceef7b43e608f20482d609d6773793aa8f59aa96
000510	tst_000510_Down_0.bin	down/837a0f64_nohash_1.wav	0	14c365f37a3ec9b9d148f390705146b58b436c89ff3529d162e29f82aad09756	c8b1c5847b3a5002a110e81bc42ae5ead4c008cb6a7d4b3286e8cec00e94d71a
000511	tst_000511_Unknown_11.bin	_unknown_/six_dfdabe19_nohash_0.wav.wav	11	39b5348b21ddb10a0743e8cce67d0404a8ed3bac829e76b71ab8dbca35d8634a	2100eab8468b5a1dafc18ae6aa6fc9bd2a70410c78ae2353986598f49a7d6ee7
000512	tst_000512_Silence_10.bin	_silence_/1746.wav	10	bafb09f2a12a90b8bbe4a0970902efdd797a73d04ba26cfcb36dfcae904d8887	5fcb3cc33c5777525fe2e33e6b3c747d432b129df16b120a16346743fefd190f
000513	tst_000513_On_5.bin	on/563aa4e6_nohash_2.wav	5	91d99436907c322e939a95f95a22db9c61576f028814819aa0637445e81de340	a7956878b32d1e2174f6d4061b12484408ad79083f62879e9aa7773f10c46d67
000514	tst_000514_Go_1.bin	go/8056e897_nohash_2.wav	1	98bebc4ccd5bb34cfb51a748d86f928374c4773d0382f067194dbd89db300b2e	5aee573fc96aa7d6282acc944d7af0844e6f9fb598326a61ad9ceb041f26e44b
000515	tst_000515_On_5.bin	on/5f01c798_nohash_0.wav	5	6cc8a23c4373c75fd6d61bf7a2758e64dc3b7ed157ea016299c49d0c6fce60d8	d233912eca213e9efa2057bd83fc13cf67da1279dd389872f6560559e81b6012
000516	tst_000516_Right_6.bin	right/4fd1443e_nohash_0.wav	6	f13315948ec812457e75ab45f248a6b33d7ea1b5ba4619f69f693a42f688d284	f8c16f15640ccfafd68466e7366a47f16bdd8dc7142ea50906b786a1311c4c39
000517	tst_000517_Unknown_11.bin	_unknown_/five_837a0f64_nohash_4.wav.wav	11	7a7b626a6872d1f53ef4ab441466b5e13e3e1f062226a2ea9fa90130e411c57a	a4cf58e5db82e8c09d2337f4b43367f87ef51af3a2e805a13f7d264279244afc
000518	tst_000518_Stop_7.bin	stop/6f2f57c1_nohash_0.wav	7	a7a800881fdd6ed7ae4f666a634628f0f17551d25a7c484b79a17076c1f7e87d	48328a36815be7c88c2ce8bbcd3eff188b07ea6cf196bd379ac57e860337c23a
000519	tst_000519_On_5.bin	on/63f7a489_nohash_0.wav	5	341c3a02d076526c92a7ac7ebd1e9250a6b111d00da0643fcafa82fbd814da9e	93361e2fe1b5334ade34250665431f4b08bb519a35e1b355a93fbe90f63bb8fb
000520	tst_000520_Down_0.bin	down/a1533da4_nohash_1.wav	0	f88ff8ba8e1a3e7587ed51ff56375e34da48cd59b087d3a698cbaec08f8d40c1	322d1b0fdfc8808fb5588308535e060ce5f89920d57c1dc40fb07084f27d400e
000521	tst_000521_Go_1.bin	go/5e3dde6b_nohash_0.wav	1	e8b3c3e8db98da768b56a7ad27932e38f269e3aaf57bec92f676963e063b331a	46121a8d272493feaea199afccbe57f0ebc9b7fdfc37436421cf2facce775164
000522	tst_000522_Down_0.bin	down/d1a4fb3f_nohash_0.wav	0	83db3b372a6ebe51738847c5c8b1ed3ea4195644359e882b8ceeeac7facd4160	1cedf001104a55413f26c896808a3b8d870d55d3ae84cfb70007f7d23e04c028
000523	tst_000523_Left_2.bin	left/8769c34c_nohash_0.wav	2	eb873f8f905bc51cd1cc3b32a69e4e0d84377dc450b4cb8203953139fb11d9fb	f5e9ae854b1760340e8cab22928efa5320195594aa757ffe7b97632b517e5363
000524	tst_000524_Yes_9.bin	yes/1acc97de_nohash_4.wav	9	9dd60bf807a262ec1e0eafe636608327f429be9a7ac23b9929ea1d138dbc53e3	885974adbd13029d61ed44416044033b9b7b70abb138bda5a5ac5884d5d85228
000525	tst_000525_Go_1.bin	go/4fd1443e_nohash_3.wav	1	ed3dd360af9ff2b0f68adcaa65a8c189cef22d63f0aae2d4fb2a4b49aa70953a	f50cfa09da96b27dc480b728e933b348d3f9180c84d01ef831dcad8bc146c694
000526	tst_000526_Down_0.bin	down/3d86b69a_nohash_1.wav	0	c6ed7dd8c836b9ad2011f2109878170d837115e7efa30a6cf4de9dafaac1174f	2b8cf1e5a96b3e4b95bcffd2aa322fc853f00c9681374e1079669aada1176558
000527	tst_000527_Up_8.bin	up/a8e25ebb_nohash_0.wav	8	2a23c3b78ee9d5f041334a4d2808260c49eb620342ee69bb5284bf1980e6e258	4e5546e4cd319892b6c467f2a2fe9f13ace774cbd573bc3cdec7fd62d71c1467
000528	tst_000528_Yes_9.bin	yes/587f3271_nohash_0.wav	9	e6a813242052fe8f76e5a1d4bc28e7a0346dbac5bb976118e8ffa74618b146ea	0fdb1d3d5b6bbb7a5e9ab007b39ec847be9571783c41c7aec8c73c2c14d7d620
000529	tst_000529_Unknown_11.bin	_unknown_/eight_a7216980_nohash_1.wav.wav	11	d4476f657e654fb81335fce6a43562fa86b745b50b0ae69fd5513337a34da1e0	ebf805cd0ebf3df6f63dbfc34608f859b87e07232176ac3b9650a4117f65bd20
000530	tst_000530_Up_8.bin	up/4c841771_nohash_3.wav	8	125cc9fa6dad5a0184ef1aff2435c3cb66bc87aecdf36d2809a72cc45ea82a37	8ec18bd2fd97a9e5a65e1f6a9dfa7713eab65ae832138361d51dff2c014cfb61
000531	tst_000531_Down_0.bin	down/a4e8a997_nohash_0.wav	0	8815964c862b9c484f9da0daf9a32047e25bcd7ef13a182f98d19ba6e3953252	7e444fee51aca26d6837264d69849905f2eaac7e6f02de0125ba27420c4fcbb1
000532	tst_000532_Silence_10.bin	_silence_/579.wav	10	e407202f90050a6dbf6741465e7b53bd6ffa4baccd0969c0feddbd17f00ac395	ad032a0dca9afe71503873e8344e78d1ee228e158d905a70ab8322a95298e581
000533	tst_000533_Silence_10.bin	_silence_/1929.wav	10	3b9cdd56782e943386f546c99a34868af0a8109a5ddf010fd309bdd3ebf98140	63e502b048a2600525da31e170c4e0c27542fe26be4a5ffa8ddc77750b180c8e
000534	tst_000534_Stop_7.bin	stop/aa80f517_nohash_1.wav	7	0a14e556ecfa985ba319056b36be99af1db4bea8b731eb946bba619ab584bc02	54a15c52368e4e314249de9d84c8567918c97ea10e66495658fb5fc9180cf982
000535	tst_000535_Down_0.bin	down/c0e0f834_nohash_0.wav	0	a4062082c9803eadc97bb8b47d0034469941324845d0aeff2022f30097cd3215	2f0e11a23d38ed8913099bf320f316e12c643c18d318740dc64b7292039bd99a
000536	tst_000536_Yes_9.bin	yes/b83c1acf_nohash_2.wav	9	e8c468eb2a33dd96d89269836e3f3ddd644ea0425c1cee21377436f80878ffff	e795381522d5e53b494db06950c275d4f975a65fc377633ecccc28ffd66c5564
000537	tst_000537_Stop_7.bin	stop/37dca74f_nohash_0.wav	7	3bf86250825923a4eed99a8b3fa7bef4d17bd7935308edeb3e0b471995aa5519	5c27046caa2e270e2fa3b68e3e38bb130532b15354de7a3b661a3a25a34b10b8
000538	tst_000538_On_5.bin	on/7192fddc_nohash_0.wav	5	0f8bbb5bd7ef3a15d2f65390e06dc060e3262ecb77a3b6ad3c180131f4b92466	1aff0ee8c2f5c5505fda803847b0cea8820f827781f87cf56dfcee42116cc693
000539	tst_000539_Right_6.bin	right/fdb5155e_nohash_2.wav	6	9ddb9b1fdd191c25d50f8e96a0b9b0331200ebf7581e8a61caf93a88fad5a54f	3082731072b079ef4386f84629ad8907498b8944bbd684a3e74029d06a23229e
000540	tst_000540_Stop_7.bin	stop/94de6a6a_nohash_4.wav	7	b643b45f386e6af5fcc682321b168c6c9918c6788bf4ae65d0147cb8a318aff3	0c920127b3551741849eec232ded00edb80ac882eac0500c023df5065d483b53
000541	tst_000541_Unknown_11.bin	_unknown_/tree_0fa1e7a9_nohash_1.wav.wav	11	e97ba9983683633229b45a680bfcd184770aee581c687b7c482a041e0858c1f9	54f2bd55e2895c6eedc9422b24d8cfc798ceef6eb848dab96361beee79aea17f
000542	tst_000542_Stop_7.bin	stop/8fe67225_nohash_2.wav	7	3e30765dc9f4b8d41285f8cb83626f135f743708a9f4ead242c489892702a6d0	aecf07393e48feb757d188d2ab143cb96c9f83ddf22a0550a3961bb34fb6cafd
000543	tst_000543_Go_1.bin	go/4620dc14_nohash_0.wav	1	dd29db5d70162db8fa7c131feb3a0e3b55fca244fe6323aec5521023407ce76a	d3c1f944b41fdcc435a45b7acc7606598bcc5f744dad3204f5064526272f755c
000544	tst_000544_Left_2.bin	left/8ea6dec6_nohash_0.wav	2	0efeb09a35b0794b9d151808c11f45d9d8a28cccbb0c3c9e06ce022274dc3ccb	9db59b44e8912d7981f3a71e065205c47cb24ada245034e952a92059f4420a59
000545	tst_000545_Silence_10.bin	_silence_/1845.wav	10	0e0cca667e3fbd5166403971fbcd08d7d9f6c36004e2931dbda9a1774ef2c05b	ac338db6b245cfd2653fb12b901bedabaf7249eb9562d31063fc69d41c95da73
000546	tst_000546_Unknown_11.bin	_unknown_/sheila_881583a6_nohash_0.wav.wav	11	d9d3f94598c04bf6f98a5523612906a2cb7cf416810fc0d895abfe3880ea2706	1a5a5a09e56f6ce17d59c7ca84c00f4fea2113a3951bbc713df596612ba835be
000547	tst_000547_Go_1.bin	go/d1a4fb3f_nohash_0.wav	1	dd61de01f171653461acf5bc64694d48399e291a22b55dc621d6546561309a25	86b5c8f584f21c0501ec2955963c44136fd87c26996be6503f8ef85112755194
000548	tst_000548_Left_2.bin	left/f9643d42_nohash_0.wav	2	d4ffeb2999efd952ef8e3bd12dac29c1e43feb18973a6fef18cd1f53e0bc584b	8ed0eda273cbdc2cd1783040685de2405be64fd7f179eb63377f9af968bfb95c
000549	tst_000549_Unknown_11.bin	_unknown_/tree_4a0e2c16_nohash_0.wav.wav	11	d3f03525f1f06573d8a316b734539fe7247b3045af999687cc54c1320b7f4ab9	7c813f7d999a653c8a74ccec860539748ef13ffbbbd8adca6242959cd512d14a
000550	tst_000550_Go_1.bin	go/37dca74f_nohash_2.wav	1	fdcfbf26b28a4da31207fc960a36d4b236cd5d024f5877933ef7cb493a12bf25	df48e7faf5f4b89d131ef320760095b7e3ead7466951e96bafd89b82b3859f83
000551	tst_000551_Yes_9.bin	yes/9a7c1f83_nohash_4.wav	9	b461ff2eb49867d3f1fb01547030b3e31fe98ea285f5dea9d9d405d114098c2c	d1fa3de532d463863e6079202f3fa01dac41572bd178fc02dc579f4a72bf660c
000552	tst_000552_On_5.bin	on/ad6a46f1_nohash_0.wav	5	631f95718cbe2f22db3682539cef6dd300209a22af60b00b7517a1fef53dc08a	b49938b7a02bfb90ec4659c0c0db469b6cbe8d53c041eeed7f7be26e1dbffb55
000553	tst_000553_Yes_9.bin	yes/a7216980_nohash_0.wav	9	c095b2a6d1652dcf11097d321ea1e1d4f4f747065639d3554e7ae174673bd32b	dbedd8a3064397100c9d20c33a6ae3af222140d17986d356e3d537c25e20fdcb
000554	tst_000554_Down_0.bin	down/e9901cf0_nohash_0.wav	0	77f23b336ded990bb0e15ae7fe785a42ee0f1e92b4c8322c809a2b7571492074	d3c79a0c46883cb8490f44fb9f339a907d36b4a2742e6e273f44b399c6853627
000555	tst_000555_Right_6.bin	right/d9e9f554_nohash_0.wav	6	ec5f62abe007b13f7a8c069d3ec98506e668d1483a584e0e03a0906844aeb0a0	a8828feb11337067c6bc69f9dbef9713e6efb60a13a779c19a9c961aea529e08
000556	tst_000556_Silence_10.bin	_silence_/1254.wav	10	3e6c882d8e5e62e3cf38a24ba8b321437fa9b6f1d30c7c00014336b3b6a053f8	e3fa921940381349ed28bea0ac279cb1e95f1f1b381198924fe8dc76654e382a
000557	tst_000557_Right_6.bin	right/b49caed3_nohash_2.wav	6	9372bffc2a3da14f2d1aa6836c4ed52741221e95e369f0bdf3860ba7a91b18b7	dcd6ced49110570d47bc8c148658944bc7735fe7ddfa361a0ae43bd9025403d1
000558	tst_000558_Down_0.bin	down/87070229_nohash_3.wav	0	18bf1b0bf87a9a20db365c1b4d0ccafe878f7140c1f67361115fcbf0228349d3	9b041c44c74fe1c5f87312c61dd04610ee387c4c41161cc99db6dd89e7745e55
000559	tst_000559_Up_8.bin	up/db24628d_nohash_3.wav	8	e811141d0491f8e4b332d0e31091b1364a5d574b8486811efd69d75c3dad32b8	e281de6cd0559ff39b430748e633785293e689fdd34c0190c0223ed1c94479bb
000560	tst_000560_Unknown_11.bin	_unknown_/five_0d53e045_nohash_0.wav.wav	11	6e81316133e892c4e049ccf3afe62d845aed3557847c44b6969f97fa3de2a80e	001edbd4775f228698ac1f63de8bf936b35706aabf16d3882c63874e0ebca61b
000561	tst_000561_Up_8.bin	up/1acc97de_nohash_3.wav	8	a820b4be123fcf60b85be172f87a1c45dcd4d5a13c326a32c6a288ac8710d99e	776af9274b3c65aba9b1e6c79694d0099ecbd8288054a3663a4b958cc33c9a49
000562	tst_000562_Off_4.bin	off/4fd1443e_nohash_0.wav	4	9dc7c9d933d29bbe7808b63a39260d2156cafb607b6dcf45cfde6ef7b2fa1df1	09344653be36d2684221fb3faba487f39c79972992b12c07261bbb371d17737d
000563	tst_000563_Go_1.bin	go/0487ba9b_nohash_0.wav	1	07c0e01490bb0d484cfa47c8bf40849cbc081db5276a9e00684b0e23ceec2b40	0c273074452d8dafbc75c29600039a8c7b416299d87bdbc49ba1fc218e5e7b9b
000564	tst_000564_Up_8.bin	up/67961766_nohash_1.wav	8	165a50c11bc3df560d372bf03255b4ce23edec3ad452bf1a43faf5c6b519f322	9a7691de07d75a6f1d9fa5d958f654a72b1515b9f1f9afccde325335bd8c0656
000565	tst_000565_Stop_7.bin	stop/893705bb_nohash_2.wav	7	51f65521417c6ea6618dc5083b8f52f1e9582d20b92ccfb410631b48ff4a3482	a583a135a633bbed7ff813bed5283a338d585261512fe1f0418086b184036899
000566	tst_000566_No_3.bin	no/cd85758f_nohash_0.wav	3	1f19d5e043e2c279ffd803805fb4d2f55aaf351ed29ed670fc191b83a5b31c23	e5b6615e76c6a21163ff87ff3650c677f8e853b09f23a24ee8aede3098e8313b
000567	tst_000567_Right_6.bin	right/837a0f64_nohash_2.wav	6	390e05f3724de8927c645249fbb85b37bf82eeccb6ed9ebee4eeefc050d23a99	5688fd2a2b2b2a4cf61f8af20390de04e5f26b73e59686ff3b6af0dd13582023
000568	tst_000568_Down_0.bin	down/022cd682_nohash_0.wav	0	c96897347fbb87c8246bb2fefb438f14dffad3ddca2c1228db4d531f5bf19d8f	1036b938a4689a3487ecd3f9bafc808ad5986c6dc09cf1a348f9189cc44f2e4b
000569	tst_000569_Yes_9.bin	yes/aa80f517_nohash_4.wav	9	3020562bd8c41de2f24fd700e84625e4e0a7bfa2542abc1c9e8cac84ae5cb08e	7e3129683b33fd2fcc70b517d269dc2c4fbe64a951ba36786bc07d270f2dd3d5
000570	tst_000570_Left_2.bin	left/893705bb_nohash_8.wav	2	e4f42835432fc242919ff1ef00050946fe1134c6fb1f81c020708328091a7001	3094eb0ec4412e6ce7c4c770926d9aba26a3027f0149b5d95208868fc2e19067
000571	tst_000571_No_3.bin	no/d5b963aa_nohash_4.wav	3	50a5c213d6438cfab3e55e82562340e5462f75bc60fa645f0caf80b3509c98da	4f7ea4093fd549130f1875df57145dd3d4f2a664c480576f936a86327a708fd6
000572	tst_000572_Stop_7.bin	stop/1acc97de_nohash_2.wav	7	f6ffc35053442ec6991a092393e6408d69a6449dbce0c427b65a9dd2bd2b2170	e469533dce1f67f1caa6cac389ae4b0e1c8de990265356c04fee7d9442aff689
000573	tst_000573_Down_0.bin	down/5e3dde6b_nohash_3.wav	0	0e0155dd02411acdbf77a1720b4f102fb291b5d7c92e694fac7a17cc4d61bade	279da39d294aaa6732e8c6fc1e87ed4d9c8e3a125e6a2a2705b01c23dccebbcb
000574	tst_000574_Go_1.bin	go/0c40e715_nohash_0.wav	1	f38c862e580c0c4a0456b7818bfac66ef16429b9148592bef9fc5417bb401a10	107a10ab024b2ca1c5faff200681cd725e2efb42a05aca10f553250a15f9ebd8
000575	tst_000575_Yes_9.bin	yes/37dca74f_nohash_4.wav	9	83a2562f6010790e1affea42b53fc099121639006fe5020d4c9ee8cfc31a0539	597ea5e2895331cc3a61193f5ba390abe16cce5493fabf4640f9d5e8e9a60130
000576	tst_000576_Stop_7.bin	stop/a6f2fd71_nohash_3.wav	7	019cdda305e13c98c6f0f4fe3947c8fa960a7f965a3a26a82a067747306c62e7	7b51e012e50fb38055bc4f9ede43a61fc228d28b05237d7f18f3e5920f684920
000577	tst_000577_Stop_7.bin	stop/db24628d_nohash_1.wav	7	ee34bd45ff4859a922a0781151f64ebfd9b2d685d12f0dd144d0d8175a00596c	0dcca0033c8223a516e00cd6e2217df55059c506021254b2b29de23ad7fba2d1
000578	tst_000578_Down_0.bin	down/f5496439_nohash_0.wav	0	727c6d5b409e46783900769e9745a314531b95ee0ea03f05e7f679eeb53d40ff	c3ffce7eb87b5a3b4f81c7417078d36a54c48f57c40fedfd597824a809a6967c
000579	tst_000579_Off_4.bin	off/893705bb_nohash_6.wav	4	1129c8adc0a9cd4ad06a89cfa2c6537cd5deaffe59c376cf0a829f05da1c1626	d69afd4af693ace58c4076b9073412c9ae71ae8b95bb14156f4e1d18e160b5c0
000580	tst_000580_On_5.bin	on/5e3dde6b_nohash_0.wav	5	c46cd8a1dbadd8909a57667f3d5015e0304a6891b72e0a53e326cb14e2e20509	1b626f17e8dc1819cf1acce62e8e6990831f7928e1032f53f9a354ff30694fb1
000581	tst_000581_Go_1.bin	go/c781f251_nohash_0.wav	1	b4f4fa08a726edbfbd6883ee456f43cb57d7e58f773ff487b5f51b1f9a4b52ed	ecccca685c415d511e015fa7f328816d6b5c393298cd328fbf0813a54fc42e91
000582	tst_000582_Yes_9.bin	yes/f6af2457_nohash_0.wav	9	9b184c4ef5af9319727b14d7ecd9d9d69b4c3feb2d80fbddc534e8bc503a8691	a5babe059f1e427bcc2ac9c19a8ef6829ccfd0cab889d15c83fae5f3c2225634
000583	tst_000583_Stop_7.bin	stop/a6f2fd71_nohash_2.wav	7	11732379eb1de6cb3f60762227aea74b5da88e771d73de27969cdb399dea7d60	46cf69af0b602fa19db745f3189b361252c544aa075327146da1b893b81f3924
000584	tst_000584_On_5.bin	on/5e3dde6b_nohash_1.wav	5	7c1d1e8439121a3edccc89146dd4e494d1a0d70d10b965a7361759c28801bde4	ff4b1635055309f075bd912d06f4db4efc81c669527bfd5f076ca2d7a36d9f19
000585	tst_000585_Down_0.bin	down/8494fba8_nohash_0.wav	0	1979dc37e79993dca851d56f94c3015c9ed41fa47784cebb85586d7ccbf4764d	828e25bb61c2713859455878daa6501058dc6e2f7e47c95d4271b648123d5be0
000586	tst_000586_Left_2.bin	left/893705bb_nohash_0.wav	2	62a6bfb78c7474729b65b174ab672a148327c8e3672d7737c449271a88aceab2	fe83517e93514e118fc9248f909e94f82cd258e99afba190cb0710aecd78f44c
000587	tst_000587_On_5.bin	on/b83c1acf_nohash_4.wav	5	c688fd2f55613faa49df9afe79ca2085e31075571170424f7f9a9c34d1a9240b	7f1d5e0a8aa67bef54938488a73452b5766b594d6d979b119caa7a033303076e
000588	tst_000588_Off_4.bin	off/f297e878_nohash_1.wav	4	a1b8060dc379ae51ed80ede636e357715da3a611d3f80d7fa282f9461ddb48ae	5cc51d1632cc029298739deeb0cc849a3513e4941687b96aa35ed36bb1072a1d
000589	tst_000589_Up_8.bin	up/43fc47a7_nohash_1.wav	8	b483e47b1d7ecb56397cd98c646d24b7d4f93183154486385798653769380f24	9932f4e84c9e8c3008045d5359acef63d736e6c8fad22397a3e53d4680018353
000590	tst_000590_Right_6.bin	right/3cbd76a3_nohash_0.wav	6	efba28f989b27480027f224108a4dc7b98d47e2970c780ec5770b86f01069739	1606d152609f31ff1daa4e16242dbafbaac3c81a456c200e5712dce9b35208b0
000591	tst_000591_Down_0.bin	down/37dca74f_nohash_0.wav	0	1af9e6e761401cd75da78ede8e22f0536c827d982a6bc49a3652f119d3dc551d	0b0ae20c357efb0881c6403ae3dcc0c49f18ba990d0ed801836243ee5105749e
000592	tst_000592_Left_2.bin	left/b97c9f77_nohash_2.wav	2	dd4e0b5494f18cf6db007be95c8837b5d39a845a68a7cdb249565751f72c6e80	b6bfbe6b63fecc4a6cf1e20ec672fcc0b28d64b5203422bd7803d06a723b4ca3
000593	tst_000593_Go_1.bin	go/e0c782d5_nohash_2.wav	1	618b40762273ead800907cf2a86e719a4c1aeb6aff9ca85743a1276553578ecd	d2c2a1caf902d5257147e4c8598bb2aa1515be6c30a3aa307391f60368c4722f
000594	tst_000594_Left_2.bin	left/9a7c1f83_nohash_2.wav	2	65cfb4e989559ee1dc8ac46e0239d5d3ad283f84dbceac3c67806ceee0a6665c	21afe709c64bbe5f69252e6f093d0607b238c26b7a08b30cbff52e541272c016
000595	tst_000595_On_5.bin	on/d7467392_nohash_2.wav	5	340c63ce3f8fb248fd79b32ab46c379aafa0f5d38951190278b3edc48428f9d9	64bd08be29538dc3b9726be871674b055be0918ceb2e08a3c6079420a8fe4533
000596	tst_000596_No_3.bin	no/91b03183_nohash_0.wav	3	06e5703491924eb258ddfe3e546ad38c7e7d03b668c42fd5a75cd4506387b846	f3ede738231bdaeb9eaaca8512f571e87acea11fff1004dc7fda17bd5b19a9e7
000597	tst_000597_Off_4.bin	off/2fa39636_nohash_0.wav	4	131664761fad11669e0f62b4db2d31a39d30e08eebc3145119bc1c66be2f1247	e02347700caa9fe1dbe4cd38d7984eb99a2c4c890fe9ec26e8f175dbfe437b19
000598	tst_000598_Go_1.bin	go/5828dfa2_nohash_0.wav	1	82aa8e710ec34de74fb0d25d37b3cc75811bbc8c3bcf988858f06f023245854f	95269e2336d3d4433cb659947044654847eded55774a680a08361806705b79b3
000599	tst_000599_Yes_9.bin	yes/26b28ea7_nohash_0.wav	9	3db4ede77c9f3e57a9dfa43dfb3da628436e96a896459c73c9b2cbec20e4b2cf	9b53ba179eccf986f8c7111d38f21d327dee9f5e509c4b377aca349b9e6698e1
000600	tst_000600_Unknown_11.bin	_unknown_/eight_97f4c236_nohash_3.wav.wav	11	c07b0b432831cf3b1635b0d6b14ff099fbf4d21317c9d492cbfe0c5ae9a63525	0beeb4af8018a19de4ccedbd92ae6f6ab6de01589cf91fec31b2959217689740
000601	tst_000601_Go_1.bin	go/422d3197_nohash_0.wav	1	86bf694e5b9956feccf783514d2d0803616fc99931f4202b5466393065d696cf	a820c94b34d5005fff2cf9b0b2f75533798252c8816c9d5062367baa0d8bcd0d
000602	tst_000602_Silence_10.bin	_silence_/3441.wav	10	e63ec673a9a25a8ccf91fcf66d35b2ce066c7cec6d0248dbfdb4338f2f438841	745d5d29ebe618776c2676a1b317ab1169d341706a48f4d36267d04c4bf74a51
000603	tst_000603_Unknown_11.bin	_unknown_/marvin_7add4c5f_nohash_1.wav.wav	11	48a7ead38eea05074b0129a8ca18b63d3e369f2c58549b5407fd1d5421c2556d	44fcfa2a2eea9ee520730bfbd43abed75199534bde57de0cebf1516c455281c0
000604	tst_000604_Up_8.bin	up/8769c34c_nohash_1.wav	8	0c890480eeac63ce7c9fe41e6dc1958372ed8ec4e4771ca88c4fa52110c04e59	084660c343a4a7e13eaa60381cd0ae1e5df8a7d1412a431f80b2197095adb910
000605	tst_000605_Silence_10.bin	_silence_/1941.wav	10	80bf0f8ba1ae9baf98164a312f9a1de29336548b9102c0e13a25b4e07fb1b331	3074eeb5a651fd106f51d97f9f643f3ed5f5d96e7dcc38b2aab808b41a07e0cd
000606	tst_000606_Silence_10.bin	_silence_/1156.wav	10	47258428bb3a80f781717cb291fabe8d4d875128dbc609f3d4f81d61fbe6af47	53453e4fe751fa1f64a9bac2275bb85c00d4ae0d08f6f72b486786b9c614264c
000607	tst_000607_On_5.bin	on/8625475c_nohash_0.wav	5	41d41701a78b45316e1d54f64dd3d176de66b9d536779c5160ae1792a66fcd0f	629c4788cd7eefe8528c0f7985fde9ec2873274525412e292e70d6c7285753cc
000608	tst_000608_Stop_7.bin	stop/692a88e6_nohash_0.wav	7	bbc1a8488c713ce51e13795d0571807ca16f573c5ef7be080f051d6d85617bd2	888f57c1ae626a167b4520e6acaaa5f0399133f368f29054074ce96e6921068b
000609	tst_000609_Go_1.bin	go/b737ee80_nohash_1.wav	1	d10e2aeea877ca08b3b2ed737fbfc7326fc79074a59916f5076f819570f6c484	eb8ca886990b77a75d77b87e071442759085927f0475a643ef68ae88b6c0bfdd
000610	tst_000610_Left_2.bin	left/95ba4996_nohash_1.wav	2	c683fffaa2b3a764ba7e83eeb800b23a5560a8b8b479c46948aec98c177aba39	94ec6c2d1be6d84434e37e06c520ec459cfbdad8afd22b3df90474b33709e355
000611	tst_000611_Silence_10.bin	_silence_/4881.wav	10	95950ee0ba4b20dda809a63ef48fd41f3a524847917e39dc1a07e7ca6ad5ad0e	092acfa6138090f0912a19716c647b32e71ef7b1e30e4f0c93813d9d8f3a8fe3
000612	tst_000612_No_3.bin	no/03401e93_nohash_2.wav	3	d62322ee57a10f32e553c3559f03a2c12f4216d6453c7ca2d092da0689ff37a8	73d7ba7d00241c0050d7b69562a679623950ce213bb824d51e22df956e1641d3
000613	tst_000613_Yes_9.bin	yes/553f1a79_nohash_0.wav	9	39fba28c086d417d1e23f00c51d0854955df1256a08c8874b61403233db8b2ad	25f0b0f76c2f9ca8254d37d7655620a8a25121726d030f23bdea29c4707d98b4
000614	tst_000614_Right_6.bin	right/189cbabe_nohash_2.wav	6	b7ac9088290f3619165f5f34ca717514630931eb111704d973ef886afb5ca3ab	d4df81b54815675ca5819ae55c515f5552f0827f13ad3fb0cd917b08d0270345
000615	tst_000615_Unknown_11.bin	_unknown_/forward_f9643d42_nohash_2.wav.wav	11	12ff2392939f80c2f61c09e96ddef9dd200eb1b9850cafe653221aaf55507cda	340a09b3af94cded7e79bd82be6feebc2eb53cbea01a71f0dd05bc14b2f6b967
000616	tst_000616_Silence_10.bin	_silence_/3040.wav	10	05610d535985dd457cd77a2f870e17510b127fff9e9e9d111ec7a1b6284c8884	3ada6cf7ee849dd1dfb56cd2c1f3a2ec6ca2211ccf909daf10d9afe7f05df7c1
000617	tst_000617_Up_8.bin	up/9d4bab4f_nohash_0.wav	8	3c9fc0368e0ed810a3a31a998db64aeed5863516070fe0da08d3de5f0ccb5027	e568d2f4d9412f45bbb40b00766a2a6d570af09a7e7c0486214a3aaaffd38aaf
000618	tst_000618_No_3.bin	no/798f702a_nohash_0.wav	3	58a58c60228b477a25e81d1c83b86e948443f28283455f39dbedc3afca6242b8	95b27bffe14aacb9e144e02ff19c7b0351da79c80de3225d320d0756f22e56ea
000619	tst_000619_Unknown_11.bin	_unknown_/eight_893705bb_nohash_0.wav.wav	11	bea8372c5602d28baaa619bc8862c647ea501bd39c5da4eb8feae11efe8ec1fe	a4b78c87fcd63776b751303de33c915235445219f64015693bd08955333f241c
000620	tst_000620_Silence_10.bin	_silence_/4698.wav	10	bce357bebabbb40e0f035e4faf0e8a10249fdf7652e27da3ab98f2a3f29c9bdf	aeb15e54088cb606dea126f64584ece69c45f473359b2321848000253b1314b8
000621	tst_000621_Go_1.bin	go/f9643d42_nohash_4.wav	1	7c5da1bcc8383aa942939c293c06eb60585ebf1ef2801d9a4fd67146679baa16	a94c6afd17333cc114fdb1277291c949cfa7ac3a7463778ade99e4577a89bb12
000622	tst_000622_Down_0.bin	down/aa233654_nohash_0.wav	0	19cdbbbf75ea5ddf50971512479f8dcb6a19353f18478810dd4a652340ddb802	4d02ac57c05fa0ffb95a4a4e268d001f52b778f3c55ac6e2546f5804dbdc7b9a
000623	tst_000623_No_3.bin	no/4fd1443e_nohash_1.wav	3	ace2716403f484e2e3b498ad05864dc9233882022617be204fa90eb9d9c7040d	4c0e00deacb1909c1c444762163d4ec6e24c13132df0cd58ff39cd681c10fbfd
000624	tst_000624_Yes_9.bin	yes/5170b77f_nohash_3.wav	9	280492363d3efbb66ee3ff6cd4794a338e6b3793af87ec0365e4679a341d3f4b	7052291ba927363575eaa5d9f7a63b512a5398808562bcc46d37ad298166cfd8
000625	tst_000625_Stop_7.bin	stop/d7467392_nohash_1.wav	7	b4b71969bc1b5188a108f7a045c4ca736330deb9e41075a93b40e123a175ddf1	f70f95adde4720099c25c3382e9f105acacabd5995579134c72b8ccb79d69f7a
000626	tst_000626_No_3.bin	no/837a0f64_nohash_4.wav	3	eac8d8006ad44f984b22a5508e4dea4ca6e713a3f15231d38a7b199497867f77	9d2c81da8b50a7bf6c2290ce2eb109ffdf0cf596d95fc1c47d69f7cbe9389c3a
000627	tst_000627_Go_1.bin	go/837a0f64_nohash_3.wav	1	c4701861a7b0cfa7e82d810b0b3c63b32159e51afd2834e9cae33eb465833052	a5a306d5ef0b8e3689d1a318ddc8db6e23a190fc5173992a25106abcb8302c70
000628	tst_000628_On_5.bin	on/fa446c16_nohash_0.wav	5	af688e7f8189129747562a55d44c636dddfeead7a568c04287a7cc3435e870e8	aed2540184e6d5192f0da646ab42d1ae097ea612eb69ac5ac3e899983380fb70
000629	tst_000629_On_5.bin	on/94de6a6a_nohash_3.wav	5	ad21b3d0b1cdc8a8ab45e0ababc993e24a57be56b00cf267d8235de815c01819	68c583950171a3b18fff301fb12e1640d24dae62e0af4c9db4db118ceb579978
000630	tst_000630_Unknown_11.bin	_unknown_/two_87070229_nohash_1.wav.wav	11	dcace85e2d2776912604d3502aff11c1faa8da4d0596a369923093564669f4cc	d1bdaff76144dd64b57ab51d4ccfd0c3bfe5facba0ba686bd8c01c3b76f0938c
000631	tst_000631_No_3.bin	no/563aa4e6_nohash_3.wav	3	05f7ef393e90adb6e16aea2c8fd002fa39ce1a3022219a1020eccd5ccb236f2f	043ff6a15f597fa197b5a9c865c9c5bcd19e7fce4abe36c79301c341248b1a07
000632	tst_000632_No_3.bin	no/e0c782d5_nohash_1.wav	3	8787e94656de0b19d344cbc26edbf8199720832cdfd9e0fb6f01d5c48baec595	7035e3f6221fa22b8afd8d3bbff3827cf70e13bc06f7f019660829d12c454982
000633	tst_000633_Down_0.bin	down/c518d1b1_nohash_0.wav	0	4a0e8cb85113780852a2af0cad9904c3d3277ccd58883535c7d1654f6d8bc7d6	8357bbeeb431392152c514678ce6bede63c95821c4fa034e40bf2f6a2c35e150
000634	tst_000634_No_3.bin	no/d0faf7e4_nohash_4.wav	3	715442a24137fde52deff2341d88cf856a8d4e49a99903c25a19c2e2b68a7a08	aa43e70f0d0a578319b02f548fda33a78e6ebc2cf0a4c4b665a7067926cba606
000635	tst_000635_Down_0.bin	down/8ec6dab6_nohash_1.wav	0	bc356d41adf74ff70f4aa5a8dac942cd2304f438ef6fffa97e22fd3973c7e850	de47de0aa788f30a655bd9e0131e0a52ab4b2e761146c01508de0f242133c6d9
000636	tst_000636_Up_8.bin	up/c518d1b1_nohash_0.wav	8	81e0cb9350f4e7f03790d10e44697188c9eeabcb97a54a07e250e34400701970	2357933bb6d38acb7e0c5896c23411bae1107f86890829f4ceee0838e4202ec9
000637	tst_000637_Go_1.bin	go/553f1a79_nohash_1.wav	1	a79e2e180370ab1d468b17829eb3f03d365eee27a6b149bc2e269c2faeb7f8db	46e458844b26c5c9bf8e6c1e2393e07984ce531418382247d7ad65ea80bc2145
000638	tst_000638_Right_6.bin	right/cfbedff9_nohash_1.wav	6	edf2d08ff972c99de3460fbc61d0aedf3027732309fa80f526802795836f3945	01972a9ba6b8cc510cdc5018ecfc3dac49fb07e5e714d5994d956b2a6f2618c1
000639	tst_000639_On_5.bin	on/b49caed3_nohash_1.wav	5	f5eb43e1e36c90fcb8c5f0f7e81942960ef2fb611c7793c2a5a39d55bdd67935	24b1b32fabe55b0abebb670928b92af249ecd7c0d6b9078aaa23d60c1788ce65
000640	tst_000640_Right_6.bin	right/aa80f517_nohash_0.wav	6	ddaac82c1cd868dd3e17b169b817d832933a18c44455f7b3d6edafbe0372bd94	58801c13a5bf3d3d88a778746040d29367e2c29306b86ae3708d790b2a7fa075
000641	tst_000641_On_5.bin	on/5f01c798_nohash_1.wav	5	85ca7e5822b3e06305c5678640fe9abd4a41240980161e280272b23be86fb309	3f945012211ef6d866995c64fd8ff89e3353a7df9a30f9edfced51302c360d78
000642	tst_000642_Stop_7.bin	stop/563aa4e6_nohash_1.wav	7	928903fa2956ba48d495412e369e415ae3229a82345d5ae9a78c73df736fbdc5	b4e81cdd8905284bc6dee02a6a9ad43b2ef7e3254ac033317b2be9b7890f2ac3
000643	tst_000643_No_3.bin	no/bb05582b_nohash_2.wav	3	dd2b0c15173f8c96e06c88750c065541cabe82ee101660bf14e4b19d950242bf	f4b84be37d18ad2a8fa52ce7298ea80d7ce6073d26a42b5a86769e04a17b1ec7
000644	tst_000644_Go_1.bin	go/ea356919_nohash_0.wav	1	c6e15977f01b0685b8f26a29cfd2a4665d3a9731c98622a10a452a7d654f1dbc	5cae0de1a26c5b9b00fb0fc8bec862e977cc185602f30acb4b2cb778f58fccc7
000645	tst_000645_On_5.bin	on/5eb5fc74_nohash_1.wav	5	67b1e6988734f9397f439ad437fc69a6f18b1993dd1cfed7b96ae05b0f389af2	5d3e75acc0244fb3f52d2a6aaaddc5643463b9f4980d508d658b780467da2cf1
000646	tst_000646_Off_4.bin	off/0c40e715_nohash_3.wav	4	57664095847f673331a27346589fe89572ca0b3b452721ef6a564944d3335fb0	b4247917304ccc3d36d1de2c0d7b96b7d3d3bb1baa9fb8b546a044d64f992a10
000647	tst_000647_Yes_9.bin	yes/beb458a4_nohash_4.wav	9	3335f23e41dc68dd22d21a40b4aab6ac22fd8a719b8dc73a63e3f0f1824aa9cb	35ff5d9bdbf4051d0fcba0f7383e97aca345d34a1ee2ea168ce1c79aa4027047
000648	tst_000648_Unknown_11.bin	_unknown_/nine_4f8ef132_nohash_1.wav.wav	11	5f734c2b64bba56af2cbc5077f08f56f14d35e9030b3d94bcc30ce3649a13911	79657bce713e5e8d388fb2281ec027732362dd2da534412193c81c5b2cf554a4
000649	tst_000649_Unknown_11.bin	_unknown_/forward_4c6167ca_nohash_4.wav.wav	11	21aa254bb6e3d67393a3b9871bfd9a777b7d99a942510b6246d83945100a325a	3c3edb6ee9e992d11a54763778e237f40596024c6e5d163eb539bcb142f1e154
000650	tst_000650_Off_4.bin	off/f2e59fea_nohash_2.wav	4	d123df47b03d888937a05dd6d8309f986fd8f11f41933414a3940bb9a0f2c357	f6241b8cd16e758856478d524540233c51a42d0bbd77d6fb0ff5ff28649e74bd
000651	tst_000651_Down_0.bin	down/37dca74f_nohash_3.wav	0	c89576956ea544a53d8a7564c343ca20cbcd1867b726698462d02332b6da7a0c	886520c3692c1d908e98621afaa0e91cde9e06cefd1ba85584a1d06bf760a426
000652	tst_000652_No_3.bin	no/aa80f517_nohash_0.wav	3	46af55b4bc05c00dde2fc2eb8178e88875d4dff994cad8e601ef01feea066198	b8085d074cbdbfefe3572601457e18c183a4ff5f884253fd5954d09f4afea0f0
000653	tst_000653_Up_8.bin	up/9a69672b_nohash_3.wav	8	a61918f5a40cfc254c48b949b97ab008e5318a27866d515d26c0b2eb3d267d89	7597f428aa2611461e08d045bd99363a133e55f795731e7d7eff343b5afc2603
000654	tst_000654_Left_2.bin	left/d5b963aa_nohash_2.wav	2	13556a0c51fbc59139ce9da8e853d0408b5ed686063cbf0e845f0cf0200401c2	292142e0816051780083b41a273532a459f9cbff1031ce9760df129be9d5bf0a
000655	tst_000655_Right_6.bin	right/83957201_nohash_0.wav	6	3261f11b400c4700a5a7b0c3cdffccb6b64dd397e4bd61e1ac100d5ed4c4e070	c2f60969a19c3338af50d0ebcbd591edb084afa15677e81eaad23665e42850f6
000656	tst_000656_Stop_7.bin	stop/189cbabe_nohash_1.wav	7	4648e28c191430d2fba7901627d57079878962a3431fcca749d44ab005635c1c	a326e39da55bbc7057c6b5b283d82ad8c3a671caa51620bc523de46d1618716d
000657	tst_000657_No_3.bin	no/6e916de8_nohash_0.wav	3	ad894cd91c0e5d64de3ead12e181385278888e5c5cd66b40e47e885be35c0cfc	e56edec2f6d597266791c02366ff428da449348cdb2d3d1cff56345ea912f063
000658	tst_000658_On_5.bin	on/a4383927_nohash_1.wav	5	ce998c8a67c80cdfaa7da6f55b9359839dffd89553749bedfcfafd6da3da43b7	1d532cb8a859c836e12cdd13001e94b398194cb5297ad39e9be0d95c40538bcc
000659	tst_000659_Left_2.bin	left/412c675c_nohash_0.wav	2	b1bc7f7c87780d2d766df898344df6ff1936964779ae85f4c6a4aa50e2d442f1	de1bc46aec60f8a4d4e22e13a19367a9f99aee23ecc6cdeb17ad173bb8af8119
000660	tst_000660_Left_2.bin	left/b83c1acf_nohash_4.wav	2	040c4dbb9ef2502b27147b3837cccc19c1c7618b5aa54d9c82e6c058edb6f4e4	cc502c7aef9b053c9bb93ba5b20a89887ad1c3c773447a7762ca305c3c3935cf
000661	tst_000661_Stop_7.bin	stop/8c0e5970_nohash_1.wav	7	42f014d27027c0305bffb57a0e6346ba1b898bbb10982cc99dbd115998eb6048	fa10eccdbb45276f3d61dc90f70424128f9031bfa1c23bc38747c9bb2c02cfb4
000662	tst_000662_Off_4.bin	off/ca4d5368_nohash_2.wav	4	b885c9de05a4724a006f38a09d0e5c8f6a5e5ccc5da5af588abff0af4e32fd5f	55e2f488bec2248bc0b23744c6e2133db54f51e592abe6f3eb4f56d9042ce86d
000663	tst_000663_Yes_9.bin	yes/e0c782d5_nohash_1.wav	9	4a9d9ab5689f4c6681c480d48ba6a930b3beb2b807b214db67879f377f5ccd52	cfe53da889bc1735aa689b4bee0d4bb2755492b27d9795c20429f3667b7f076c
000664	tst_000664_Down_0.bin	down/f2e59fea_nohash_3.wav	0	76aa5b0b74ffcdcb678b939132507afeb374e4aae35e8dcdaf9be690b4db5124	7ca7756217efb36d6c9da81e8d5042dbab44d3372d010fb70fe3e691b1208dce
000665	tst_000665_Yes_9.bin	yes/03401e93_nohash_0.wav	9	5f805478d7cc5099b45d9e86ee278b6537d65ce124abf31ffc6e61944a711b2b	22a85fc37b20c9fd076b5cd09a37722a5ed95968d3454a21c7d3d2c2f4221bfe
000666	tst_000666_Yes_9.bin	yes/42beb5eb_nohash_1.wav	9	27fc7e5f564921fee2ba2d3f03c4688f5cdd1e30dc5e26d00cdb56a2c345a34f	83aff9e31905fa36d5892ec7980e9136e2869686d64ba103def1e03fbe357a48
000667	tst_000667_No_3.bin	no/e0c782d5_nohash_0.wav	3	eedf808a69436858ae52cc130d3f74a22c9bf9484457905e99f54b9b0483557a	27f07d0490602cfc1290de9f372d3e13c72a1a8d02fcc56aadad9ec92d6c911a
000668	tst_000668_Silence_10.bin	_silence_/4023.wav	10	c7c542efff96f5fd148df8e89b38206511e325c1f929082ff9e59e8f4e67e327	fdf3bd2e5858285c52d101d7145e575b37fd798085436d57fb10b2d55aed1953
000669	tst_000669_Off_4.bin	off/8fe67225_nohash_3.wav	4	2b92dbb91a189d629e26d08d08d92fca520a135c8d6872b15aa850b735ffc6cf	a2187bec95909118e74ff2b6ed27a72dfc3d3fc18c798fffa5c277cfff872f4b
000670	tst_000670_No_3.bin	no/cfbedff9_nohash_1.wav	3	f8a8bb8f5546984d6f28dcb451e2d655e09de46becc808d969a1ff5c96dc0b2f	0bee424588d5627fd0fa0d7a048515b8b26f028f26e59b81cffe9757c4999a2d
000671	tst_000671_Yes_9.bin	yes/9a69672b_nohash_4.wav	9	9d2c3c0b155fcc47e305603feac6ac81bc88e9b460849ed73238da2f95d6b6e1	819247f1a0d41dfd8eeaa8c1bfd2e9ab5dc31814ae95fc62ee35bbfb069c9169
000672	tst_000672_Yes_9.bin	yes/e0c782d5_nohash_0.wav	9	f7dbbd60ee9f407f25e51fcfed4d1260904e5fbaeeeff0fcff8de22d68b1cfa3	8cde29de4d1973004a7db7ab61ef89f3834f6e80aa5c3f80e70c656928103120
000673	tst_000673_On_5.bin	on/bfd26d6b_nohash_0.wav	5	2b24c1d3c5b0b3eb676cbc1b69ffe906773051cd49fe193c4fc3ddd658feea28	c3ca8d403e8bb14ed64f7f22f28d3b4fcb0ae2ad2a292df21ffe768306228254
000674	tst_000674_Off_4.bin	off/653a48f5_nohash_0.wav	4	b1803ff4111444d68729beaedcee26f03465776280ec7bc1e6670a1d8bf2174f	0e252f522b7d748a817c5be7f9f86bc7d6a1d8aa66259da9eb4c23ef2fa229fb
000675	tst_000675_Unknown_11.bin	_unknown_/six_1acc97de_nohash_0.wav.wav	11	32fc175121e75a30d4be90ceaa134823514f35221b9a1b7add985c95284df4a2	2eb4cde96950ad73a27363bef5f548bb84d562cb135f50d40da7ad9e02743648
000676	tst_000676_Silence_10.bin	_silence_/319.wav	10	24bc89b060463e7890e0f70e175629cdddc2ab8559eb0bc7776a42fd652fdc3d	a24d851a3f1b7761d3c2b64e6f6a7d2cb3edad2cc4bf9000816b898f9d559f96
000677	tst_000677_Stop_7.bin	stop/893705bb_nohash_21.wav	7	058f8506940e6956290e03f71874d7b458bcbd16a4029dfcaf29df6f8db4939c	9f1b5c45bf9a9a5d2130ab84f7ae11187ee214653586256a0ac14f0bb7d6447e
000678	tst_000678_Up_8.bin	up/ca4d5368_nohash_4.wav	8	b4d65121f4af4900915a83908df9f797ca4fd755cbbe8c63faf1d53cabce39b3	4b42fc7f1479837088feca31fad85404820b4d0d6c2cc1178f517928d9a05306
000679	tst_000679_Yes_9.bin	yes/a7216980_nohash_4.wav	9	2f7b3cdbc55b488def4191cb5273eb8bb5e15f86b95babc64503925e0ccfbf1e	e713db2a53e24cd31a1804e7e8c0425f07aae466f56ee28f68569ca6da292619
000680	tst_000680_Up_8.bin	up/893705bb_nohash_7.wav	8	9cdf365bc55a3f3f22f95fd52cd982995e6c2e28753f37542c287b3df5e690c0	1b7857b5822209de6e4dd11af5812c710749f39590bc869d662419ffde13fbbd
000681	tst_000681_Go_1.bin	go/d962e5ac_nohash_1.wav	1	10a5e4d8ee7c6fe94d78712203db847536e2c3c68871ebe20649e3663de18d29	7590b50fe60c744f558e40e602aa5d4e233bd3a2fd2d8b0ef89ac2e022e0eb06
000682	tst_000682_Yes_9.bin	yes/563aa4e6_nohash_4.wav	9	187a8b30a27716bf247dd08efccf1f5425996bbdc1ee04425a24247d0280f9b3	1cee8a88992a14b476e5ee44a886eb286ba446336f797875a31ab1e149b3e287
000683	tst_000683_Up_8.bin	up/d5ca80c6_nohash_0.wav	8	2cb53f2b923e9d0f4b2a84f3187b6fd9a77ec740fe95e51c4dfcc729d21542e7	4cb5b89f39e53bd7b68a590b3d3c1c6e9aea1708b6ad102f324d20020047590d
000684	tst_000684_Stop_7.bin	stop/893705bb_nohash_4.wav	7	ea59ca8d8923b4139c982c980020e081f4428396f30496adc0e2ac561260804a	b060b1bbd4db28c5f1c03962fe12461e66b639e786a92cac5035ce5b56547ee6
000685	tst_000685_Down_0.bin	down/9a356ab9_nohash_0.wav	0	3f2ab9aae9d6a88e1bce65552f717c234ffc39e2acc3d1e4379d55e8aefc93e5	a016a708b527e18b0ff2a8863dd55c6308254ef460ff0d2a277f33975cae586c
000686	tst_000686_Yes_9.bin	yes/8769c34c_nohash_0.wav	9	cd91293818253e878d160c93bb2ee9778ccf0e36de4630fec78aea274304448d	da6a6aabbf91736db29d7317e50f9e3eca456f271db2417542f8e7d2e654de76
000687	tst_000687_Unknown_11.bin	_unknown_/wow_5744b6a7_nohash_1.wav.wav	11	3185ceabee855de171f514954cdfe868121027cfca535c4a08eed4add7d8f8c6	f9be907ce28978f0b022c199c04670bbddb53248d6ec3e7f35023e1e86db5e8d
000688	tst_000688_Unknown_11.bin	_unknown_/eight_4fd1443e_nohash_2.wav.wav	11	da031733880e3d060ffa5e90c4cbcf5cc510f36172e0427315f6add46e96097c	e182ed3e2b7343a44807e861c9789ded741992d6ae9084f1c6a81598b38589d0
000689	tst_000689_Left_2.bin	left/4fd1443e_nohash_0.wav	2	a3eef74fa70a50dc3af203e4e2e5a224b283946293729ec6fcbbee9f12da39b2	3f6125dfae1ec114b80fa59e96696af45e2761092cde1436fbe8ac9351c243f4
000690	tst_000690_Down_0.bin	down/8ea6dec6_nohash_2.wav	0	c3f014e5ac25f013837f9544930f4d84937202d53289c8b1fe8c307d338d6893	e94dd98029793132e546bfe11875fd8c43f46195e2de34137fcb3207efa960f3
000691	tst_000691_Up_8.bin	up/c22d3f18_nohash_3.wav	8	ce65ac0d3c695c8ffaa17bf0bede6a52fae3868d28ba46c1a11655ac1dc9d1a0	9593ee0c646899cdfd3f2ae208a91c0aa435f1bb653cf7d984b5dd7ec9479ea0
000692	tst_000692_Unknown_11.bin	_unknown_/sheila_cfde27ba_nohash_0.wav.wav	11	6332d7297f3e414824cfda0b984f29474643d35339f2e123b099fb6aa253611c	0ef7467a440924b7d489ffff60be29e97e5ed36a6481fce30f0d1944e9f30395
000693	tst_000693_On_5.bin	on/d0faf7e4_nohash_0.wav	5	9f7078507ad9badf0b4a9560383650a85a827804abad72d2ff06b6f8d26e1211	2d792c436e4824aeb74c3b3ea3c5d9df1ad0da62acac7999ac2bffc19590975b
000694	tst_000694_Unknown_11.bin	_unknown_/five_a6f2fd71_nohash_0.wav.wav	11	e343bfe9c7e1a1a475294ce219db1c62af62a4332d4d279bbca5afef5524f8b7	9131bf08ac09a5a71976caf86e45d23b5293d26676ba7cf5563b1ba9064b3ab6
000695	tst_000695_Down_0.bin	down/8fe67225_nohash_3.wav	0	dfecac17bc5d93969b732eff147873562bbc28f0886e4674d28a5a8bd843cb97	2a11f49d0627bdab8a51406d6c279b524566cb4a83e3a8986293c12b5c96fed8
000696	tst_000696_Right_6.bin	right/d962e5ac_nohash_2.wav	6	9656b91d001cd0a5ecfc6c7a243ea216091514695a8b830dea0358f12c8f9a19	be5c9d75afb7ad2ae3887ed5073543499c21a24a19d38254ddcf6ba7371c40e2
000697	tst_000697_Silence_10.bin	_silence_/1292.wav	10	d714b24f2f9c7da32df816b8dc78b7336168af0ee375ba1afaac4f76daf33797	404c6a8fa859b8fdcf60d07f3f4c8443dc54158043b5c4044b02e93b8cb5dc75
000698	tst_000698_Go_1.bin	go/c7dc7278_nohash_2.wav	1	10131c7a31b58f09b4e645050db86dd95578123a23c1e91bd4e18cdada404c7a	f6c845fabb19f2a627e7530bfe8cf20c35b1230c24debb5a962b808a098eeb86
000699	tst_000699_Stop_7.bin	stop/d0faf7e4_nohash_0.wav	7	f7d33ba57fb361050fb0daf7c3cabfece83c2e377b3374c4c4d8b6e9d2173c6f	af78de1a1cbeba9e9715500b10fd0907631db02a46968c7e20984aa932e74268
000700	tst_000700_Unknown_11.bin	_unknown_/zero_d0faf7e4_nohash_4.wav.wav	11	7d3c0b9739bddcd3ebfa8283a037765e1302b94bba842f19528474070309bedd	a7aa016f418790bdfe7c87c98e50f10178993293e69b25a22c562f341c15abbb
000701	tst_000701_Right_6.bin	right/b83c1acf_nohash_2.wav	6	bcc1f0442c2e1ad14ff9321e7df6f55d2b9789c16a19306bd780e3a498db0533	e1d4edba548d13389655573639f57edccafd8ae697990940808637ce0abd2bf2
000702	tst_000702_Unknown_11.bin	_unknown_/five_7dc95912_nohash_1.wav.wav	11	403a9cd3703b0c67f33083dd981f2d4e0ea8ac02a3658cc7db3ea6f81657e6c5	c7c3c33353472ab1d0c2f410fc79f983126e19a4c966f610ff7b6091af54a39e
000703	tst_000703_Down_0.bin	down/d5ca80c6_nohash_1.wav	0	aae5717bbc349f4258b623a3d7d7a26c86bfda8e79fc15ea261e913418fc9c9e	970ecf5ef3ec1282fcce4b0e85ec8c7896de5d022f159c7d8dc496b4658ca514
000704	tst_000704_Yes_9.bin	yes/5c8af87a_nohash_0.wav	9	ed5ac2544daecebfa7fd7f92d51c671649d321a2243fadff5880fd6bc89476e3	06f40dcce6d16570017fdd5ba8cccb834e95891ad48ac21f41edb15174cae4a6
000705	tst_000705_Silence_10.bin	_silence_/2321.wav	10	931c523332107c8497a1603cefd24de6555a1316f5c2246e3c1fb643d111f725	d33b9bf4bb47d30c455b1ab66b3c5ab614caba9b7e8dba1cb58e2b0c891db8b4
000706	tst_000706_Stop_7.bin	stop/7257420c_nohash_0.wav	7	15b4cc2db48528424a4d53c9cfa7a3e68d47cccff6fee810a3e177f512da5b12	35562b4ffe82937b188160b9ca92b8e95bccc9a69d5abd78806173e6ad2663fb
000707	tst_000707_Right_6.bin	right/f0ae7203_nohash_0.wav	6	cdba58cdb4c3cf8ad3a6e4b8db7677b750a999c0d7c15696b2f5d5ca01ac7f2e	8f4c30354bdc32d299f86c508e3637c43034c4c428db06f84320adc4d6c19220
000708	tst_000708_Down_0.bin	down/f17d21b5_nohash_0.wav	0	86d225d90d140f2baf4c4f4d0be1157ff062082057218c746dd6b09dd107849d	d39956b6c137f18013f4d77df44feef03009a56395d4c6d0cdb042758a658bac
000709	tst_000709_Left_2.bin	left/2796ac50_nohash_2.wav	2	c1ae8c8e1ccf3fed20992477b5bcb59720081d268ef4fa33628b152b27cd3e20	6e5a663b45ee5ec702de5034fb2c7cee704e57f1ab65960283abbac14ae59679
000710	tst_000710_Up_8.bin	up/f292725f_nohash_0.wav	8	40883838b075a33481e9680ecd3768a5a4a0503497865ee063dfe767bded6cac	8b1fa4a75fbd00169720d4868e5441a03bbd1e092422346d2548fce83b6b1aea
000711	tst_000711_No_3.bin	no/189cbabe_nohash_2.wav	3	f0f4d8e9a9ad115d118e18dad98d7feea7dc64e535f92dbe5d6ade5f0f02e1a9	6a24ff3a4060d0471c21b4f80a706f0178d54b52ed42b79c58892cf6268c67d4
000712	tst_000712_Up_8.bin	up/8625475c_nohash_1.wav	8	8149261b13acbcab27352185605380a36c258cb327600e89b3056d3a439d1235	7887318c4406641095a8542656d7b781fc230026acbb300d711ff9e5531efcf3
000713	tst_000713_Down_0.bin	down/a9f54d8d_nohash_0.wav	0	363aceb56b711988efd01a101f4c11ab263148d2379c15d8cc177c5dea54cf2f	f17b8e4d2c0fb18905c7cf6b344de4aba9070ad72489b7ca4c6ea6bf70c06c86
000714	tst_000714_Up_8.bin	up/fdb5155e_nohash_3.wav	8	4b1e8f28c64f0657cebaca508264c7579378b30ecc7947050dd2330932cceaf8	7897ecafc57a9c45be2170bcf1fc94559d1019dc21aa861b429d688a5847405d
000715	tst_000715_No_3.bin	no/2fa39636_nohash_0.wav	3	0e68516fc366b4157d05e373eb3a243a29049a26c72798cb2b17a2441311518d	d4450fb8db1d3af2022cdd96236acc7f85619b342b8648f53d1bdca73f66ec67
000716	tst_000716_Off_4.bin	off/bfd26d6b_nohash_4.wav	4	d3341a0c56faa7b89b47230a87ef68a98931dcd879b1d9f4932f6967aef2eaa3	e363f6a9008349c32a2a2d6ea7c7af64e6e80031db598378baa2e7c1b6e7ba04
000717	tst_000717_Down_0.bin	down/f428ca69_nohash_0.wav	0	eeb47b539fc62300360d9765434c5821b9da0598d25f739f3fe1f569b39f2a4a	7f99ba37005c7ab22a82451cb6ab73ef66a4ef1c1360c112da3e9c1c16870060
000718	tst_000718_Up_8.bin	up/5c8af87a_nohash_1.wav	8	6c4bd3b8d7ddc6f4f5b1cc17af5950789977653d5756df874c1820463baeae08	88a1aae055dce4d8e90cfe23aff070535faac097f8ea34fe1ddefe13d6e82c07
000719	tst_000719_Up_8.bin	up/8ea6dec6_nohash_1.wav	8	65ef33a3178c22f0f68a6d62c96130baa62a7081258d62624c3336b806ad0eb8	bc6cb891ef47c9eeba99865f503184647c9182cc2b13d48d0dbfd2cbee1d99ce
000720	tst_000720_On_5.bin	on/8fe67225_nohash_2.wav	5	2f0da998a73103704b38905d04c6b6042f0367d70090ee2fa0bbb8e1e4c544a0	f090f99dc177ac514b5d6a1643e26fac28d0cbaaa283727dccb51144f3a3710f
000721	tst_000721_On_5.bin	on/6f689791_nohash_1.wav	5	ea23dec490ddcd957dd12b6817026a1f91ee1228bcc2434846acfca9296b9bc6	5081a8add16ee6dd6938330632e014be4735b36fce53edf4d90657572ca01148
000722	tst_000722_Left_2.bin	left/b1f8326d_nohash_0.wav	2	b034ae6491d7039627dc958e5b4c3c85ddaa88c164cbeb6a3cdae170761931e0	2317d7cb47b4571f22bfa595b9e1fa801ea92b87648567f7d3cf911e7b3ea67b
000723	tst_000723_No_3.bin	no/653a48f5_nohash_0.wav	3	d1919edbf909ebc48f4b5ce354aa964448dff92f9002c8b51ef3a62551429086	7b315ed835826687d20116b4dd6ab7d4f1202ee200f7feb5bf5c5ff7c22a1e39
000724	tst_000724_Left_2.bin	left/f292725f_nohash_0.wav	2	116a52ca812e9a7c1229a3e98f7bc48f9e7e9474244bc3ea49e5165d4ae8674e	54af6379ef74d31e60f3cad018b5ef20b9a0623a34bece7a669fa1e23404130f
000725	tst_000725_Right_6.bin	right/94de6a6a_nohash_4.wav	6	16e8217c415256c322601728714678d50bbc16d5c7798a7315aa262277dc4ed2	ac914f5325eec90899db850f208b0671a285e06afbdc8ad04406c01cd1b939b0
000726	tst_000726_Left_2.bin	left/d5b963aa_nohash_3.wav	2	a139c1547faf4599ced905bef5bdc1fad10a56f0ad49f2be55eb13c5c03e20ed	8c4de843ca527e6334c089485c586a27bc1724b9e19f03cd7b8f97ea83503cb1
000727	tst_000727_Up_8.bin	up/893705bb_nohash_15.wav	8	35107b7471dc9f698fdcc6149b963f40a916a02296bc7b3701091377dd7b0895	b17fce1dc5f67569d75061430aa9e1d57f01e4e791c4675092507fe011163c6b
000728	tst_000728_Left_2.bin	left/b49caed3_nohash_3.wav	2	3c9bb9b8a46d5c3de5909466bcb6bd24e2fabefe8a490aee48ccf6c727aaeb94	9bbf1bb132a0f4d329486d4c47b75404af825c579709fc98eec574e2e55150c5
000729	tst_000729_Silence_10.bin	_silence_/267.wav	10	344684cfc23e4880353fe0c65637b3786ab381b6588d7c825df92e2c55755ea3	a6d17034b38982e8d78f0ad4ec7d7d1f1963879e4001282b4ab5b90fabf42267
000730	tst_000730_Off_4.bin	off/5e3dde6b_nohash_2.wav	4	aae28119ed8648054ef1e0b951d6269757b4da46d89c938c4859865636f632bc	3b16b7494ebb499c075dfa896e78373e896a348434b275b8dfa72d3bf203b753
000731	tst_000731_Down_0.bin	down/2005ca25_nohash_0.wav	0	1b72904e6c8627cecae7d7811d671b4edc354bcb493b5b6a277adae5797e65a0	30ccd5ed4975147ccb3c2a9c285dafa646984c64c618ee4dbec2b557ac0f4785
000732	tst_000732_Silence_10.bin	_silence_/2724.wav	10	8edfe158e6f3d5a98d7bf8b6f88a59e4f613051f7094b00aa7c6d7f536989b3f	438ef719ffb9543b32c75b9334a30cf7aebb723c96113e77309cfd1bfd6fe27d
000733	tst_000733_Silence_10.bin	_silence_/3867.wav	10	7f00707b095d4216805c93abdb0ca8c8246ab1ac00ac4eb667647059fbcee4d5	73a8b779dadf9430e32169573f24483f10bf0b098a9bf99f5b697a0808577a9b
000734	tst_000734_Go_1.bin	go/2d82a556_nohash_0.wav	1	5785da3f8d3703be702d7ecf04cde7afa952c7b8f19bd25bfa9ebf45ad12305e	17b61b9e29a7a82c3651db636c4bd47713ad2e0176d378ff4a42b88bd68a156c
000735	tst_000735_Yes_9.bin	yes/b7e9f841_nohash_0.wav	9	f7696c2aa5cd4348e4549380683387bd34471f7e682fd50fd5fa147b9edc4565	0a88fb4e642e8ecde77f1d98c8eb4105b2ffdbce5599080691c9ec8f70425dbf
000736	tst_000736_Go_1.bin	go/0d53e045_nohash_1.wav	1	342cfae06fff736242141bec079156ea38a87b0d060818784db49625b658f931	fababa3d4cb8bb2d7c3cff4ab8f624c78b3d0cb1fbd1b2bc49c93da8d464ad14
000737	tst_000737_Up_8.bin	up/f2e59fea_nohash_0.wav	8	707caecca9d757d8b3209f565424d990a5151913cea3210aa74e67038f70a8e9	6dc7fe7c7b9dab90da9c967b7f508766000b6bd0aec2300a1cbeb8361ea286de
000738	tst_000738_Go_1.bin	go/5eb5fc74_nohash_0.wav	1	da727adfaad4a83143ae6792de65d46c73b29f0ede9506026a956e7305b1bfa4	f9580f7c7250a3924ceea85111c4588a91f160b9d6b895ea4df694c667faeb05
000739	tst_000739_Stop_7.bin	stop/e1469561_nohash_2.wav	7	3dda037a1ef446bfe946ccf5565b89e8d59b5ba3521507a10d72560b4116982e	8c54f79477055f00d7df795afb9c79d0358968f618de9e70317e1eb720c0f3c0
000740	tst_000740_Go_1.bin	go/4c6167ca_nohash_6.wav	1	5ce66ebf308dc4bb8d5d73de04624c0b5a02bfeb5fff8ff91f55ba033d13b133	6bc767a87edf11cef7adbc48dec1abe2488be0340018cad7eee7b7599382debd
000741	tst_000741_Silence_10.bin	_silence_/704.wav	10	11f672badf553f2117c0aa8b6b34cde2010f34184db49f8077e1463c63bd7e97	2d5d31fbd6c0e563f2077fe06ae5860ce7001dc9fe95dec6183b793a2c9b936b
000742	tst_000742_Unknown_11.bin	_unknown_/one_3b4f8f24_nohash_0.wav.wav	11	2cf29f677b6cc38c048ef2393b15876c8780e28ac9855b5dab5a08ae5742733d	ed0c0c3bec3cf012a5b685842767af0f62ec859b9d3f4cee90f6d18b7388ed1d
000743	tst_000743_Silence_10.bin	_silence_/2254.wav	10	619489d9811f6001e04c458d3e02b809421ccc19654c78e6a94194ac18796f92	cadd0179a788fa5000b439478fb60d5b6945aad0b04c2ea83e6ee5d652dff055
000744	tst_000744_Down_0.bin	down/5e3dde6b_nohash_1.wav	0	bf9c609e0bbbb54fb0055a97c95717274b456aea10cba359b464b5b8575abe7c	c66c12dde13d9f95258a46328e014949ebc809c469429fd2757722512bd0ab4c
000745	tst_000745_Up_8.bin	up/dc75148d_nohash_0.wav	8	2520ac895db2e5bc7c4896d8344c7011f543e9c4c2c952ffc471136aff91743c	5f31e39f05f1a7d81509022b4d7f046998519f6183a8d3d3e3c311284b61b762
000746	tst_000746_Off_4.bin	off/4fd1443e_nohash_1.wav	4	3de6f98dca6374cfd3337b3aa4e6c4ac637d5a38eda91ab8ad7fa036ab5561fc	1b45eb3c14db15d27b89b77db76e4edbc8504c04a52b66b9ee3d35f55e14238d
000747	tst_000747_Unknown_11.bin	_unknown_/six_653a48f5_nohash_0.wav.wav	11	d4daa7d84e7eac17855c428d52e04f96bef03307d5a307c9250f1c91cc3b5a25	8d72673478b35a6b44252a3595249943d862afb73c70c7ecc2e00141e5b482de
000748	tst_000748_Unknown_11.bin	_unknown_/three_8fe67225_nohash_3.wav.wav	11	5045739dcc9c188a1b49f296e4b195746dc2875a9747ba95a0374cc4548bb1bb	6a5a86b7e6f71d4c0da4c38c9a5275d1c45cd0dcf62f70ca9086fff6128de477
000749	tst_000749_Left_2.bin	left/a2473d62_nohash_2.wav	2	f671f2d991a95bebdf663226a59cb031195cc35178aa05f8cfb3d3f2423fb3f2	99f19fe013d4095216b105a7f9e53fb0269e4aed6ca5ed03ee68411f76fd2c36
000750	tst_000750_No_3.bin	no/d5b963aa_nohash_1.wav	3	c1580224f274f607245ac12d5fede251953c5d877cc4c925296e6b93b2d0190f	393152b15660bad5ad85daef12778c1c99743000bbe601b1dde0e7bf5b60773f
000751	tst_000751_Right_6.bin	right/4c6167ca_nohash_2.wav	6	df9de04fb9de53ccf18f1999b1c023d984f9da8a5ae0338edf587d3137a096c6	b263fd8d15c139fbb2fbda29ed81293b66a8bf4e60d831b894a0384433261367
000752	tst_000752_Stop_7.bin	stop/563aa4e6_nohash_4.wav	7	e75baed6b4b3836be0dddd34ca31579ab41f136d6075e1d80ed8dd94cf6d32e7	7b65d408bfc2478ba8ade20ee3584efbd504b3e061e29b51d47c5b00ef0ce585
000753	tst_000753_No_3.bin	no/a4383927_nohash_0.wav	3	a262c64fb444a257257f38acc8620561d945371961edddd2d57034690bc13305	5645e5d8896517801455df223478f294d45299225f34ee7a3c477645260a1a6d
000754	tst_000754_Stop_7.bin	stop/9d4bab4f_nohash_1.wav	7	091a6c9e0beef47709f0488557ab9967866d8941761d46a06b77c6a93202b266	38e65e67a760a330956219c6fb98eb403ed182cdd8171e9b99e6d2d8d03ceeeb
000755	tst_000755_Yes_9.bin	yes/bfd26d6b_nohash_3.wav	9	d83ff401672d3f3897d76a24ad4b7f1ed6e5b19153348606802b07e7d156cf82	010ff54c8fd520524e3698097653826ab06c19feab9c78f0d85f8a54e1878fbd
000756	tst_000756_Silence_10.bin	_silence_/466.wav	10	b5c01b457eab7500bf0288dce619cb2e441235aa3fb0308cf9ec2bb3780b1636	d19413c4ce93236bbfb30484d3ad2e01dff54a98e13677c35ab7fa999d15d887
000757	tst_000757_Go_1.bin	go/f9643d42_nohash_0.wav	1	38ac95be812ec02d590e8d8fc897af4f6f6fb9548d766f281a0a346b97c41e75	4f32a8412276e1ea0716990380b1aa5dd721268241871663e9570c4053d9367d
000758	tst_000758_No_3.bin	no/83957201_nohash_0.wav	3	a1767851bd916143f449522b9b96ff7aa9bbaf2f130644ff3f3481b442254c9c	bc54c995338bed5163e9b572b34cb9650168fb20fe9acd8f3c39a813f2598077
000759	tst_000759_Left_2.bin	left/6379c6a2_nohash_0.wav	2	7a78822cb47aa13cf45dc02958dafa5d18da9a618941dc467f2c29a5d7b5147f	dd91078addeb7b02076d2b50420d5b5a72e9f83280c2ce1755f0964e911a5f83
000760	tst_000760_Up_8.bin	up/af7a8296_nohash_0.wav	8	9da0d3d69fda4650cfbd5de311bf60b5a6c8ab83360224f86a1c677f9c8e65a6	3a2a240af17b2856927828d63eb40071fa38f9523510507a34ef0f11fed39837
000761	tst_000761_Down_0.bin	down/4290ca61_nohash_0.wav	0	28c9ad4b5c1e0bd48c1d6e3af484677d8a31220a6904d6cd8edcd9e0d2924ae2	8b8c14bad6a62ffae870e670e69a5ac7967f5901a57cc336928132bc99ed5382
000762	tst_000762_Stop_7.bin	stop/837a0f64_nohash_4.wav	7	55a4aed9b9f797522070daf9da05a8f3be793b85f8a84d51a23094f42fd32447	fea0a1775eb15cde65534b93c1eabd7e9c54bfc76c71e4e0b3b0e3fbc4394be2
000763	tst_000763_Go_1.bin	go/fa446c16_nohash_0.wav	1	f2ac700e047e9618f20425e0473bbcb853600a6a0e9437d0d46c72bc7b7a70e9	ac5dc7b7f6b973f4febc5bb579a0d7caa75f2da151229f95a2341208784350c5
000764	tst_000764_Left_2.bin	left/f428ca69_nohash_2.wav	2	90a6f830bb5ab4ee2ed5b6a670a5b8fcf8e3b27777237ef74840acb4caf391e3	71d39ab4ba34acd75aad7756cf26aed1eaf1178e1222a90a4c8ca9d565d26d82
000765	tst_000765_Yes_9.bin	yes/2c6d3924_nohash_1.wav	9	f34649f70bf09e56dda4be50551659e6c6156ad634b425386b3538bdca2449ab	8c8aef38e81ac01e74f5fa96011528b958787219b34f446c5a18f53d3b52fb03
000766	tst_000766_Right_6.bin	right/5c8af87a_nohash_2.wav	6	8077900d2e4349f956595c5d2021906dc742599d9257fa579c05b6ae49936dad	ddb7aee70ffe569dab58932644a4a68bedf96fa1d99636648ae94ac8f340440d
000767	tst_000767_Go_1.bin	go/fb7eb481_nohash_1.wav	1	d25c4659c3e7004f83f869440779fce3e8befcea9db9158a88b18f990d6e71ad	58811cf7e608c1561cae4d0a8c8c936e299a09abd40fb037dd9e8ba862a24c13
000768	tst_000768_Left_2.bin	left/48a8a69d_nohash_0.wav	2	1223ca3803cf6d3143949d8cd9d411b3a1ca9a79220ef1f2862c7f80f7e993eb	7638921bff9ab6193991bb406266d4ba498acbb072a2c97183c6418ca9ab11fb
000769	tst_000769_On_5.bin	on/9a69672b_nohash_2.wav	5	4cc582276fe00ce717dbc426e8fa7769230128140bba2639a7afa22549671a3d	6fcef958cf543444f05c45fe3d6cfd452016d1e4fa060b9920bbc7798c132ae1
000770	tst_000770_Down_0.bin	down/97f4c236_nohash_1.wav	0	ec765a710eaccdeb637cbc3439d769eec2a3018a02dc37589319cacc243faf93	29980eb2229d2581edb4f2a7dce141683c9c7fa3106a4ece9b58f82ae8e64c19
000771	tst_000771_Silence_10.bin	_silence_/2968.wav	10	1ef4430a0604099933b3e6306335a617849a18e714b61482fc20bae05c8944e0	d3275c3a17028badb7d2d7e8bdfebb76f40ed4ab52d02ec03c5dc4abfae8bffc
000772	tst_000772_Right_6.bin	right/37dca74f_nohash_2.wav	6	db027f1eb8ed775e4468f707f75185baa8f3ea339f7881e73056947f55bdb767	daae8c2322612645e44bd976039f076f1d1c5301a88424dd56d56dddb1849a6f
000773	tst_000773_Left_2.bin	left/4fd1443e_nohash_2.wav	2	fd5a24b13e1e12325f54860f9a14db1d83741b3c5c3524ddc45a3a73de896923	b0b0f92b7f0eb1c2ae1bdfb6af901b60011bf74a62b05a916ea83c6e6911ede8
000774	tst_000774_Silence_10.bin	_silence_/1136.wav	10	ef3f5f079c0c34f75f0267d83dd3c9686e5a5cca4d8e2a6320905fddea710e8b	b108c3863b8132b010d5ebee13bdabca0e785269c3460cf09aa8720c96b25174
000775	tst_000775_On_5.bin	on/68dd409e_nohash_0.wav	5	fcb241c676cd287c70644357309e5540f49e0917e944c97bca2a5c66ffa29a5d	05b52ea0728c002000f261fafe2c826cfe15e58cea4d8d01c7f3ca5d7e28cf1f
000776	tst_000776_Off_4.bin	off/893705bb_nohash_0.wav	4	bd6cb8f6fadc048944e91bfc05a9f110ccb9b9663af1846b1ced8fe22e83ed14	ff681796c8d80e2622ee64e2b4afc7f004aaade92989d0256009de3d348c37a5
000777	tst_000777_Off_4.bin	off/4c6167ca_nohash_4.wav	4	b9dab40b78de639754973f15d514749acce15c68686631211b53ff59308f499e	1628b629f294d66c96dadb50bdfe18a1b0457d1ecc5cd7cb85437c959abdf071
000778	tst_000778_Stop_7.bin	stop/d0faf7e4_nohash_3.wav	7	02f439241dc7f5203aa13cca8754e39a9ed10d86b3800cc60c96d9a4ae2d34f2	e899cefe963e985bc0349db5fb25e6f3e2f8f5125988ba1d1c44b4e352065b98
000779	tst_000779_Down_0.bin	down/94de6a6a_nohash_4.wav	0	91647faa872eeb8575f2c45495a2d0e9a72a159cb60629d3fc9abf01a375b425	d28685bbb4d2192d17e7ea384f2fc092b2233870fbf8eeb5b2e6a6e915b0eb06
000780	tst_000780_Right_6.bin	right/d0faf7e4_nohash_3.wav	6	0252e8da557dd90c362734cefe40ad1530b8046e5744732348cf5660777e4daf	163408717f0fc5720db372cc67b469f10be0a7579b5dc7d1e5a7b72242f9b642
000781	tst_000781_Up_8.bin	up/aa48c94a_nohash_1.wav	8	02e7766cfb8bc25356c7b80ed922277bdabd9011f21e3b96e35b79d835522977	60aba6f9b501ef19c3061eb2d9df71da86196c5535744664a91c9e3f8c709e78
000782	tst_000782_Down_0.bin	down/5ff3f9a1_nohash_0.wav	0	8d93fe64c7b5729a86ca86173104d366a25719c8011d4899c16ca59e5bf02ef7	a412be5e6e4ab178882355adb404a93d0899ac10472345c2e27ab971879536e4
000783	tst_000783_Unknown_11.bin	_unknown_/six_1acc97de_nohash_2.wav.wav	11	c7462f40da9d60b12768053688981d8303aab16b782c6671f6d42e047f4b9560	55259761dbd5bfb61cc579bc1510cc70383bac7302d773d2825e775de829bdd1
000784	tst_000784_On_5.bin	on/44260689_nohash_0.wav	5	6e0ccc009d1e50e6c93ebf95076f2af0ef99a5cfb42bad02a86bad0398da8ed7	f161d252bc177cff30f464d2e76544661b92d06d5c3b82c07a916ae64254bccf
000785	tst_000785_No_3.bin	no/837a0f64_nohash_3.wav	3	d72a634861344c3fc0a50895197661cc00fa57009e3c8ac756af3cd4b309d740	74df0e5686c169c9d047af806515c24acad73de6bc73de4e8061d3e499cca0f3
000786	tst_000786_Unknown_11.bin	_unknown_/wow_dc75148d_nohash_0.wav.wav	11	0495e284c5be8b648f2143f8b67af5e88f91f76393c9b91b40737097cae4774c	b2a0a20ad6e7b26372cf75ffcef458c003315c6e6b7e134233588b61b3583a16
000787	tst_000787_Silence_10.bin	_silence_/3861.wav	10	1878200697305de99e6556003d85b8a98240439b9d5132bd3c263fcc30fe9798	4061eb2a99dd3b70a7ce99ddc02c3c1dc1ff70578dfca6202b5bffd03391eeeb
000788	tst_000788_No_3.bin	no/aa80f517_nohash_3.wav	3	ed86d2d958ba0a3eba18b4f939dfab8b00c4605dcb507b13b0d31129785c6bf8	9c02793b587e6109ae5593c8e3dea6548ca41490fae9a4a2ec416a4b2e6a9fe1
000789	tst_000789_Go_1.bin	go/0cb74144_nohash_4.wav	1	eefa6034fad161d902be4de1d49678bbc2f117512c8def2a097cf6ddd3da1f54	685a064b06513ec37a4ee5f4de4599d73d8f3f2a94aa5f9a473a6f095e14b7b2
000790	tst_000790_Up_8.bin	up/d962e5ac_nohash_0.wav	8	5a8dbe30ff3528b872807ba212f20493da61babd3bbdf6fcf29530e8d6948d38	97ae055723d6ea8303e2907f7d6597a9ce40d155bf2e0d5f0c569bfdd039266a
000791	tst_000791_Stop_7.bin	stop/e41a903b_nohash_3.wav	7	9cad9273184cc25b0f2a2d202b98b9396f0376685d0e0f2f14d3558d25106963	7a13703c85beacefb2112bd9e8c7ce81a063931d486cc73f3af8a3f377401aed
000792	tst_000792_Down_0.bin	down/af405b69_nohash_1.wav	0	a01189810c4f7e41e5b005177b12621c493e846e001d8771ad4c605533634aa7	31122ffdbe14a5b730f47d5420024df7acc913cac998552224de6bc803d1a262
000793	tst_000793_Right_6.bin	right/f2e59fea_nohash_2.wav	6	4dc55bc4cb37f0f43f443fa71c77d95120d839295c15cfd2ccfab9925e5cf46c	b2e54766d4a30d6eb121588e3bf8c527f1256eb0074a8b94d9df8f93ef4f1e44
000794	tst_000794_Yes_9.bin	yes/63f7a489_nohash_2.wav	9	fc5fff606023b30b7cd9ba0ea532a4a9a644ba32d12e233e8e19fad20e4c5130	ec3721fed853b70124821f800e85661eb1f25875847cabf8536c6c45aac4affb
000795	tst_000795_Off_4.bin	off/af7a8296_nohash_0.wav	4	9748068f0874f744a590b0131a98f00d7904334a75b5c75179f7f29a898ea951	727cedce80f3d26e590162f6f61d5c7a6b744a718a9dd8829f51f5385171b2e8
000796	tst_000796_Silence_10.bin	_silence_/1818.wav	10	9e25498b0b486ffa9d5b80d94f990b68ee76ff3b43362a30a6cbd14db4957c4e	75b7843e1df4dac7994c6912a8fd995b20e4c69bf88af2e84d273c2bd3e3bdd8
000797	tst_000797_Silence_10.bin	_silence_/266.wav	10	f48dd7032112109d509e2e8a66c538719e888c673b91b63cefc455a3c633f82f	a9891a699e9547149e99ad9730c7abeb6cf6382ddffdffb526c77e330497def2
000798	tst_000798_Down_0.bin	down/f9643d42_nohash_1.wav	0	7444a401d801911237da3a4644498c97f95db5e6708afe7f54e11cc9c0b90616	f415d679d24fc5170eb3cd6a300b7bb2905ea7db2be5e65ee6ae2af58a59d10d
000799	tst_000799_On_5.bin	on/af405b69_nohash_0.wav	5	803ac97545cc492a6f154b50304d6e1481869418c764abb21e18b8c875075283	66ce7d94881c7c9e07c459e030c3b1b17b259d6d685d4a82691fc7a6a65defe5
000800	tst_000800_Yes_9.bin	yes/4c6167ca_nohash_2.wav	9	650d9b72416c5569a33387f7fa9365ef7ed3155a1e65a95c71841041b398a7bb	4655670e48a74a7543413ada2cd3f381df5ab14fb78aea91cefe4bbedb6c51ec
000801	tst_000801_Up_8.bin	up/c7dc7278_nohash_3.wav	8	95b08f12cf74b0e6c694393a5ca55f9ed6c724c404a79a92ff0e2ea4f9fb651c	6f597cc59e0f2e419b5f12eaeff82a47d8d8ece7d67f11774df011f7e07990f2
000802	tst_000802_Unknown_11.bin	_unknown_/seven_b83c1acf_nohash_3.wav.wav	11	0149e52dd9d16480fc86825beb686a940856e132ad895236e2223813c0aeddf6	7c75fb05bced6c90e4d58c74a30eb51cbba0188b179b914378d403d3f929e0e1
000803	tst_000803_Yes_9.bin	yes/fdb5155e_nohash_1.wav	9	3e1bc9fc0c32c0eb457105c2cf0dcbb1afc405eb370f47398689b86bf37fe2ce	d8ae10938958b7436c111b3f08e04b1d475c25ca0f9ce97682d7c4fc693c054c
000804	tst_000804_Go_1.bin	go/cd85758f_nohash_2.wav	1	0c04c1502693d93eaaf6b3cbe400bc23ea023e6a948604fa92db9054df4a8a0f	9f34b7f04514a5e3802318fc4ad2ff05e8be3bad65f2d40642522a8c1795f592
000805	tst_000805_Left_2.bin	left/b83c1acf_nohash_0.wav	2	c029a6656bd6bb6abafa611570fd1366037f4b65e6bf9c024dec4cce2a1513fd	6322a8e974c069c1af878754fddaece5a756aa999153dedea14145e514360239
000806	tst_000806_No_3.bin	no/8056e897_nohash_0.wav	3	85646c88c6a4994834c543e8b933afd5986481d04d1b56821fb12f2bc5b752fb	df5a5e225a462bce24a725e202889f23d92804cb3048065ddc5d5a300f3024dd
000807	tst_000807_Down_0.bin	down/b83c1acf_nohash_0.wav	0	f683d68e1c2082743d0e23fb9a3224028107bb67118598142692959b017fc70b	dee155655d1f5723fea7c91213d833330910679941076d8c31bc44250ab6aefe
000808	tst_000808_Right_6.bin	right/f2e59fea_nohash_1.wav	6	350f72d6f4a65cd758f426c2c208e4da2059fe536cbb753c1d8b4d666b3ba3f1	2cf61541aab4519489fd5987ee747ec37f7467ec0edbd956dfbe32f28db76014
000809	tst_000809_No_3.bin	no/c22d3f18_nohash_1.wav	3	1d48669ee7e78f5389b00acae9f896e9dad406d24a67b4ef61fae2efc864725c	b594d7960d377c8870a5fad3eed33d8dca3613d1375c94e5fde089fc7237855f
000810	tst_000810_Silence_10.bin	_silence_/2941.wav	10	a133f42a3c9e6e991249de88051be08bf89b8c45ba49bf44fc3834ac12ab3a53	0bb5336a6f74a43f50927e00efc6a746b502cd9c0e6d25b0e706ceb15e4cdcda
000811	tst_000811_Right_6.bin	right/9a7c1f83_nohash_1.wav	6	87ca0eccb5fc1e8dee7eb162985ae7f5170b3b64f9ea9ddc54a30cc25f2d47af	459231ec19be04d9b94e578efc0b1558f3fa31599604ce8fa7526877eb64cd48
000812	tst_000812_Yes_9.bin	yes/b97c9f77_nohash_1.wav	9	3b7f13b3182ea64faf5478f0fed7bd8c624b1d2897adecd3b42657012672a08e	67fd571f7a493b58055c0aea448d4b4db230ba78c6fef69369191ada5b61afa3
000813	tst_000813_Off_4.bin	off/0d53e045_nohash_2.wav	4	aadc577afdfc111228cde1a5c8a52a264924d83a2694ce6fe49342fd9540d871	9730c32014130c7c8170a8d27d76878d023e61d9d70db4df122b47ee40f08bc6
000814	tst_000814_On_5.bin	on/8ea6dec6_nohash_0.wav	5	f1a243bc6fe3bc0441ccbc435edc3abc3a3f192b880ace6576c3793eb320e7ee	899fd831774149730453ebb7789ebf49140d5009c45cf4e737632b4cf1928743
000815	tst_000815_Left_2.bin	left/5f814c23_nohash_2.wav	2	9bec0204f368d503511b2a6706415d95c93e7a4d79eec9da5b05db868bce88e7	30e6e1d2152497c2f41ae1527d266fbda92efaf5dff9f028bad68e4fd4f4c043
000816	tst_000816_Up_8.bin	up/27c30960_nohash_0.wav	8	cf58a60ba2cc82ccdc77f1651c2e2aac1d96a9b7b1f4199b1161bde568e4a8d8	f404638c512282538faed250384c501d62f6f2027f8f9c1c52595beccfa02278
000817	tst_000817_Yes_9.bin	yes/43fc47a7_nohash_1.wav	9	26f61c04530cc0649b64ca9f07ef344ddc19932158403a7a57431f599501b85d	747cd4940bd8aa2502adc8011fe0741af2338839a96d3ff42c48564261727ee4
000818	tst_000818_Go_1.bin	go/0c40e715_nohash_1.wav	1	be6d3267cf88ef666ebc5ca248b4ef177b8838b39e6819fd924a16bd7a0fd4d6	12db75e5e1256dd0c86c8195f9e60cc44eb6ef2a75bed69823ac882c2914a2d8
000819	tst_000819_No_3.bin	no/3d86b69a_nohash_3.wav	3	04be4da13e259acbb0ccfdd3bf55d04bcdeafdedcd66739ff8dd98ef56191e90	55fe88a03c8fa2eaf844fbb9bf6a3ff395661b5172197f03b2cce6b2807b6b73
000820	tst_000820_Unknown_11.bin	_unknown_/cat_6f2f57c1_nohash_0.wav.wav	11	c52791b9b2f4a6d65a9c1835e972a544d7acd0cf78378023e52ddf14187c9574	37e61786ea232a754be45c9d8d2c43d22a680ed6cb8700d4b994dee7012a7b28
000821	tst_000821_Stop_7.bin	stop/63f7a489_nohash_1.wav	7	75b905e7df4816a587eee5a97953c0109b2ab2d8b22ac541413e7583a851b8b2	e83ef6b56e53db86a947e0e0c5d5434f59553f607d305ccb0aa925b11202a922
000822	tst_000822_Silence_10.bin	_silence_/2291.wav	10	64af3f78603a5dbc6eb8f36db86dafc6f0f7dd200a8ac82ff774c2b1dd904de0	34d3d9174498aed0a862d50fc5d3eab6f17f5e14816483b87060ee374474f952
000823	tst_000823_Silence_10.bin	_silence_/4691.wav	10	5a9ee00f09e23aff981227d04d4f99609ac5a1bbdfd6fae5454d26f42ac822c6	81952fad6b643835ecf5f69155eb04212092e330ce947b3cf4bdcebe3b0e4e5e
000824	tst_000824_Down_0.bin	down/d962e5ac_nohash_3.wav	0	71354ad2e40204a4e47e12cd0d0ef16b86b9ed82bdd8ef156fdfdadc0d7bdfe4	85d7f865b7572a77ac15eac599dd9e9f6321c4ecf64c822b3cb887654cf97d3c
000825	tst_000825_Left_2.bin	left/4845bb10_nohash_0.wav	2	4b3fe037760dc6ee67ce90ff61899a8ed85b97129d1d5cd9dd9d0659c225ff64	83ba9826f74200defc4d3b1f8f4879469b50bb1967637ac77edbddcaee3dd1f8
000826	tst_000826_No_3.bin	no/91b03183_nohash_3.wav	3	4d8a77a361504e101b42a320e5b058d4e8b37a1970464d7ecc52f262bbe66483	62eb784ea40251ccbb7ffc1570ee5be247f9e355da0dbd23cf87758f364de309
000827	tst_000827_Silence_10.bin	_silence_/2368.wav	10	add5a22969267362a798980c4b97784996b01e40bd285ae01bd08b77588cc2d8	90a7d6e74adda476feff2dc3db72a8d4aa536ae96c8358fca98ae5a0578938cb
000828	tst_000828_Unknown_11.bin	_unknown_/four_63f7a489_nohash_1.wav.wav	11	b167e1100fc5e491874719392be8c27c04fb80cc7ade552d647995be349f0dfd	e4e337de8198790bcd3548157693e9b3cadb56166b73d57f9c6f8d362d333409
000829	tst_000829_Yes_9.bin	yes/6205088b_nohash_2.wav	9	2508e4edc0d263467b2cdf77a41c9bb1f9dab7d115f3bc8981c0af9539cc72d9	05dff315b648f9845c6e81b7b28bd3821f7836da2772587d3ac38251f897da89
000830	tst_000830_Yes_9.bin	yes/c7dc7278_nohash_2.wav	9	8abf2213780abfb0e2a6b72f7bf60c5253455315aecd40cb25a03724579fdd62	1ae92b6e1cb2388957212081a285c0063ca7ccc5d8314a3aaac2cb7102b6d2b9
000831	tst_000831_Go_1.bin	go/553f1a79_nohash_3.wav	1	a79dc820ab5755afba8be97df63e8abdfd54d3074c86d7bcc5c444ac093b1f5e	1e24142bb53abfd74d9f88fd4eea79c788a4424b6abaa9c13eb34c1fd3aa5d78
000832	tst_000832_Go_1.bin	go/1f3bece8_nohash_0.wav	1	b37483c48dd41c536dd6b873d33dd3459119d164fb5c70dd7c73ad95dda58ac9	1a85bceb8599fe399a349d62f35c517ef6e06a808f7f013dbac14b043001a3f7
000833	tst_000833_Go_1.bin	go/aa80f517_nohash_1.wav	1	93f56f0cbebdc6c835e323b6b51fce054962274ec89fc3c6d3886446107b9db5	7a6cd2d205e355d40caae27a5818a02e675e8897d490a3301b011cf7165ce217
000834	tst_000834_Silence_10.bin	_silence_/3513.wav	10	1e556e7a13de6a78db8cf24c4abf424cf5eda57b4595429799e201c6c0d506cd	0f211ea1951cd657b2f3d89bc73229fa1f609fe2004e0db1d4b9098248874fe5
000835	tst_000835_Up_8.bin	up/692a88e6_nohash_2.wav	8	b315b2a87396e4c2a98f844ee401d7fbbd886866770ae52f1d381d78cc1b0447	c9070c46422398f90fa86a9881636e10bd68ae86b8a5485e813a3424335e9b2b
000836	tst_000836_No_3.bin	no/a4e8a997_nohash_0.wav	3	ff324f0ce5ed7e4b19b7f2b0fbc761b41ddd0618896dd4e8c2cc7bbf92c07c76	f6851bf9ba7f2b93868d93d28ab642213bbb6a9f4a541d54ac520792d981f387
000837	tst_000837_Yes_9.bin	yes/4290ca61_nohash_0.wav	9	9ce19c9a4f22533596dea6cf684f8b96441e9a8521f279987dd2105f63ae39f6	1080137b569678925c1ed9eb8288362aac148e91e776d3657e9cef937d235768
000838	tst_000838_Go_1.bin	go/f297e878_nohash_0.wav	1	1de50dbf8f07ca39e2df23b6e309c345bad7e789b85fb29987eae64d49947474	6ef9ebf1b220bbf89b7db96d9507e7366ae1bbc29533e4271feabef5118ad21f
000839	tst_000839_Right_6.bin	right/4fd1443e_nohash_1.wav	6	104ba6fe753fc3bf7f878e2d3387c423049cecc0336be72dd3ab1eda8bb18d05	33ab5460d3066c7d83dba372740ba5cfccfaa96a392fd23eadca88b22c90cbb8
000840	tst_000840_On_5.bin	on/91b03183_nohash_1.wav	5	e52b7e6ecaec9eee0a5c15184fc17a0a9fca2e6590ced48818250caa8f83f55b	2f19c855be0d99d2e9e073f72513f3143294adee8b7dfd9564aaa7a1589484e4
000841	tst_000841_Yes_9.bin	yes/37dca74f_nohash_3.wav	9	bf1944c2beee6a6b5c39e02692fe9793d3a3ba887f4ad2d01e28b3ebbb13e4ef	aa2ff2c72e0d3c92b0763cc8be53b134183ec4774e66180b691d1a36a8a9b350
000842	tst_000842_Silence_10.bin	_silence_/352.wav	10	56804e9c404a71671fbbd23d2a2ee633141d031520308c40fef4299bb9a491c7	7fa264769deaf1716845cc627cba468599b995ec6fb19991491ade58104c0106
000843	tst_000843_Down_0.bin	down/0fa1e7a9_nohash_0.wav	0	a092b2bd4381f41ce36ec41f3600e3d7f03c1a5e0f327110c882234bf0748b4a	0d2df9fdd9646834ed719f8127903ecb41ed64772de8e768434a0da26f8962d2
000844	tst_000844_Go_1.bin	go/4845bb10_nohash_0.wav	1	b12a1cf65ac821516a59f8d777aefc331563a04a5b308ff38f54f63e669bc056	456dfd71e95464a9517c0e3d2a585ac06a7fd841571892623dd7425b139cb83a
000845	tst_000845_Yes_9.bin	yes/97f4c236_nohash_4.wav	9	54dc933a56d7c85cc3f752fde4e9d7bedae8f6997eb46a9388ef0bf8020b7844	0e240273df515f4c92e5f9aa70bade58ba53af05956dc630f3ee2032f609ff39
000846	tst_000846_Stop_7.bin	stop/893705bb_nohash_16.wav	7	4e95e37c92a6fd064253b2bbaf1530043d2740f6a0764a6c4ddc7e5899f66a9c	82715d09e355c56697031c2d95aa562e6d465fd8415872afdfec0f9cb0d7902e
000847	tst_000847_Up_8.bin	up/f0ae7203_nohash_3.wav	8	1e2335ca5823d6cd796edfa61c54d80ef879c58c16513ed499fe7d63e3412e53	27e67492511f360afeb673d83a29a23508dca209eedaa9a9c86607b4c28ca151
000848	tst_000848_Silence_10.bin	_silence_/2711.wav	10	6c3718d3579b5fea9198c9949a40ae826dd39454e1d8d18d57581fbf4890ac99	aa2dc0b725f799adaeff78b1141de46031486943db90edc6e4e709dab23fa096
000849	tst_000849_Yes_9.bin	yes/6f2f57c1_nohash_3.wav	9	ab2bdd76f42f1c68e954be240d3e5ff4e4f25e93700c98be01bf71dccc1ea42e	2193fe912bf70dd9645549131adfe35459daa90ed77f0928b12a939aba2b0fdc
000850	tst_000850_Right_6.bin	right/f2e59fea_nohash_3.wav	6	4373379fe9536d57063c91a863bc0fbca63093f2b5a26cd217581e97010ffbee	3b04a27b3a19d9daf6f5f3166a125a6d2b95c9f71e640765c9b72d55016af6c9
000851	tst_000851_Left_2.bin	left/d962e5ac_nohash_2.wav	2	4fe31707e1a06911861e978b3986de687cb7fd38f6195da7838b68bf5be596de	6f93241d0f2381c9d39537e4ac5b593c94159b6968058960c5932542b9874fa2
000852	tst_000852_Yes_9.bin	yes/3b4f8f24_nohash_0.wav	9	62e258ebe220498a7533c86dd66d80338bbb76cd31e7dff81275f32f6ba5c1f1	e79a2d65328649e66135e98f32fabb7ac04b6e45f7951a4fb9e91499a94c9338
000853	tst_000853_Left_2.bin	left/cfbedff9_nohash_3.wav	2	a2d1509333ce37fef1903f6d8ee75c2e1325cd0f78ada6b4918cde7e7f4cff65	854e1ad7ff4010e3b44e88c300a4082f96707280c59fd0c092c7c624114dab8c
000854	tst_000854_Yes_9.bin	yes/8769c34c_nohash_3.wav	9	eac701a048edf544aafe59295d32c82b9efd0b5b62f6dccfcb55a0bf53c1666c	56d3252ab9ab857669b034ea554ba186041a2dc3a5b57e21d049a22942cb94c3
000855	tst_000855_Off_4.bin	off/2aa787cf_nohash_1.wav	4	d0d42c3cd3c56f284f824d7c48f3daf673aae65b2264cb5545c60cafd31d6da6	ed561cc6c3979ce67656f279bfc437b4fe3d5072278af5ffff59a097319ef5a8
000856	tst_000856_Go_1.bin	go/4fd1443e_nohash_1.wav	1	230662067b2ca88f02b4ae5757d9920793d9aff26f5817fa4e61030cecc68b4a	9d1415b2dc6bf955a3731b6b19b7e92f9a511c57e99c5d08a565f736f129efb1
000857	tst_000857_Up_8.bin	up/fdb5155e_nohash_4.wav	8	4b1e8f28c64f0657cebaca508264c7579378b30ecc7947050dd2330932cceaf8	7897ecafc57a9c45be2170bcf1fc94559d1019dc21aa861b429d688a5847405d
000858	tst_000858_No_3.bin	no/1cb788bc_nohash_0.wav	3	b79af7f169c7c0e3d302e4bfd459e38807d5a3c3c61c23c7b22596836d3421a2	744dadca7a1f1622600f907d258da53b39e01f575bb786e8c1c8e420a0cef0e5
000859	tst_000859_Off_4.bin	off/ffa76c4a_nohash_2.wav	4	33eeedb9c5938bbdb1e018f9f30573d4cf2f3b86d87bf819a566e9b1f4599409	c99e2c294c7d1cdb9a695788777355276efef49f1e9ca17334037ce5f1eb30dd
000860	tst_000860_No_3.bin	no/8fe52b97_nohash_1.wav	3	90e8e33e4fd990021be6c30811bc034e2439f6005612858c048ec8776d21254c	0856ee26d6243091884c521ea6f77f488fe03cb9fb5d2afbec3e552fc73583b6
000861	tst_000861_Silence_10.bin	_silence_/1357.wav	10	ed5a080770ea1ef1cb30ac2a869b7f41956108174c1c5922b41d95367bfd04fc	888b49a7d627f42852846096175307cdcb5336e8de62a1c1085bf5a3bf50ce64
000862	tst_000862_Left_2.bin	left/ea356919_nohash_0.wav	2	baf8c1bd5c62dd54e4975260487bbd0c2d65b66ef70701627846758289df62fd	8632f81c575c36f88c570b2b0816bb2468b4a921b6a734af04d3d4d97b89bc6b
000863	tst_000863_Down_0.bin	down/e1469561_nohash_2.wav	0	80b05771b3f8edba2ea9478f3adf7bd47cf9ec1f5da613ec9f2652b5c063c676	a1051dfbe7dc65e8239e4729d05ea5459315c31f51ab1509573cb3a21c6e8817
000864	tst_000864_Silence_10.bin	_silence_/2340.wav	10	6c4f8302af641445d2250642e86761080009ba4d1a2f010fd75d5e0fd4edec97	0b8bd1f909274f59525395ce7066f1ef8fffea397d3d063479f5ac8453d7143d
000865	tst_000865_Unknown_11.bin	_unknown_/four_bfd26d6b_nohash_1.wav.wav	11	a4e6c1eb94161cd69512a377a9f6adfbe4ef8c1a5fd409969cb6ba56fea04371	095fc02e57494c94b65af21b8f60a420ab311b0d01be28c0bc0c323cacc494d1
000866	tst_000866_Unknown_11.bin	_unknown_/zero_81dc4a94_nohash_1.wav.wav	11	a6a6c745203d0751bdc7f9475785806201b181c2724b409c8ea7416f0766c0ed	50552c411f954d0a65aed9b8a80e94e9df57baa94cf81be401b85153484571ab
000867	tst_000867_Yes_9.bin	yes/4290ca61_nohash_1.wav	9	9ca9042b0c44765da8bdb5002b588502442c4f8a75100c5a1afdf070a3ed9c02	4ae02574c4b6f479cc5e92f6a767696567b09e4e748434bbb1a86839073b4231
000868	tst_000868_Off_4.bin	off/8c7f81df_nohash_0.wav	4	a02231fda1b891b1949b49f87afa5abfe4072fc7dfe8721a23db1e5b4e853aa5	296197e1b938117911dd806821a46609355db0f843f44ab6b3370eb64d79bf7b
000869	tst_000869_Unknown_11.bin	_unknown_/nine_b97c9f77_nohash_0.wav.wav	11	72100e5b699e6065842668e44b4b26f3f942d730ffab541a1b2c063e4baeb8a5	afe90d5c20c1c61ae00a53e18053418b88f6604654f847a5e6efd4b616d4c267
000870	tst_000870_Silence_10.bin	_silence_/2865.wav	10	e4a2e90ae61da72c6ed351387d8c35c508342d414f82d107c0f87a64676a0ab5	b2b0ea077103e3974c3057e7fa3e9e43e21bef1a7228a4bacd1713f05004fc55
000871	tst_000871_Right_6.bin	right/5170b77f_nohash_2.wav	6	95a56ae0e3e364a40fbbc5adc91119600cb0c8b1d8e13a111b55df1165ab7dec	d25fe254894356e05eeeb304af9a567902f7338b04079d933bc0928795942aff
000872	tst_000872_Off_4.bin	off/8494fba8_nohash_0.wav	4	f5a2c3f4b61b75e17e4ad3fe137eb48d8bf16122156e657c856bb05b38d61887	a7b03688b32cc3b21b57f8507d9f40718310039c8aa6b927d77d9b209c4142c2
000873	tst_000873_On_5.bin	on/283d7a53_nohash_1.wav	5	f9b0d8d6e6fad17e6aa99d58a5e0976e570f703b4d18e4a4137091f5c6c80810	158a78e9ddbb956a971ad0d98645edaa701bd8daffb985c394920a9226bdb392
000874	tst_000874_No_3.bin	no/0cb74144_nohash_0.wav	3	ded1c0fd417dd68b61b1f27ed2a4c03a349507e730b257b2381aeb90c59b5083	2b61bada9f2983cca2f25639b67f2b70c42f911cae1c185e49381a136eec9e8d
000875	tst_000875_No_3.bin	no/18f8afd5_nohash_3.wav	3	c7ed59605ec6fc27c02712ffe3cd46211eb9c29964ef428ad3b381918123f3c7	c6214b7c8f28756f8d0361641965b9c62dee15ff7f3ca28f96cda56be93be56e
000876	tst_000876_Right_6.bin	right/8ea6dec6_nohash_0.wav	6	a463cccea872a0b4bd693382f2df48e42b57e2e30b7a2dc98a5093d8af98bd63	01e452b1f5477e4e39e7570220e7095c13835cb5f766c9ce75b99b47e694125c
000877	tst_000877_On_5.bin	on/f5496439_nohash_1.wav	5	54988ced5401066910a68a83f2f6901b87ed25615eb42e330963440a8f2e6e64	cd3e4974f783f59012fcebe99e9a4281e569e484208cdc5f68644c877ce69f20
000878	tst_000878_Go_1.bin	go/e0c782d5_nohash_1.wav	1	523a67f5f3fa02be0bc5d9632cb34533cd8a0dad4147b4ea04daa9f17ff3b299	4380c202868f21b8000cf44907d1667ec4a75d3b2179aa15927d2783a43bc110
000879	tst_000879_Down_0.bin	down/5828dfa2_nohash_0.wav	0	95a6ba373d2a722ccdbe2872700905d11313936f645c318dd8550ab6816d24eb	1007f116571e3e429fe39ce6938de3658932e0bb8ecd86b93df68584f14d19d4
000880	tst_000880_No_3.bin	no/db24628d_nohash_4.wav	3	d568342cc7a6f41590670d86833a68993ceb430edc227f050656de08041b14d3	c6ff44686cc940086ab7b0ddbc13079468697f57b17385ce243c39c48c04eb67
000881	tst_000881_No_3.bin	no/b83c1acf_nohash_3.wav	3	9d1b71f490de2ec4fad3b947417792a111af95e1c7638d3730ebf54758531fc9	70bf229329ced8934a91dcc5240c210b59a095db75b0a5518fad60ac159f0430
000882	tst_000882_Unknown_11.bin	_unknown_/backward_a6f2fd71_nohash_3.wav.wav	11	ecfd839e077ffe798b4c64fdcc323815dcbbe644676c890b553b3b4d894afc5b	d262e3661dbc9f0433b0f078b6a79bdcb5a13b94d30f6117cb88d9d900a03737
000883	tst_000883_On_5.bin	on/e1469561_nohash_3.wav	5	a8582072789fc42f17376b786969e8b30a3792dee1ff7165227416f0a5a5378d	015dd98aa312186410c352dd5851c9cf894efa029a48ea03433190e3224c8dd3
000884	tst_000884_Right_6.bin	right/220ee1ef_nohash_0.wav	6	52dae4a2da0084c4821da206aa0ab914388b2f949067081e731da923e2396b89	93f23a52a73463f8e42f3d1c4f84a3b49b7b59f21821e614ec4a656569983daa
000885	tst_000885_Stop_7.bin	stop/87070229_nohash_3.wav	7	e1220fa6bd1d962043f8ca10529d5c19505d3762d7839604a7f4e704b9138a26	74b798953e1c91f6fd6a5f6807b862b0a0e32c79673be2c52aac4b07e67c237b
000886	tst_000886_No_3.bin	no/c9b5ff26_nohash_0.wav	3	3dfc04c9a622898201ebaecc8472fe8f75a8938f25fd9fced46934a596215592	a19c8d922afc256ce7be3e071d92fe5cd815a69dca9eff4532f007a762d5c1f0
000887	tst_000887_On_5.bin	on/f428ca69_nohash_0.wav	5	035504d606a523cbec68773d7c958c549294ad55c39fe2bbca15e285e4e284c3	47e73612edd9946527a67c42aed5f4244965dabf89e0a0957303e79f24d57f37
000888	tst_000888_Silence_10.bin	_silence_/960.wav	10	114ad6a08235293249b6164f0041e7f5190ae28c0a361a7472e4fb5ac304da67	54a1dc29859e059cf15a4bc4753bee1de870a197e1b154a3f1db79874000a521
000889	tst_000889_Unknown_11.bin	_unknown_/happy_7bae88ed_nohash_0.wav.wav	11	b271b7b8e9f5dbce339875b32923e571bd5276c83ec01eea8dd957987cfc1331	1f29160ebfc90308fea83b2bfb0a156b034ce85106d43de57bfe3d09e8f22496
000890	tst_000890_Down_0.bin	down/9a69672b_nohash_3.wav	0	abdffc012d9e4907a09614d80d306274a101f8cab9ad46cb2b7b34848ced5afd	ac7e35b2a1e18b80232ec07982d777e9f3db075929804ea8faa2485f663ea365
000891	tst_000891_Unknown_11.bin	_unknown_/wow_3b4f8f24_nohash_0.wav.wav	11	af25a386c02003f7c10be0db8c4ee762345e7f46ee5fc25661b4c39788f685d0	a5b45b92fc5536b0c757787ceff429c13a00dce30616b2e88fa9907076dffd83
000892	tst_000892_Right_6.bin	right/c7dc7278_nohash_3.wav	6	df56453a72596e71ae5272c50d9cb1a1f9ced7095bb50c829c335268f503b45d	b64d802d07171d9f58185908e0699fe1536a914ce66680d24adc0279ec4c200b
000893	tst_000893_Unknown_11.bin	_unknown_/three_f428ca69_nohash_0.wav.wav	11	d13565dc5a72f2d23a0139bb7f7762140304991554c8fae88cc09042af2e9746	c3335ca6ddb6ef715c33d64981f2ddf193c2e2f0ca023c94ae5cf85bdb6fa1c7
000894	tst_000894_Down_0.bin	down/553f1a79_nohash_0.wav	0	909a452726a5c8d08beec3bf95a83424dc6b4303c961c7b27f611f15fa23ae07	1327d8b38690dbe635aa700f4911462135668133f80ef2fc2a6cb30e067926cb
000895	tst_000895_On_5.bin	on/893705bb_nohash_5.wav	5	3d8f482dadd2f410eaf09925896b3fe4962c75f250fa715e8693d21bb23487a6	7914d387943c2c5ebdc1de378ab15f577f2486335d9ae3c0f9b33ba8bfc33e03
000896	tst_000896_Silence_10.bin	_silence_/2894.wav	10	bffb93fb2b0b1759d277cd1e2bdebc54bbeda13f6a7a971d48a1581a3c3ed814	9eb963d6467d83486199d63ea0141e8f39aac1ba5f21367410a4ae8c06372f20
000897	tst_000897_Go_1.bin	go/563aa4e6_nohash_3.wav	1	bc6a06c39f9f30877a3793579b8dd4280cd72c850da74ae398e3c0f853020c65	a91349443ed5d5b13dda19be74edd5fed549906cdeb0f7acda1c94d9e186ab0c
000898	tst_000898_Up_8.bin	up/91b03183_nohash_3.wav	8	309bc9d77f797b07765bd4f192b06096e143c497c01dcdf97d03e99e0474c5b3	3972d3a5147923faec88213aa2d7758246dd7e6d332fc3d802a80d235010b5f8
000899	tst_000899_No_3.bin	no/4c6167ca_nohash_3.wav	3	a99133fa181955d563d8d3eeabbe7658dfb82a09f23ed5195cf6073b947f20ab	a239ac7072cb5b5c0efc999d70c756618a47d0fb1bbbf166c121aab2d0fec4e8
000900	tst_000900_No_3.bin	no/283d7a53_nohash_2.wav	3	6fe281752fb40cd22068c949794f41c58c4bd4cf62a3e5c2eac21635e278be22	9effb1ebde8a1c2b86bbca731de0245e6e0ebe66c883afb19f92bae988716d14
000901	tst_000901_Go_1.bin	go/a7216980_nohash_2.wav	1	68878aad8650c68e795ff89926a17a5fc93e4a9680a6d81498048c402063a085	9fc9f962960d49d6cda61a29d09a3838e6484704b40ac1debb0cc2d28c6a7941
000902	tst_000902_Go_1.bin	go/d7467392_nohash_0.wav	1	e2a1acc45ec7eafc6db421cc8583adde65809e9c91fc8fc5c252edd1632e893a	f4add69a6330ed7cdf0329cb0f88970dafc0bec179d209ab1b1f739ec5fcc1b2
000903	tst_000903_Up_8.bin	up/d7467392_nohash_0.wav	8	5247e71de3d8a25419c35663abb6378bd6600e1c6e9336e6f64853109a4daa89	e1e64addf160ef1b5cf264a13e883e58d303714e840859ab6953f2a3e770c998
000904	tst_000904_Go_1.bin	go/f292725f_nohash_0.wav	1	13c59c3453d8a46d2c219fc040de61128298bbfa10ab3ff7198ae08f7029afe0	79620f88c81ec47384f8d5ea2198b8981efa58321c5aca6acb14059088fd58e5
000905	tst_000905_Down_0.bin	down/4fd1443e_nohash_0.wav	0	4a77000e0155611ade5d18022d4a52ec15364587289a1c5aefa6772e3c65ac60	0db11f4e8f6079fa6ddfef57343b2aa7b0e1ccfa561f24d3d1c4de49a1ae569d
000906	tst_000906_Up_8.bin	up/c7dc7278_nohash_0.wav	8	f775d735e274a5e906a546fb0d7eb6f97ea88d59eecdc62e4116405cbe4bea09	4cdff47385dbc32ce52de29ea0535a13020947fec35cc2a20014b9085270c08d
000907	tst_000907_Down_0.bin	down/9b3ea809_nohash_0.wav	0	7c026352b938525180794a06581480f613fe765af5020695cf1f6d98b3279aff	755b2829906963e6765bd6c20e2d1fdc9b7ac50cf4224d01bc1f719311f2062e
000908	tst_000908_Go_1.bin	go/5170b77f_nohash_0.wav	1	0f787208232c4876bee779be7a5ee5bb8b9003de97261726d19742d4ca4167d6	40536137275f5986ebe37a59103fee4bb16ab424abc8a7befe9e4d3b67cbef52
000909	tst_000909_Go_1.bin	go/63f7a489_nohash_1.wav	1	d9b969baf975f8ad22d17a72070b378742ba73a8e43422a6233a63769a844e7f	94c0aa0dad0c7135c4acdcb24ccbceaffcad16a7a15913b0d0ff15e3c592466d
000910	tst_000910_Go_1.bin	go/a7216980_nohash_0.wav	1	f6e4da2de8148bf802b40b76f1a0b92eb24c054f29162070f9f2eabf568d4186	2d740041690696c4fe847a07abb1f95f2f3b563030c6e148871a4c92034785ec
000911	tst_000911_No_3.bin	no/44715c1c_nohash_0.wav	3	def7744426920d524dcc1ed9af6c2f5c6526c0c6b50e168f592cf5a2bb749f22	c3f324e020b3dfa0404ced80d363f9274943457b8dc3526e5d8d1e56f81d49f7
000912	tst_000912_Unknown_11.bin	_unknown_/sheila_370844f7_nohash_0.wav.wav	11	dff3cc38daf5c2abcda62011e677048fdda03921eee343663e29a321830afa40	2205b1fb9b67aa524ef6a67e4137c363ef2bc09db7cdf0172f680868780758e4
000913	tst_000913_Silence_10.bin	_silence_/3659.wav	10	b7cd6f06a3718fc30d3e4fdcd92c6f087d56a275381e094e7befcc6d2273b3af	bd8cc9dc63a007f2235b3699ebf427b98ebf6b9265ccfbdbb3d6505403958761
000914	tst_000914_Stop_7.bin	stop/c22d3f18_nohash_3.wav	7	197ac786d5af3c6ab4dc6f5eedfc303d0c653ac1738c1aaa07488a39ddde54b0	4701cb7d9eb250192100a3e8946fbf7a7167b0f331f9e29414463a346b7a37c2
000915	tst_000915_No_3.bin	no/ffa76c4a_nohash_0.wav	3	ce05887cb60b85bd4e1edcb138f906b88dac57ab2bbdf10e25eb5d14bd9ad19c	f5903a9b7f890017b449f848c2387195260afce9afa8bb7cf890b05b53291c45
000916	tst_000916_Go_1.bin	go/91b03183_nohash_1.wav	1	17649df7eadc2375ac72ea1cf4f71d7d78b66f93f16f04d18503b9eeac7b41e5	c89ab7997329b3f1532ef373502488662bda83d5431705b3b216f9e24350b1e8
000917	tst_000917_Right_6.bin	right/5eb5fc74_nohash_0.wav	6	9ab31516a1113761f449f71ccf32e8a075f8e47037516cc377f71f7951949569	05d6948f116fe103bcfc2bd5c0691e6fcd18a6c45e599b426da04555eff5a9b8
000918	tst_000918_Up_8.bin	up/91b03183_nohash_0.wav	8	d36c3eeeccd4bcbf0a865aafdb227d28ef3529bfd5d2f5678e2c845b362f84b6	663e4074871ed09ae333de95e7b7c7bb90dc3b3a8905c7a8db8f62f3c547a7ba
000919	tst_000919_Left_2.bin	left/85834399_nohash_0.wav	2	02be186243e67981ab64923537cec5b8eef57e92cb408012ec08bd8920cbb1d8	711cb63454d2390ef23a3ce642b61f308e420b7cdf094d5384ad1e5e89361766
000920	tst_000920_Unknown_11.bin	_unknown_/six_964e8cfd_nohash_2.wav.wav	11	126f5de4976c58df0b6c9b07dcfc69fce9012c2c7445bcabaee5d1f212e5d208	03b490e9bce93fc8c0c123a95ed58fbcdb13ca31e5f5bc88004c7cead87b9a63
000921	tst_000921_No_3.bin	no/3f170018_nohash_0.wav	3	36abf9010197a52b489a1a4457ef35184599b8dc02b3406eb38d98f0f5ac3bd8	0d38e927cb69253b59809ff4aed721a258d7cfccecfa7d7e833b6fc11d2c1c7a
000922	tst_000922_Up_8.bin	up/b49caed3_nohash_1.wav	8	f7e7b4721fbfb45715c02b5803dadc679a6b2c5397d0ad4acc96cfcfe2f954b5	aa5b430520e9b8a381316cd1e953d9a67a7c7fd25642e7980053048c0108fff4
000923	tst_000923_Unknown_11.bin	_unknown_/four_4c6167ca_nohash_4.wav.wav	11	14b3d35a0e689b789d22c9644a10e9c3d1b0af16ea9de9541c5dc18c79296889	70029d2009f52f49e5de5ce674762097344f69cc5736fa08c95e51d0f7f1c981
000924	tst_000924_Stop_7.bin	stop/44715c1c_nohash_0.wav	7	fa6d7e7f71ee17b248e0dcda781afc471eddc40742b6d8e255aa1cc5fc8e2f68	b0c292c0cdf08300a8bc62229853d4ca8ea4c431b1b57875580bc1e458342f08
000925	tst_000925_No_3.bin	no/5170b77f_nohash_2.wav	3	e5028b82b31b675bda9884316dff56d7f6b0bacede1bd934425075ca5f6cbc92	18a5650660f87429072795eb28896bc7d435af1730d5104e1aa1a68d7448fc28
000926	tst_000926_Yes_9.bin	yes/cd85758f_nohash_0.wav	9	793bb2fa334dcd772df03d9a57e098ca53ab638869b99b80796d2dd7117f71a8	e8a856b1ee2c009b1b99dcf961891bcea4500bde7203223d34065d617f697ad5
000927	tst_000927_Yes_9.bin	yes/d1a4fb3f_nohash_0.wav	9	37f54bfc71f5b8ec25e01be7682c9dcc434da404dcaa9b427e440e05f90dcfde	a1c2d453d99f44e3129e244b6937361ab14e4bbaa99ef93d43ee630c705b9643
000928	tst_000928_Left_2.bin	left/e0c782d5_nohash_2.wav	2	46fe2dbdb31ff2f9a7594c692a30d912b716eb198649fba65aaeb292464b16c4	b7cc9bcca6a775c6a0d831854f17f8f69678437bdfd6b1508804bc1b19d57112
000929	tst_000929_Off_4.bin	off/135c6841_nohash_1.wav	4	fb8894ba5e3442b32385293e0eab09ee1532f0bbc325d7990ef14c2767f38728	01fc709159455abea03aefab354c168e569f48d73ccb626a3b56a613e349ca83
000930	tst_000930_Go_1.bin	go/d962e5ac_nohash_3.wav	1	a1d0ecdb50d3020e8d33de65315bd328860f15dfb92399669e20bfaebf181ee8	118128279585ee6a0e7ccadbcf94880de750f60b34c535f599a85ccf9d2e6a9d
000931	tst_000931_Go_1.bin	go/5c8af87a_nohash_0.wav	1	b723f03e9bc72cb91be667384bbbf929adc4076a1d50ac4616fbf34431616fe2	64b2da04fdd8e9cebe927a9501088176e8850e3ca3f48aa0bac1cc7b10c53228
000932	tst_000932_No_3.bin	no/03401e93_nohash_3.wav	3	dfaad0e21b3f6cb6fa59641b84c5b1647efad9333709e16da512fe386f172734	23fc0a6d1795db57152bca21016f4e6f77cf0ad9ebb8e45f9cbb2b7cec15f8f5
000933	tst_000933_No_3.bin	no/c22d3f18_nohash_3.wav	3	a433b8f69323fa5494a239c66fa3650fdb8df571c2a266db4915499471ffc575	be3b642c6764d9982091f82cca904c07715493500bee29a6fd42193016987253
000934	tst_000934_Off_4.bin	off/f428ca69_nohash_1.wav	4	a552415cef3b48d7194837d68cccb6dd84a5aa31d5829fe9ee9163920f6339b7	96564107bc88370128d1cb94c458e055d85ed4e382cdcf0a4265310eb3b271d0
000935	tst_000935_Down_0.bin	down/97f4c236_nohash_2.wav	0	161046f4a78ccfce08c065f5413b6bc963451ecf362aad3714e686fb2a8df705	276c1ab2d9d2f45f675d12533f69932fd8be78fbb4035cd9e58b071162cec910
000936	tst_000936_Silence_10.bin	_silence_/4529.wav	10	9c34738c403e840dacd493a022acda104ac44331c8ae84950728d17c3f8c263b	f78c08461daf50afe160b636683788cfa054c55c0c122c1cee0326d985957176
000937	tst_000937_Unknown_11.bin	_unknown_/three_8c0e5970_nohash_0.wav.wav	11	654fa9c20bfb024d62a1cb0027bfbb3dd640524b42e2114bada8921d99411548	bbeb49c96aaea7ca6d93e97f133cebde388d675d8df49208c7d08f3bcc292981
000938	tst_000938_No_3.bin	no/b97c9f77_nohash_2.wav	3	26b7f4ed6c6e46adf07de125bbdec6c35f3fad7da592f5b8a9c1a9db67eaa1a0	343f4000a6b76c8a144315c3b98b5a04af51adfb0486d04fd001d6d281442f91
000939	tst_000939_Left_2.bin	left/5b1db3ee_nohash_0.wav	2	6ed58852c7cad58c217733516a453f3c70a0c74ceccbefba81e3629e37cb6517	bcd5460dc9b61c4b4db67816bb4608f26135668a14580578d3dc2ab4fa8082f1
000940	tst_000940_Right_6.bin	right/a60a09cf_nohash_0.wav	6	c7372dcc2797e2aa94d0589660de944601e6718dc6ac58bf97648dab15cf7678	e89f642112953cedf1f248237a0fd8bd1101fd038f68c2a5ed26a5a965e54b2a
000941	tst_000941_Off_4.bin	off/62ff07ef_nohash_0.wav	4	090b85940c101ff17fda9895769db449c7de3d477d5d18005ecb9a031fd9596f	2dd164d03c4f0dcc2a169807e34b5b1b5fd26a370d9b34e3b522baa4b120492a
000942	tst_000942_Off_4.bin	off/c9b5ff26_nohash_3.wav	4	d0bd83f8ecc91eec8e6ad83465b8f8b0dd8141d95279290b13e018793e3a3ea0	88e444e72a8988bf9215f91dca912249d4e4e8fdf46a128b3fd1cb5a38ac45ae
000943	tst_000943_Unknown_11.bin	_unknown_/two_e0c782d5_nohash_1.wav.wav	11	8d41d256142ca741ad2bb71f5f226ec0012018aea58c25c0ee5be334c8f1bfc1	45a98f8b28e4b3c9f7cf8b5515ee058448a260f8eebf9070137c7e7e24ec663a
000944	tst_000944_No_3.bin	no/0cb74144_nohash_2.wav	3	095236c30e40b0a1976860e2cb371cbe22a69e0d1e22c6607270f59e1529e531	bde9cd385076e221530b2b595513552ab5eace5def66bedf09439cf147db6088
000945	tst_000945_Yes_9.bin	yes/82b99576_nohash_0.wav	9	d56342eb09f1ce1d9ee546bf92e432826f618f1705bdba77e75e246a75b442df	79e44fc4ec60e1fc034653d6ef72c028cb69df19b7543992b3a53b79a2430f25
000946	tst_000946_Off_4.bin	off/84d1e469_nohash_1.wav	4	5cf608edb0962937e18568cde19ecbc17de1f0b2de5cd938f394dbd33e3c91a5	34fe912845829e4d34dcf0ffeea479c3158821816fbf240a126702cbcce28b90
000947	tst_000947_Silence_10.bin	_silence_/4123.wav	10	2cdad64713d8db7ce5e2d6978ebf093696f14c049a205df59c17601cb0bed3f6	3805707f9d356791bb29dedcbac7409e41edca112622300544ddcea8e60bb874
000948	tst_000948_On_5.bin	on/c518d1b1_nohash_0.wav	5	16315fbffc1abf07f5fb16baa08e72306ce40549bd93387b80cd149dd2a802bd	4b7e04667081eee1e8f5dbb7a0ea38ba622c6ade4a028035cb98cf387733e8bd
000949	tst_000949_Down_0.bin	down/8a325749_nohash_0.wav	0	831d084fa66309a5e9084db4d1a0b538c7d0a2b5d588fce56a9215958e11e65e	245b9958fab9318fa2f96fd6869633a68bd2908cf396aef4d39148f36818f45a
000950	tst_000950_Left_2.bin	left/bb05582b_nohash_4.wav	2	466104588ad2c63d1e08481c58becb1ad988bdfe66f960050f8b01b960ed5dec	251fcaa919e1f4af97aa8740c75fbc60bafa8b20cbf5ca4e16b1b3855ae36f05
000951	tst_000951_Up_8.bin	up/4c6167ca_nohash_0.wav	8	fa83345389d39a1abccac49a1728749cdc37ac7afb2536fe8693feef74af0e1f	215d7c876cb5ee5d7fefd2e611a0251fbf1d460626bbaa7d9fb9106cce84cad7
000952	tst_000952_Right_6.bin	right/881583a6_nohash_0.wav	6	a2089ba4b92a709df49421e3dd28a260d23f06a3af6c3e3455316937302cb44d	2a9bf8783fbd07a2b8deaf5b36acee2a464ea1fc6fa94c504f3771b287509a1c
000953	tst_000953_Off_4.bin	off/87070229_nohash_4.wav	4	f14f0ec30e42117df45b7805f1d7667f415257c2977cc34fdabd60faa72723e5	d9ee65333e85882b4c7e3e70f7f335068c06f24e21093f273f5445f4120fdceb
000954	tst_000954_Off_4.bin	off/67961766_nohash_0.wav	4	a072cf804a2e4ba7f93b98cf5a8ef85cef5640d066f57ebd991deb82127b50ee	47f9584a3d2849535b00d86473b20e01ffb1b939dedf7e3809e5e7fa2cb9e915
000955	tst_000955_No_3.bin	no/3efef882_nohash_1.wav	3	43416481fb9849a9e8e56f73833b6a2d22980ff0b6ca370873143b658652656c	ccb6fded364a870a62b6f29d6f9fbb7e67883353816e3334158921b148e4d0a2
000956	tst_000956_Down_0.bin	down/db24628d_nohash_0.wav	0	d88983a308e3ad6f1504b505b1faa09b5c60ab05932bbe1f032813e6e22f122c	41d6bfafc3e4ea95fdf1db257e56013e9ed1fdfc4ffae3b99720ae94184c0f8e
000957	tst_000957_Down_0.bin	down/f2e59fea_nohash_0.wav	0	29c20afc29c56c25a84edadeb267dcf85e60afcc7536699d7c30b09625dbc766	0f78caeafe2353194a52f4c5479ba504fc16ab6830cf8f6193ecbdc6706f7bdc
000958	tst_000958_On_5.bin	on/7dc95912_nohash_0.wav	5	223133c55402c3f4433a2bb027db8ac16915f1a5659db791ef1933657f1b2ebb	f619400d51b90fbfac05cbbb1b9689973e3ffadbd0cef17059d5d6fe91929daf
000959	tst_000959_Right_6.bin	right/5e3dde6b_nohash_2.wav	6	459e681470f9f89efb728d14678440a48a513c27d1c82ca510f6fd2681337168	559f177c3ea5fa13fbcc1d1c01ef4808c3315d419419008bfd5a0199709d76f3
000960	tst_000960_Down_0.bin	down/0f250098_nohash_0.wav	0	bce1f9e74bf2e4c65e493d5c33b0b28fb9706916e87adb1f9ba548f3a14381dd	0108fc5130f3c6e004f5f161c849792d4b765bf44a35fbfabaf42c0f247cb098
000961	tst_000961_Stop_7.bin	stop/893705bb_nohash_1.wav	7	7675af1ae5c9c07f589a2e6224d947197156beaffc7c00947ed02e72a535f80d	43324e9344036a243891201af6904c571b1373d3b13d8e21f1f8cbb85c7452e7
000962	tst_000962_Off_4.bin	off/563aa4e6_nohash_4.wav	4	e2f204672228578ab702a73b07ab7e4a83f325318c965121a3ce9b9a401ca22b	3a230665d614e52c8ecfb080448e074b81ffdb6793ef803edabc71526339e341
000963	tst_000963_Go_1.bin	go/fe1916ba_nohash_0.wav	1	bbc4806dd74fc10dd3e25d65a629e90dc4c824010d5b735489522eb314cd0897	e876ec4b78b2f05d3c554b766774f387cadc074928d87f06a534916dbfd0b93b
000964	tst_000964_Down_0.bin	down/8fe67225_nohash_0.wav	0	baaa08d0747aaeebb8a29ee4cd5b714fdca494c79d1fa4a1a228ff19a43cba28	9bec0b2290f1dadaab6bab9462a68f649e2bfae2b047069ef613b44b28705373
000965	tst_000965_Silence_10.bin	_silence_/1037.wav	10	f2f5c999044397ddaaa8d48d566ffd7d72e9191590459c02e3d2e9cf1389e2e5	2aa90954f6297e951c9af30063b2583de2164f944ce82028c73df9246a3159fb
000966	tst_000966_Up_8.bin	up/18f8afd5_nohash_4.wav	8	34888a53bcbcffb383e261050e04b757401a67732a23234c647664530d89ffd5	da9469377f94570cb048e3bcef05f442a7b019c30c39ae883fc97518fdc7e773
000967	tst_000967_Yes_9.bin	yes/b97c9f77_nohash_4.wav	9	b2b3166513d0a660d8c15b913eb079d19792731c4312f41dbee8121e239f23ae	13de59b847ddab5d9b9ab031ed8ae2e2502de08c31c5d635fea12c36f1edd110
000968	tst_000968_Unknown_11.bin	_unknown_/eight_8a325749_nohash_1.wav.wav	11	bddeaf9e0d7c45c64c6b9397311d5f9da6f31284623fb7dc23ee1cd5788e6006	b85aa5d037b602417f53d18ac46443849123e11e79063deb793e9fae4cf059f2
000969	tst_000969_Go_1.bin	go/cfbedff9_nohash_2.wav	1	e786a9244f2e05d6af87a699f156fc2b99e2b781558de9e8d44bc943485e0d76	c66464407e0f54ba7811077bfe9226b0b07648c9028c090a0ad8a040dc839571
000970	tst_000970_Left_2.bin	left/9a69672b_nohash_4.wav	2	2b0d9d25d7db74ddd20345ad3164d62b78f0d95d43844db8aa13f4590d25affe	7b8b04138bded8527e3c0e4877f15bc25e4c96d43a6b215fbaa74c29eb0d51a0
000971	tst_000971_Down_0.bin	down/af8b2f2c_nohash_1.wav	0	fd9f4338f60060ecdfa30f65f887741e8f95817a0ff1fee03a13e9ecd5813f85	d9587f9515c20c89fe69118abf3c235bdcbc63c27f7edc17802d87ba1d434635
000972	tst_000972_Right_6.bin	right/87070229_nohash_1.wav	6	5f135d6efca7d5adc194607981dabe0a01f3c4f389e5a67b8178afe6b2e4ce28	7dcb541aee2d02c052d0207a7d04b6ae46b2390e4b99bc77c8cf4af4a366f961
000973	tst_000973_No_3.bin	no/8c7f81df_nohash_0.wav	3	d73d325b79fab5d71f8b1a41a52fd46569f17dd3de46bd73ecb59f9935ea7def	493ecd876c8e1998984d7082adf57568fb8c0c04c1a4c2cfa472fa9807ca0ada
000974	tst_000974_Unknown_11.bin	_unknown_/eight_c7dc7278_nohash_3.wav.wav	11	2c82a9c194cd75f176c8ea69226f7131d978d0201cc55344acc0d0dfe5a97ec3	ce73cb6809c37c1650b0e75bbb909c0ec0a65e656cdad5b83cb7a007449dc6d1
000975	tst_000975_Up_8.bin	up/692a88e6_nohash_1.wav	8	a940758c9e2c250ea25dcb4ef3a2b86bd34cff415666907137ebd1311b8e53e6	8452e49bb648023662d29f81d105d26f58243687eb958747c7276cce50e1e44c
000976	tst_000976_Up_8.bin	up/3b4f8f24_nohash_0.wav	8	c7db97420d6b560e25d70aefb712059ede98e09b967d268d96f7d0d3c615c270	4d78a82b5c12ac5adcbca6317711c264f97c888ac38d1b88c472ff7cc6ee03f0
000977	tst_000977_Stop_7.bin	stop/cc592808_nohash_0.wav	7	e5b0bb6bd1cee72ac62c2e793ce1d251acabeaa88cef0453abe4c98a2435354d	862e74a3ca915478e07c7a0efa13e5cc87f7ea97629beb4b548f5ba969a208ac
000978	tst_000978_Down_0.bin	down/1fe4c891_nohash_1.wav	0	8eb56376daa373dae74ad35439ff85be3d54fc6a605102a23400542dee4e9ff6	a57f995ced60d0ff7ebd2c26645e5532765b083fdddfc972ccd4647f3cc704a7
000979	tst_000979_Up_8.bin	up/0d53e045_nohash_1.wav	8	0d80f55e94d7e3347f43c4b2955fa1adaea6715c4f530b1fe23c235666b167cb	a6e6a4c78eb699a51f9f5dea5f72033cd45309e55380b09fdd834f8f14ebc509
000980	tst_000980_Silence_10.bin	_silence_/3697.wav	10	11905e200c3cfa968a4f27c87e8cb531ed30609d0c148e5693fd09000a8fe702	d00ca5635a4419550c8de467fcd37d74a726bdea4dbcf0e9e98447ef55bdfc26
000981	tst_000981_On_5.bin	on/f17d21b5_nohash_0.wav	5	8d5421b0d18dc0b25e0ef75af4f6724a3a3a5cfe9cd77d033df118948c35bf79	fb1022b00d25e2efdd4f7735e4adf8f47da831cc35192cdb95c2e6ea84a2643a
000982	tst_000982_Unknown_11.bin	_unknown_/three_ca4d5368_nohash_2.wav.wav	11	ce417341c836bfc285fb06e8cb2b806142a5135b14bca32e86f9fd362d952084	8329a3731e3f85bd6c17dde9a79202822b9ff5fb7784b43b25eabfc8250edf06
000983	tst_000983_Right_6.bin	right/f292725f_nohash_1.wav	6	f6eac4e38e22df2976d1516e785c15dddac3e8a4ab322ea2a2d0fde4596c73c5	e2721006331f464ff792b6f7b84e39457bde6623825e527557fb13f299076b0a
000984	tst_000984_Off_4.bin	off/4845bb10_nohash_1.wav	4	7233cafdacaba1325398f22b10f0c4d6b5e143d4e09941f2d0289a928c3947ae	cf6773316eacc59bffa4ecf132eec31d8ba5bceeb45a7d9ae9a9f5f84476ff14
000985	tst_000985_On_5.bin	on/f0ae7203_nohash_0.wav	5	ae849fbea83ad688c82395e5a15ae48e28ca7c612a7e5fd21af672d630e67eea	92dd2c9f3fd0158291be5d2a48d39311226ce1e5f3cf9f87d9e8bd01ad2202ed
000986	tst_000986_Unknown_11.bin	_unknown_/four_c9b5ff26_nohash_3.wav.wav	11	f0f14826adfad2150197ee914853da66f2fbfb4ca58effe356c5cdd8447fa9b1	61667b8d21ddade4052c7830aaa926a39a307c6f5e069179bfa650adc824370b
000987	tst_000987_Up_8.bin	up/d103dd6e_nohash_0.wav	8	4a76faa3b1e939835f66064dd76c1480487651f7bd99d2cf114984575246ef25	71840139ddbf36f23ab6ee83171f0e69dcbf9f445f2e1e335e42118011aeed31
000988	tst_000988_Go_1.bin	go/bb05582b_nohash_2.wav	1	3bf579dd25542fd0c81451608235bc0630542cdd2b269b30ed39158f3ba59b7c	e821e7d2fc586606704612245ab807972e22e199099bb7d13b13ee27251edc66
000989	tst_000989_No_3.bin	no/b49caed3_nohash_3.wav	3	30733157c3ddc48924f4b1d9b2d5216f17acc87be4328716521d63d6447dcce7	fac435d1257df7b71d37213eeea3f366d461618482e4547fe4842028ece54869
000990	tst_000990_Go_1.bin	go/692a88e6_nohash_0.wav	1	4becf4ff9df47d19d4c0e46174d5062e07b5a16d83cad83995454973ba666539	f1545d72288ced6cecdaa42984fc16364df036a0e119c03d774367e58c004052
000991	tst_000991_Silence_10.bin	_silence_/1105.wav	10	4b1095b726248da20dd26207079c7e5c91b71663c1356e5ef9e6a7a965d966da	19db7fcbd08ef691c4a518a17c9c0c67ff6af3fdc1eb437e28a40267cfd4b20b
000992	tst_000992_Unknown_11.bin	_unknown_/seven_9d4bab4f_nohash_0.wav.wav	11	b52c76fdd9c032db12dabfe410ec9a343b8189a6b8791a3782e3f66f6a97f344	6a2bbc44f7459c6497246f3b886af0472be86c990f886f209b97c31b16ab2a92
000993	tst_000993_Yes_9.bin	yes/422d3197_nohash_0.wav	9	7e9b459bee342734decf1aaf0a6e5b0ed47bddaf8cbe67ae6f408a855c2d40c9	a3c43ce840363bfa421bf4b436105028d33bda87f255b91f795d8bb9c4863f97
000994	tst_000994_Stop_7.bin	stop/d91a159e_nohash_0.wav	7	b14c33ab05a85da4feb73525cfc266beadc398105c483c9a83afb66dd3b8281e	725ddc83abb897b8b141d7a2cbfd315d772dc4d0a760f08cea6a8367417ed937
000995	tst_000995_Down_0.bin	down/1fe4c891_nohash_0.wav	0	79a86086c8ef407d23137db38686bff282cc5603a33374282937d63077cb65e6	156e2c5a6aa508528eedb3537d762f1896890cb508497d90d33772588020671d
000996	tst_000996_Go_1.bin	go/18f8afd5_nohash_1.wav	1	e8c5ae984c4a6df5563b39012f59431801c72c78646b505c1407c52376b8f082	7383e5ee9f26bb9f405a009387a4545dbe0026af8aac6767cddbc3148e543fb9
000997	tst_000997_Stop_7.bin	stop/893705bb_nohash_3.wav	7	42d27200c5dbcfe98e465e144c11c9c80ba0bd254d7fd42b17e145f4459b3fac	2cd34860db426bb3052c46ee9f874e23c54901edac958a1e73985d040331b74c
000998	tst_000998_Off_4.bin	off/b49caed3_nohash_0.wav	4	da73a0ddbccba13723cae747fb2fceebb9d2417bbdc5c49e499442fb4a1e818f	6c34f1bb68245418c1322b14d183ffdc489fc884397a9c13494564f851eceec0
000999	tst_000999_Up_8.bin	up/c22d3f18_nohash_2.wav	8	b33713d94001ba8a63d9c0cdda44476e1fed056ea4a393cae29f7e246c118a21	8a34d3c268722d8325481b5c643ae96ef5b684198f3e6e17678d074da8e3eef4
