000000	000000343218.bin	person/COCO_val2014_000000343218.jpg	1	f0b087ced78170d64c361a041cdec00a03e6aa504c23bd2bf9fca578e06135d9	d8800edddcc3c6ad6d7892948bf4faf4eadd3996b940b2b8682493f6d0afbba1
000001	000000332570.bin	person/COCO_val2014_000000332570.jpg	1	690c561e0952a177315cc7b879fabafab4999a18fdff56295b3069f089822bc9	ba9e014d0c66952995203b00194858d2893af76b227fa6913ed25e934781127f
000002	000000352684.bin	person/COCO_val2014_000000352684.jpg	1	d0c9ab1aa796993028e87ff0762f8c9e464dce25a698229cae9367f47356c60f	806cfcff9050c4eae92e3289f14b31357de195954715564e01fd135873a020b7
000003	000000003934.bin	person/COCO_val2014_000000003934.jpg	1	c618c8afe33c7d9db57138f6edc5afa4f77861f34b7a8e544ce3dd93daf85d99	dd60eb3bf9c51353c1abf6749da2a1d914daf93ed18588ffeec61993391494a9
000004	000000272566.bin	person/COCO_val2014_000000272566.jpg	1	ab20df08f24bb5d4a931d15728111a6a55aa0df641c285a1239e785e286c6fef	00f5b211248743315d566009cc3818243e0d9667d9d36257d4b247e41010f558
000005	000000187243.bin	person/COCO_val2014_000000187243.jpg	1	bf702097cbf148ffde8ca3689667da2ae63b1dd9e05a4787da782c35571cfeac	9bb0082520138a56091eeb3bf61f7066441944f2a69e605f8e9c96a6f7eb5124
000006	000000577539.bin	person/COCO_val2014_000000577539.jpg	1	3f0af10427eb4d6b2d0ee2e1d15ffeb0123d18eb43371ac44366fe94aabb5f9e	27703e68120ae09f41a90d2b21235d372128d2bcb6fceec7b20adab202064e40
000007	000000329323.bin	person/COCO_val2014_000000329323.jpg	1	e7eebbf8833498d01847ede9a1b8a1364c4576fcc93762dc0a0d9c2f7a1ac83d	827c462095fd254524c776f80a6406de52d04329b21a1c334a4aa2d0b6187e28
000008	000000334483.bin	person/COCO_val2014_000000334483.jpg	1	cfba1de645b37afb75afd72723c7d7083ff01b0397f93904b7970003b2de0153	9f7721a5a225bd444e6a9f4e5d7cc257e1f439a2bba7d121bcba1424dd242352
000009	000000281414.bin	person/COCO_val2014_000000281414.jpg	1	247b163ab6a5e803916ecbe0d7f1ec3d0d04d8e4f7bd4dcc11bef374ae4cdb4b	0bcf9906bf8f3eb4fbfac37cd5b39e8b4e59a7f7074413ced076b06487fcf3df
000010	000000232563.bin	person/COCO_val2014_000000232563.jpg	1	bb41a906d97065e5684038c0171172eb08b59ff256add6929cf98f859a8927f3	7ee762fe93e8a321ea924650f0f7dcf09de01534dce3669467620799e203f5cd
000011	000000199055.bin	person/COCO_val2014_000000199055.jpg	1	48ab161e3b14a9ad52273112927053480c236a6d9b181063b3883d1aad43906d	d4f0dc37b9226260b026a232b0a7ab566ad6cac6c55c4efaac3675db7fc2d1a6
000012	000000482275.bin	person/COCO_val2014_000000482275.jpg	1	ba0ea168f533220212138702414051a5493969e027d706449399413be5e02e3f	4d67343086de7b849b5766745c82f85f74b376838424ac6d0d4a0054b8b6038d
000013	000000337055.bin	person/COCO_val2014_000000337055.jpg	1	b1ad8481545cc37025e5a5040e24ba20ff56e441f5179523bf55774f960b69bd	0c3c85ff7540c15e04d96d22fb8c01b7f8071908808a14fa453f085366094b18
000014	000000326248.bin	person/COCO_val2014_000000326248.jpg	1	4c2bfad2ee6ba110576f23df3ef78bd07ce290f29dda3cff46e92c9344b7944f	0d16ed83534922ad8ad4b979ea2b8dc467ce8900e29e76da449c317e94db735b
000015	000000360960.bin	person/COCO_val2014_000000360960.jpg	1	56e29d383a4597ce002c28e94cb71f59aceb90fcfabffaf82dbbbe364b501df8	78f68ea48fb436c8560cf3a67e389da591c477862dbac365158f8ee8c8c1fa9c
000016	000000173830.bin	person/COCO_val2014_000000173830.jpg	1	7c477cadda12c6512cf46a12436387f16945c5a05ad7820468239eedbc9f85b6	67be6bc5e488fe9f8c3482e4706f0918edb561a7340680b7204aa4dfcced0e10
000017	000000290843.bin	person/COCO_val2014_000000290843.jpg	1	4643c91399008775bac9b610b9fd190a723651effc45dc0f81e9243678369e71	bcf793da4e00c4b5a7ae35bbee07ba99bd4254e91a0cde2a2d99b9fa501da3df
000018	000000213086.bin	person/COCO_val2014_000000213086.jpg	1	360ed18c6feb86b6dd8ea4ec01047f5cb9bc53e13ee94ee6cb30b258c72b1237	d42c736e34c031ea5ea0cb7cacaa6025fadddcc0311ff8fa93894b30c12d9aa1
000019	000000018150.bin	person/COCO_val2014_000000018150.jpg	1	166abd92e6b778e9dbe4db950781ce8904aa253d160778e8a181d382a142b47c	2a192a033b27655b6aa09d560edf82679f9dd3063896f529bd073ad229dbc760
000020	000000372819.bin	person/COCO_val2014_000000372819.jpg	1	2089a8dca8180e0bc567791ccba043e495cb18eda10417f6633ae0e442e45679	6dcb562f97b9c00e81307ad189777c7a6070f54366f0bfb36f6a8b7570af52f2
000021	000000130599.bin	person/COCO_val2014_000000130599.jpg	1	949749aca89ee287714a125838ba7603020a8608d21247e3337103346fcd1e18	8a9e0659421ad63f50a3e0d24dc1a5b8355ec20ae2bbcb7f96ec77a9d39eb23f
000022	000000247917.bin	person/COCO_val2014_000000247917.jpg	1	a1b8303e89b533694d50ca8118360c1bf83d90f064664543e5b424bc5f5073db	9030039d9f1ae8b12d367d030dc8048d5d6dc9490af1eca393928321e7370cd2
000023	000000411817.bin	person/COCO_val2014_000000411817.jpg	1	3836f11dadd79e6d1bde144043ae21112b1b02ad9024dabc72c9e79d259e17ba	02220f8e9ae8f01c6635fd30a72ca38dcb224d0671b76db015125306f67b1ef4
000024	000000290163.bin	person/COCO_val2014_000000290163.jpg	1	083b6a9398ac1bdac886a19d64d9cf30b9f6e91b394408eb4e5f995fa6905ec1	f124b630af6e9fa0e04b8c7aaf07e69e1c45a2ead682e300641e0c793bcd5e57
000025	000000201072.bin	person/COCO_val2014_000000201072.jpg	1	c230712e1066593f712eb9fbe92475fe7f2e34679451482d2fde6d73678839a1	aa592d521edcce8218d70aefaa80517d5465de74e530a7963e65fd5455b158aa
000026	000000024021.bin	person/COCO_val2014_000000024021.jpg	1	652c8a171bfdbe19cf11664ed60a9cf82467c213bc4295511791449d0ccd0a96	39acd75bdaf01cf4d8f5c29fc4e00cdaad4e5daae4e3c277765255bd1e79fbe7
000027	000000143931.bin	person/COCO_val2014_000000143931.jpg	1	3baa30db03efdda7979d26327e7d61a5f8acccc08c9f7e6ef051785047c7070a	1890e4d12b509465800a1c78ca75d4920dee143a874e1573ebe2ddca67ffc7bc
000028	000000520264.bin	person/COCO_val2014_000000520264.jpg	1	40676ab6de83e2102bdb90d4b8ede31d86e40feb5852f1bfe394ab1962459d7d	0d1f65bd22859edb345ae83bcb9e489774013907422b6e5b66d38fd9e4ff25e5
000029	000000321214.bin	person/COCO_val2014_000000321214.jpg	1	e5b148a1396fa1d8b952b6a4408dd3ddaa80a19ef46d8915369a751b9f264ba7	510abfb91f0c07940a9769a65ce4ef9e3278dd352a2b9bc203bba8b87acc355d
000030	000000284991.bin	person/COCO_val2014_000000284991.jpg	1	ce4d974fdb85a2cb18243ed5c01d4b47e79390c9bbf72f952a31605db397777b	7cc6f0c54488733ccef7e4aaf1cc4102b7342588ec15405beb49c3fc21dc510f
000031	000000357742.bin	person/COCO_val2014_000000357742.jpg	1	5a1c6d7517fffd8371b4b2812f22037d7d156513452ad712b710ff160e92591e	3e5ac60daed57c644b5da7af7c25ca01f63090371f33ecc0f71ad91a93325954
000032	000000400573.bin	person/COCO_val2014_000000400573.jpg	1	9bb1cc1a75d6bbbe8bddcf6641af729a26f692d0c71a224837bc0dd1328dc458	0f9ffb5ff52256a59cff57b7d2c5b314299d2a6062a30441190454e3d6078afc
000033	000000434230.bin	person/COCO_val2014_000000434230.jpg	1	24b426f2f257a842ff47bb19e051329c2253beb8f998a8fa4ce38f932cd5c328	cf8f99a4f7b9f8133c1fe746e9502e50bc257a6a7a012736f8225d1e0e9c5ea5
000034	000000562243.bin	person/COCO_val2014_000000562243.jpg	1	4910d06c64a8a93f5f5fc430f0b467e532acff8e043ae65d3e3acf9557677402	e52707fd0a9c27ce5fc17583b67243c0bd3b41d65bba90a396a6f99628fe516b
000035	000000295713.bin	person/COCO_val2014_000000295713.jpg	1	aedaa88afec594a5107b7de87f1714c7384083f10350c628fd59b5e86b273654	55d20afc148f4d9eda84e96c0e684117b2cea2f79d8aaf299b126d58ad975e0a
000036	000000069356.bin	person/COCO_val2014_000000069356.jpg	1	9c6a75ed54d14dd3224e685494a1fbf43ff20eb6c3bbc7ed7cd92018d7552860	06cd28ccb1d8f3145cd042af4c2514dbaae731f8222fe22b8d5772991d36f58d
000037	000000144784.bin	person/COCO_val2014_000000144784.jpg	1	7b8fddf75d19c40c56f12d2b870c4a8b4898207de1a807e766380bddd1a6d94f	51526e07aa973727a5ed98815955de3e4373e10beb0068410b5ada62ad8e359a
000038	000000492362.bin	person/COCO_val2014_000000492362.jpg	1	40ffdcd73d6aa9f9db5e7f6e4740234f58283f1db59cab861208b492f07439dd	262066db73ce5de3bb56cb52ba0df243ed013c5eecfebb3ad9b00e2e1e481bfd
000039	000000230819.bin	person/COCO_val2014_000000230819.jpg	1	58026faed8f196d203a9c2e5a79686e4fe8330b4d9dac009cc0a37eb7004c3d7	1291855e22f1d628730a5f0b0f63dbf73a4baf67384205978d159a2268cb1b54
000040	000000105264.bin	person/COCO_val2014_000000105264.jpg	1	7b84cb51aced7edd87b8040555f372d455b0a1d99aabf074bab0f7f56198fb69	3e81ce12aa00cc268d99a9c011f490538d877640de650121b55ee7c36c3cec1d
000041	000000067180.bin	person/COCO_val2014_000000067180.jpg	1	5c9f5df524d580f0e0b96fea01b2b309caa3679763d59780d56764c80898897c	930b4bd56d79c66bdf7134a8cd861786f8b0d054b76df7ee872c24009609469b
000042	000000113235.bin	person/COCO_val2014_000000113235.jpg	1	53a2bec81260803f2aa1348cd777e59e731a79dbe65fecfec5eb1e7dc7b18764	d0333db427db294b82a5289417827f8f2d32d1f1faaeaa82608243a95335d72d
000043	000000090284.bin	person/COCO_val2014_000000090284.jpg	1	9d4d9652a23f647cf5c85c1a71efa644627c51f1f19750d931e79e6546107da4	a9c36f45d25bcf898823c0fb1960ae54d9c2680708f4338e85c21f10169f968d
000044	000000301718.bin	person/COCO_val2014_000000301718.jpg	1	30966999a9bd9507ed4b498294241b523feb3c516bea23b58a39ecc0baba40ec	7194f7484de098fbf473960f82cd05c304ff71cd8a19c210d329a492c67acc99
000045	000000099242.bin	person/COCO_val2014_000000099242.jpg	1	7e92fd4a9398f2861f4c2c8527d10187e36e91b196d2a080d13cdacf6bd8282e	c09154d314af595dca250485cd8f04ab2d5e4d68a63b63946e3515ad59d46eab
000046	000000512836.bin	person/COCO_val2014_000000512836.jpg	1	cdb891ef3ba244d2d386acea42442eac9feb8b77f3f33de5d551bbbea82d949e	d9b6bc170a59b7dbbd3b4c78933c1d5025bc20dabbfb3f7c2141e99fc78490d9
000047	000000334555.bin	person/COCO_val2014_000000334555.jpg	1	0f702e4585d22e2c258bba13782169f8bfb3b3f40eeb377d344fe400d30940b5	975d1620e2cf3fc75c69ded6d7bd06f81c5bd0583878ac8d6710e0dc6db36295
000048	000000301563.bin	person/COCO_val2014_000000301563.jpg	1	e97b70c1a5fab6a795c8964ff52e6a045d89b660d106a7ed24d21e056bc6d10c	9687ae3895eb53c028adb64efee95cecb6befa8dc31b90eaacbae1b098418ae3
000049	000000374369.bin	person/COCO_val2014_000000374369.jpg	1	9bfe3b045183fc4688e6c9a79b7e1f4cfe67c54e104a87399cab4e64acdd2f89	3bb1c624138800fb4392d3f3cd087f0b27ca4323ca1855d319291cd488cafcd5
000050	000000414795.bin	person/COCO_val2014_000000414795.jpg	1	8ac2e2aedd92d73a07ebdfcd38b8e7260d299feb6bb72102d9d7d3d7574c1710	a0af0c3cfe61c4a0e7b9e092bcce7a4fd11943fb4e94011240ae4ca7e325a564
000051	000000349860.bin	person/COCO_val2014_000000349860.jpg	1	0645e4095d6dab7303cb68f3488825e0d8ac443d2fec29c0598fe68f923014bc	e005692c257a6d17114def3ffc26285c759f9a30172b2c3e14e9312cec58fb7b
000052	000000046252.bin	person/COCO_val2014_000000046252.jpg	1	e0b77c1b091592bbd3d6d28dca57c17a1569971ad4e016355dd3c221eb284780	cd939059d630c1656bbcfd86ae0aa1d6168b4d41b40b24605ee475d9de5e9378
000053	000000259690.bin	person/COCO_val2014_000000259690.jpg	1	407df87aa080cc255a9f078df8d62f54787062b16992617865b0d14675fd57bd	9014a086563f7994c85a306ac69897e79f296f133ef9e522d501e113fb48975d
000054	000000327601.bin	person/COCO_val2014_000000327601.jpg	1	e1e5ffec45c3851da0883f294158fc89f4e955147b8ee75ec306d16862ecdb1e	ed90f58c2aa0e5b514ae493aac48f6c1cfc662082d4cddc9cc2a8c1b81c4c2b0
000055	000000507015.bin	person/COCO_val2014_000000507015.jpg	1	b6fb3cb2263af6b31a78a38042e43b559b97f04415436124b8de8b9ee0145354	2c1dbcea317e57280e3513207cf093fa4def7bf57220bcf6db94fb4bdd0c1397
000056	000000431848.bin	person/COCO_val2014_000000431848.jpg	1	eaf617951d1fb933e5f8657a858fb572bc84bfb554b6d934c920ed8d5ee5ae53	5bf80f71aba04658eac77a8d288ecb66936c962de8df8264e62da490e44ef011
000057	000000465836.bin	person/COCO_val2014_000000465836.jpg	1	8ccba39d4f1861dea415a06b78c2f8c97f7a87f54867689ae35112104e804bb3	50e8695ebd2fdd40711dbaeca26c29502ee33300bffe65159722285815c692f4
000058	000000218439.bin	person/COCO_val2014_000000218439.jpg	1	02022bdc849d3279d36945856609868e733828f6dc0d824d075e9c95ecfe0c9c	80ef25c9677f46452dc40d5609150645c04101fd6aa84dafc415bc44b6a353f2
000059	000000525155.bin	person/COCO_val2014_000000525155.jpg	1	0ad97b57effa69d46b640c44f98385e99b791823e47a3270f05582cab495cc95	bd1758567cf77ade6ab9e7cce8f15c4f22ffc03531e350644d4f506a6d23e3fb
000060	000000032887.bin	person/COCO_val2014_000000032887.jpg	1	0791bbeb5bdf7245e93c6209dfd2b882156847319dfb754b36f612b774d84dcb	c84909eabc2e1f5e75eae3a3022e2e5f6f3dafd09d55848c8f2dbee83f60517c
000061	000000121031.bin	person/COCO_val2014_000000121031.jpg	1	add22843e815abd07dd1e6fac7f178539be3091fd3cd8058d3ccd3a33a83bc1d	fbc90b71073ea6d1f627411ca35f585d80013367dd2ba9a6624230768bfff188
000062	000000386352.bin	person/COCO_val2014_000000386352.jpg	1	6f937a62c0cada5337cf5d232996fd1ab3a3087904d624abc998e93d8d07c5fa	89bdc6b8ef81849cd2d341243dbbbfd8787144600f24d0cb779d8c1e66ed6a23
000063	000000253835.bin	person/COCO_val2014_000000253835.jpg	1	3e3e5c9c40f6a5f9c5c4fd80c59042a0e6a50b314fcec6f06d810f29a5efb0f4	0b4a99f6d6b3cfa4c9f448d2a1a7fca398ae6a167f5344a549615182b705a9f0
000064	000000095155.bin	person/COCO_val2014_000000095155.jpg	1	ebf41ab7eb62c5e475639cf2211f85335a45b08da4750930d2bb05b09c2b279b	9c1342e607257e30235d3bcc2ffddadb04323aee3634cf783b0696c1ad709734
000065	000000212166.bin	person/COCO_val2014_000000212166.jpg	1	4a2f1b6f56cd9f7204234cdb7461133cc79b0b5af0eb346950016237b66ea175	e40225ce135dc7e53b8457b928927200e3b4f2889dd1b4405ff1b13a99b27d33
000066	000000084270.bin	person/COCO_val2014_000000084270.jpg	1	f300c69501e0cab714df24742f165d9198df80e68662fb9d8a47e7b54e4e1f1c	60588fa2aa942e5f32bdbad5fc9046de7168601d2c0ce00719267d9935099eea
000067	000000312421.bin	person/COCO_val2014_000000312421.jpg	1	e0c9a79dc42fbe2e1f7b311b329ff7d0fac145d05f462920afd380f657646cf8	ad84f6eef38e061e4158fdd6df50e2655c34f70fd80439eb66410b4c6d8da6ab
000068	000000398237.bin	person/COCO_val2014_000000398237.jpg	1	3f6e82e1587c0dbeeb7c69591699c0ddcd0200b9339c07fed6305cdbdae1c58c	a4c227f47f0bf5a5ac1e2622797b46e6f13c1b627ad3b250e0eed18290bd99a0
000069	000000345361.bin	person/COCO_val2014_000000345361.jpg	1	8bfc2b2b84d67d83f06e8315d4084ae5e43f9d0657d4e61ed0bb87a2d3cae216	20835c89cf5370e1eb7f96ebbe4c704a513b6666a8765c2df08e9cfbf0c7de1b
000070	000000341719.bin	person/COCO_val2014_000000341719.jpg	1	e0f3490709916e19a512ff7a0b30fa786f66b35238cb3e0f95ec2a157dcdaac2	4c0989278ee36070b717f12c1d818283f6ca29d8ce0e9dd317ad6f3d00901c8c
000071	000000558114.bin	person/COCO_val2014_000000558114.jpg	1	f440999a20c186785854ad59fb9d823965a81357cd266d64a3a0c7c76ba1154d	7557b137cb8e9e7817950e9b0fdd898cbeb319c229d35a5250e8ca5d33180022
000072	000000231508.bin	person/COCO_val2014_000000231508.jpg	1	e03c611fa5f50a2bf5d3ab95d147e98abed76569fa2d7c20bd149a64227b7407	d9637e4e4b97269cfbf692f3db39efc24a2b7f09b9498cea50dffb200ae1b24b
000073	000000122046.bin	person/COCO_val2014_000000122046.jpg	1	434637d7cd63f908a1187482149a1f9954fe16757044a064e16a583b303af732	db49e7a1db77b56a050b4081820a26732723d3550a1adc7a60bffc15451401bb
000074	000000023899.bin	person/COCO_val2014_000000023899.jpg	1	a967813f7fc79477e26f39e6e537a2e9a5288378f7b89bd5ca0c184104b29088	172456ba25416be45f86d1c62c7e77831c3aaeedd4c84847cb4a2bd6369ff298
000075	000000074058.bin	person/COCO_val2014_000000074058.jpg	1	72be9021fec05d5df3a53f1d30ec803396386ee98e3f2a283632b9b03359dab7	cf610456839e8a20a26dd26440af8b6366b3dfdb398f87366e54363c072e4bef
000076	000000005060.bin	person/COCO_val2014_000000005060.jpg	1	fdd48626531e7ed9597df26857fc5cdb8fe74b7111229547d2712fae59a4968b	96a4938996e9ebc0c43edceeb8c201689fcd963c6f8858ba26abc122d128995d
000077	000000250282.bin	person/COCO_val2014_000000250282.jpg	1	e5254114a9d4b2ef0b1523cc8c6be0828daf03acc643245ac0f8aa812daf39de	0329c6c06076d4627e69055217dab6f19276b1eb2d3479ff1ad873c8b775f0de
000078	000000463730.bin	person/COCO_val2014_000000463730.jpg	1	b4f8c6c2830546ebfb61077b9ce96bb928fe118bd786bb6446d3e61b01559fd1	4f51f3087ceac2911829b36a635231537ede8317d96230c22c022d511ad0b8c8
000079	000000458992.bin	person/COCO_val2014_000000458992.jpg	1	612bbca7a26daf233bbc3afb742874ea0971af9c90d08da1c33fddfa906d572c	bd4ee951acc5c4279cd8e37920b4fa4de7125ca78f29709285035a97b4d4906b
000080	000000474078.bin	person/COCO_val2014_000000474078.jpg	1	68b4ff10c0556b81d77fa24fc892b01d3acf735dbeac52435072377c801ebb99	58f1007a184f437bd73122f430942a590c1961072ee71c376d4cfbcd47818d5d
000081	000000428454.bin	person/COCO_val2014_000000428454.jpg	1	2f5f020216520b810aaf45a1d7c78300bf39abd82c001a901d4bb29729dad195	f6a177ef71d00f6b4a44e1706698d8979dddedef4453d8df53ec0fd2e9c037c5
000082	000000361147.bin	person/COCO_val2014_000000361147.jpg	1	d9a11051f2f804e56cf4f74d99c4d629abddb77e982730ed91e7dc50b4b3c5b4	7f0fc8fb7e00869162f3df4369cddc36560898f8ea7fdf0194e53fd32e9f7ac1
000083	000000535306.bin	person/COCO_val2014_000000535306.jpg	1	c97df0e0c80d1ca102b2936fb46b33a96e69b3bdfb8c9f5c38b87afda7b22dee	2f1b5d7107849661cc717e58933a9cf53fce31f99b99eac440943dca11563473
000084	000000082715.bin	person/COCO_val2014_000000082715.jpg	1	51f39c512853fd7b420699c2bad6182a160c4ac2c9922c99e49c705ce0b19eb6	3243280853bfa0533b80e855b93bea6d6f74bc83bb64fdff6a3aff0abd3aef6d
000085	000000123480.bin	person/COCO_val2014_000000123480.jpg	1	56a947362c571d43dc10fa942bc1514830dffcabb8d9092e5d86d794af732cbd	063a38e125c1cebaf4e8399a693aa16f506bfba9f781c3c12b34b27e5d4d053c
000086	000000322724.bin	person/COCO_val2014_000000322724.jpg	1	7a327a8131a7b3ff70301e9e51da45a75a493abc11347ac1f40702151820c9ff	11cbdfe373d4ca2b0517b757f5148c127ab4bfb71c58564d1ddb4a496d7d7a39
000087	000000580294.bin	person/COCO_val2014_000000580294.jpg	1	b55967c39ec87b05dd921e640e93d67c918ae1d71ee49b588b2a1af93050c461	0dee58fcd1b2658b34d657f4b10db009c6e368c87f1a4b3f1bd6c8dcaeb24459
000088	000000243204.bin	person/COCO_val2014_000000243204.jpg	1	7d7193a2ab8abac8eb6ac7b9c19fb6cf1c6bce8d48c681c6c294f205bebba574	95c41c47bf4e550ac5f675ee1151575f5de9844a163fd5bc4c6e7ab62556544a
000089	000000383384.bin	person/COCO_val2014_000000383384.jpg	1	61c4b66682da555d2a749cdb82281d45d8a97a54d4bb004cb7091c059e1022d5	eb6afabfb58365be45df7e8049b8a6188a2cef9c2b096f1694a3b32510871737
000090	000000039551.bin	person/COCO_val2014_000000039551.jpg	1	fe4be74380e18684bafd9376d927f68ca289f2629c90d0941f0d9098c6202ff5	146afb0f3d325153f00f9c24717338217b4c90117727ae06bcb95094cd55ffa0
000091	000000334767.bin	person/COCO_val2014_000000334767.jpg	1	fe294f2060c98f476383d21080ef7c8061f5eaac40174921268cd0e4fd8e5b88	94ce73ee0c539e88e5be2cdca23966bde0b4dbdfb34a68fc351ea06a38639626
000092	000000130586.bin	person/COCO_val2014_000000130586.jpg	1	d988f2552e7914be80291d5812bf1089bd7282a9e7511765f13cfd5c411809f8	0a11aedb3681c0f1b11a22c2e1287341ff8cdf331302373de8f51435c5aeb41c
000093	000000448365.bin	person/COCO_val2014_000000448365.jpg	1	f09f92f244d5e39849fd424e1ebc2e3fd0a9408f41faac32281e85cf8c823203	52aca85a73b32975d668c64c8f0346d6385b351f288e98387e8928d0780a3d9e
000094	000000043314.bin	person/COCO_val2014_000000043314.jpg	1	ca59ad76ec840f587ea798566c0fcd7ea74fe5fa95159b466dfc684ba7bc91d0	50a6e919972518e5eea59a76529ea9131e3abef83e67774a26fc2c913f9ffb53
000095	000000294831.bin	person/COCO_val2014_000000294831.jpg	1	c0910b2aedac3693e94f179ee38121071e1020a8a6c3e81f5d108e172fd83ed5	ce24978fdd480594f774de9e4e69759eb595c34b9450d40aef385a286df28448
000096	000000239537.bin	person/COCO_val2014_000000239537.jpg	1	3eb01e7605638e5dc220a7157331a5154b10e6f5482c972230c98cd4029e28aa	f259318e78d0e4ff33abfc5878b6b16ece0e6c7ebef914aa1fc8f77470f6c3f1
000097	000000460841.bin	person/COCO_val2014_000000460841.jpg	1	1d6fcbda4f25e5202e2187a9ebd46ecf37c733cca71c035e6fb94e8ad5e43ac5	dfe813027c9303ac351a27c421ccb53d7674cbc0351666502314b49ef8f5f55f
000098	000000276434.bin	person/COCO_val2014_000000276434.jpg	1	c3b4d9bddcd76226834620afc95620dd324a1c7b9a136bff633f72006770ab8a	8ddd747343201b0f81ec76fd841dbef55efd1a051d077476c29814c40fabff30
000099	000000252776.bin	person/COCO_val2014_000000252776.jpg	1	b5a4701c44018555729fd9588a2b407151032b1eefc4a972e149c61e9d3e16c4	2e8bc37ce1ae694b0c266df73b25d718e6ee2757b3c7ff22e070fdf1cfad540d
000100	000000414170.bin	person/COCO_val2014_000000414170.jpg	1	a3ffdfbcf39bb55846d763ab87ccc05b2fac843b34a26614d8b926183f17cd8e	3f08526577de9de5b9fa814aa0f5ceb320fecc091cac5781fd97e190fd777811
000101	000000036936.bin	person/COCO_val2014_000000036936.jpg	1	1bad0fd0e8ecef9a749f980510762397d2b3e1127cf6b713daa120b94d159080	2cffa18c79a2bc74194b7a5497df4338307fc24ee59ca3881e11372c89ebeec0
000102	000000486438.bin	person/COCO_val2014_000000486438.jpg	1	824a410d13b9e0e712448e278d97d7080f7cd3f4952add7c61d1e2d5a9edf8fe	c5f72d16d684c78a7a17a5eb651e82bc6b67061c66dae166f62140363111c8a0
000103	000000420916.bin	person/COCO_val2014_000000420916.jpg	1	dbd36bc71c3da35e8e55283287cbae55bcbc1c5d9391279c0997b127bdf2535f	c62d20333b3219bb6bf0ac20299f98e78982a0efcc5f3db1eed9d16b1f370939
000104	000000430961.bin	person/COCO_val2014_000000430961.jpg	1	2c7d2afad0eae9e12bbcb5ab0cfd2e2048224ab0acdf5cb07d854dbf8ece30b7	f57f99436fa16b177c61254df3aac1476e885584da6b36d80f8ef0617af93582
000105	000000497344.bin	person/COCO_val2014_000000497344.jpg	1	419523b5dc66c758fe47dc35a39739278b62788fc68c0d327c6d2c44ab05563a	393d2c863a6150edf24f502da263df14769bdf567666158ea7354f51795eec65
000106	000000424551.bin	person/COCO_val2014_000000424551.jpg	1	f4d25a9b25b9fa5f4983af5e6ffa3f3c5b34b3c55a63dc5230f8b0f350757746	940cbb3404509a517f2ffaf7abe52954a2d05f90900c89b579bf2e19e8fe0c15
000107	000000230008.bin	person/COCO_val2014_000000230008.jpg	1	cefb6b863c62dd18fe6e3be29c996cb290c7654802d294b8ccdecb94aad0d5be	a1d2e5e5216c01ce448d6b7abadede5e1e6d9557a91692b5849ce112faadb55d
000108	000000267191.bin	person/COCO_val2014_000000267191.jpg	1	9ec8f5d55044653db158d9cc10a473891bcd38ef584f1b9d1de9dbf85c41bc55	c02123ab9ad99b7961b5f8a3d590cca39aea6399e7c3a7c30dd3f10a34339940
000109	000000171190.bin	person/COCO_val2014_000000171190.jpg	1	c40480e04d266fe37a79f7c2600150f1d78b5e28eb6be53540d430fe4d297ba3	10d8241187ac8b7b7da038015befbb6004cecfc3de0012240c30d4c941eff44c
000110	000000500257.bin	person/COCO_val2014_000000500257.jpg	1	5c4a8a4cae64fa6e8e622062634fdbb94b66bae40a4115085f93b424aed35580	816f9dea7d84bc3ef78d872fd7134a9c40659c3b3e8f6e9a758000f2989bd62c
000111	000000167486.bin	person/COCO_val2014_000000167486.jpg	1	f0272708df84b1ddc80a920fa603439de57a08bcca7a5618aefa9fea466725dc	0c520766ee077a263cab1d41d802f638d6657e6b58be35717c104977729e2502
000112	000000163562.bin	person/COCO_val2014_000000163562.jpg	1	86ab509063955696950882c3a047882e6491b1054ea7d0c9798f24a790952432	51180421e2f59bad1eb0765729c101bbaaa8abbbbb7f4d34d7c87824735ae400
000113	000000403565.bin	person/COCO_val2014_000000403565.jpg	1	aa7db039ab3a28afaa9d2f8422ff31447d3e214ce5986b1f0c304d906d2b427b	4afec92824c9b8ef6783b69c759df439715b6547e47c742a0bd5d8b2ef6b95fd
000114	000000578545.bin	person/COCO_val2014_000000578545.jpg	1	ce6f498cf9bb3224d8a0e733d2296b483961ad5d79af69b513050977838fd38f	e70eb11817a9bc56159fface3c3ef9685ca26beed7cef600464cb1021bd392fc
000115	000000162415.bin	person/COCO_val2014_000000162415.jpg	1	98c14a4ec38c2f42dce7b7f4523aeaa9552a1561ab5cc15bf0ff216ff5fdefaa	63c9438dfda97fd2ab5ffc14dc38bb144609c61b8db8b8440d92870e0318947a
000116	000000156643.bin	person/COCO_val2014_000000156643.jpg	1	dbd1e16e6beb24182daea71a4bb09074c5109ba57a5dd1affaee7ab9525b0934	edd0b8aff8e58a6a768cf2c6d98707f6eba29c225ebdfbd8c33b1f5affb01fc1
000117	000000361919.bin	person/COCO_val2014_000000361919.jpg	1	08cf6a0eb7e0fbc0e187789f88d28342c3d727c708f81e2b658cde7319bbd8a8	66a3661c08989746780fa9044c3bd40e8474281dc02a2d515bb2ead1553dcd8c
000118	000000358525.bin	person/COCO_val2014_000000358525.jpg	1	057e5fa30112a82633574997f10bdd5a32fbc0bfe743a7fcca65a5d048dfcbf0	7c90794b5203488e5170562d72d8085154de715854b036c54ef7ab59abc631d8
000119	000000183648.bin	person/COCO_val2014_000000183648.jpg	1	a6220a474efa0a42f1873ced1eefa64f80080de11afd6803d70cc683a4371c6c	767a01bd5296b899f3051ae774ccf78e9bc7fe91d3383c375f3857bde2d10892
000120	000000226903.bin	person/COCO_val2014_000000226903.jpg	1	fcb9aa6e5805818209158061c7467709826340442c0856b8436cbea80b305791	59fa9b9df051e8f9d7fe97c19e70b718bfad6d9e61ef01ba2515913b538bea22
000121	000000150265.bin	person/COCO_val2014_000000150265.jpg	1	f310e4878f175be123358779dcd65751534761e936e1dfb2e5fa76b638b4e2ff	e190f053793278939c72977fa50c9bc16ed53e7e86ddced8671d3463b8d83fa1
000122	000000395801.bin	person/COCO_val2014_000000395801.jpg	1	e9d41e4bb21a7a0055818861587ed8ed8948679c838625959964d0d85e771ee4	678a2d861bfb51aba0116320cf15bcb1fc9d11dc0bb507c6c79f6677b8ede23c
000123	000000488673.bin	person/COCO_val2014_000000488673.jpg	1	2d29d73bffba264f67582de34e93a115ac069aa4016f8d01326851d55544060a	b97eb1462502020c4e987146c703a9b47bc9ce04521e6c5e0c2433275835ec6a
000124	000000311180.bin	person/COCO_val2014_000000311180.jpg	1	ad94f18bdf03b1529189eeedfc790d6db233171c3a80e6323f886a4129950cd4	d3d8c2edc8d926093a0d2cbc1d3c6ac199f51d4b243f37c2aee9c1af16041b00
000125	000000057597.bin	person/COCO_val2014_000000057597.jpg	1	10a2bbbcea8789ee352cee14ade6dca111f1861fdfc2bb1f058ee63428b9156e	5fefc9fec2b464980af53b43fc66c6df28018794bbfe97b9716989675133929a
000126	000000579307.bin	person/COCO_val2014_000000579307.jpg	1	35fa1ba1acefb65bff6e10a66184ce554a45afd20df652db4e7667d9415cf951	8b268b96266fd6748cd3bdd23dccf9528950d99075db90c10d5c8a19b062e584
000127	000000450686.bin	person/COCO_val2014_000000450686.jpg	1	e1e06afca78aa21adace9ac02db0073a581d4755ef0c1c7137690936757c5525	84561bd2252747f47fbf2400b0470aa9f19f08a7f1a8281c1d301396ccb488ec
000128	000000537506.bin	person/COCO_val2014_000000537506.jpg	1	0c673b2b6c41524f346d47944c7acfaff04c9a2518cc791d93f45ed17122bed5	5645aaf5a3ce2139437132500fe507afdf93fb2f8e0c2463d8fde10b7dd5f9c4
000129	000000514797.bin	person/COCO_val2014_000000514797.jpg	1	bc227ecebae5a868af0c832d7c3549adb89b20a9230a3c8c3fcd1f61f0209b69	f820a68ad058bece70da044145d5bf081abc39604dbf2ca474d99ff246029b59
000130	000000375278.bin	person/COCO_val2014_000000375278.jpg	1	36f0583f709bdc1f577d9915f38fce745e6d4b8adb098e47df55c654c1864fe6	f21a9b2c003d23998d65f8a6fdbb0f92b2ce3a272e47a050d039cd8e466eeb05
000131	000000381639.bin	person/COCO_val2014_000000381639.jpg	1	5403bc0b6799d657d29b8bacf87239d75f9ea2fd52954bfc394179bb7acf2994	cad36b6e9c479620d271979078e21bbceaa42da82884168b48de008a797a5c90
000132	000000205105.bin	person/COCO_val2014_000000205105.jpg	1	740e0431362ad82d3a9f7fa326add7d51d8e43e7985c1dc1583de519c8a6b990	326ad9580af1efcb43a53ebfd0ec047780a5e1f4e542323a7fcc75392f978860
000133	000000180135.bin	person/COCO_val2014_000000180135.jpg	1	15b4f6fed3f1a8f84e4c2702ae2509d30cae7f9e33436f7c88b1349dcce1ac05	498d4bd2346658a0c8f7a982fefb44edae136408722d86ebbe93d244dad0a5b4
000134	000000176901.bin	person/COCO_val2014_000000176901.jpg	1	eec074f43faa19e0b5003b8a3ecaca50092351012f0b19f8899401e1c4296d31	f9269833f94d4ba83ba5af03073eba1ba7e065683bdce91385c2af6a7d1b2034
000135	000000532690.bin	person/COCO_val2014_000000532690.jpg	1	112f821107997586a23e4e322f1ed035c969b57219ea3d919ae430d48ec10ff5	9bcd49aa4f0ec2f0c67c6b7d972dc5196cefd2cb39bffc3e385bcf9ecdc53f1e
000136	000000412894.bin	person/COCO_val2014_000000412894.jpg	1	b3ac3a8b81cf021bd5110f374c242c8df2e89d0b86eba80e5997aaa3b0106cba	96ae19bb833c8430948798fa799c47b41f2eb91330782cd3bd09fbc2ce088375
000137	000000378284.bin	person/COCO_val2014_000000378284.jpg	1	6b5a392dd80a1894c1a3a3aa85c05e5cd6fd5b781a3c3eb169be9603b8ffab08	d310537eb6b223011a70f44a235584d41dc1af431beb0480ebb87e9899c10279
000138	000000301867.bin	person/COCO_val2014_000000301867.jpg	1	c9dfe228958f36a9bc1bb968299c61b8e389744aa80309f6ef2185702e7219c7	a7d20c937b9a88d226f1052a7a5ec119f0826fe12efaa7d5ef3eecf15c1c85e5
000139	000000138115.bin	person/COCO_val2014_000000138115.jpg	1	7b576f52780ae41eb219c5d31e6a3547d0a642d698e9c7a4e90c5c4ce95166b8	78bffe390cd29f0e0eaf35633f872e600ea2b4d3d8b171a82f6d1ea1a87e52fb
000140	000000227478.bin	person/COCO_val2014_000000227478.jpg	1	eb237c5b6651db57f5047f36591b0a7d0ff4e233bef539b0089a040cf9d572bc	92e26375ace8501c628c06721ebfa667ef9684a20228c44d51f033ff1f369b2e
000141	000000190756.bin	person/COCO_val2014_000000190756.jpg	1	d9fa105a8889bf161bc235eb3b7451a8b05404d2e8bb86b876006f34d3c4980d	d6f00d4ec59ea14108fe9e595cea95c9c5a72b3910bc6a7440057c3e3a653654
000142	000000034139.bin	person/COCO_val2014_000000034139.jpg	1	275f0311a4aedc8d3b297b28c272a7374cf67a7668a93e6f09e89310c277049a	2d6c063f4a9c31d3c9d0d37053d5a3955a81f6a92094c81a0f240671596c2830
000143	000000153529.bin	person/COCO_val2014_000000153529.jpg	1	8559a5d48525dea09fe8d5e1e4b99c330c45446465b02eeb78c70b46e7533d8a	421ce658ec42b550abfc28ec83e4cc2254f70bf0f8ab28810bcc747ade7249a6
000144	000000464089.bin	person/COCO_val2014_000000464089.jpg	1	b0b8e560748a56217da0ddaba0bde68aa3f0454b61e8f2985cbcdeb74878f7d5	3e17a188482b83349eff2f232ca17c460552d96abaaca334ebed59d43861bf56
000145	000000544519.bin	person/COCO_val2014_000000544519.jpg	1	9d854718673fe82cde28d659eb5cc5e3adfcee81d1dc862a7f0926c504ec2652	d6807374dab5daf4b4e6eab0843b2a031ea3a5a18d436b9fe55ab213ae396acc
000146	000000214720.bin	person/COCO_val2014_000000214720.jpg	1	2e6a9cf11db0859655c9d1a19fcb8bda1b5a2f4c8a3f3b44529276b0583bb1b3	8aa50235d815ea061df668890d0d9bdb397dbcf815e1ea2e8b6d21828efac377
000147	000000027696.bin	person/COCO_val2014_000000027696.jpg	1	c59517ab4b74eca730005d7eed0f7e9dcc6f2d57e124db04ab3dfcd15e773083	b15530efb6ef7b85cb0ede155adfb42ab4ecc9513da59a790e3a4c1023c6f34f
000148	000000570471.bin	person/COCO_val2014_000000570471.jpg	1	9b84a9a2706be46a1719e25b93c4d63ba4c4fc5b6e5a62fc8bb401147329141b	829399fc52650e1fbc24cd441abb18a5dade6c6dbf3e6a744e2786c33afd52fa
000149	000000332845.bin	person/COCO_val2014_000000332845.jpg	1	bdb7157574af93af932f3b43dc85527b8992b230cdb8042f43fe2ade51ae5c85	672df4967e8d7a41f926587739ba412b1ce310f005bd39381d89c8da5b519fd8
000150	000000151000.bin	person/COCO_val2014_000000151000.jpg	1	e89f4613aea8f4808f59bda63606aa0f88217093b68bfd5bb9a1bd33557edfbe	54945ffbf9860920d1d6cb192e70c3542b5ba70b5de687a00bc9a66ed73d5d84
000151	000000372577.bin	person/COCO_val2014_000000372577.jpg	1	45ed23c10707edfdb8adaeacc419caeade6d1e384e87260bcbf0d9477bc9239a	d5385f2335a96a4721b0f09ee4ad9f3653984f590f3adf66f704f808c8d5916d
000152	000000183675.bin	person/COCO_val2014_000000183675.jpg	1	794e14d782745991678054ebdaa847be75da12bfbeb551b1c044a889f360877c	2623578580533450b8aec2a97e41186581d86196efd70c5d6e8748aec28bff57
000153	000000235836.bin	person/COCO_val2014_000000235836.jpg	1	a1374063a85d60ffecbf2564bcbf04a2d57bcd42783557a9515cc90e58bdc5cf	a99fc659e35a22b47be1e0d6a1e1a07dc5faf4d5202e2b9db4b787ce1cf96503
000154	000000099810.bin	person/COCO_val2014_000000099810.jpg	1	474b5124c3eb46261cd40e476eb1b2c04ee4be187d8b734dcf38937af886cbdb	8adfda4a68a716c77ddd54f4958491b776c2495e1f65b34cddb09bf2ac5f4796
000155	000000319721.bin	person/COCO_val2014_000000319721.jpg	1	7a7ceb6a10f23e7fbc4e5763ae5a418e655f69d884eb74a56fe1d2fe6bf66330	709b620884a157e0eb7f8c178216bf71d6a716e0a4a2e6abaa87f3cfc797b697
000156	000000421455.bin	person/COCO_val2014_000000421455.jpg	1	18394c803125f39d5328f2c8b1cffb78400ff2fab3d2e7b9bc5b13243e38c703	39aabd9ee125a4a86780c0d1691cfc5b116b00c9bee5f25099fb9249e7dfee24
000157	000000308394.bin	person/COCO_val2014_000000308394.jpg	1	ccc0426508ed09d67564c59ddd5901bee3488c01b9b17a0285961c667a1c1cbb	4769d5c652434d35a195df10302ddee0d0eb8598adaac2d89b2c2f1f20562153
000158	000000507223.bin	person/COCO_val2014_000000507223.jpg	1	3566b5d051e1b3ea6159e25c4e3689193ac0742bc2e4d224f1563d9da8dadeef	99dd2ab98dcd55541560136ae5401ab099ca3af136bae69e0180345cb9d86a68
000159	000000570539.bin	person/COCO_val2014_000000570539.jpg	1	5445f83f3b664a6684c0d2f032e76789df786a63ab3239adf1b624e1c1dfba4c	3cc68d775fcf77845194800239e172ecf63bb5b9a157767760c02e0a4d2d8403
000160	000000120420.bin	person/COCO_val2014_000000120420.jpg	1	86d5ec4ca9fcb6878998e641d8c83f971111b2829bb51378147cbf6870687452	726935dc169e48b0db3c6db4b867adf6107d1035af53daea8f27bef67178debe
000161	000000502737.bin	person/COCO_val2014_000000502737.jpg	1	f84b37072d18f8b243c610517c3bde04b5ec05f6dc50b6433c83ff1d78b4c85e	a0002886d9b257a21eefb08a294e1f9f2992ca9f6cbfe7707e97ef37a413b40c
000162	000000021903.bin	person/COCO_val2014_000000021903.jpg	1	0f70611efb2ab83219f5c4bf8fbf69201c0780282f0857501ddac967c367bb2d	e6dc5be807a8b294a5bdbfabb7df5196bf8455e79bad6a5faeeeb5f88545ef30
000163	000000414034.bin	person/COCO_val2014_000000414034.jpg	1	5b37645cd7fafe539bbf70d6b04b0f50daab9009968f4e8977aa0c0a54d7e2af	49990ccca3fdd664da5e32aea90d1cc20340e62d8f298cce7af90887a290e6b0
000164	000000125936.bin	person/COCO_val2014_000000125936.jpg	1	104c46b069735e09efb85d0ee0db03eb1a0c7e7848c357a8d1ee21db09db3417	70bd3a42396c932b4b7a14bacf094793497fdd23225a9946c89e84137eb42b92
000165	000000172946.bin	person/COCO_val2014_000000172946.jpg	1	e5c4cd73d2026f9fc67e09ca92adaf618034f5f0aaaf5922356233ecd0657c22	79409c9ee226bccdb15f9fa455c33760fe5e6599caff0a23ec84d083df5000b2
000166	000000568439.bin	person/COCO_val2014_000000568439.jpg	1	29c02677c129e962331594b4033f5fe0cf16659059e40ce1ebae52fd3a870f48	8f3f9bfd5100317c68a96db5cec268f18b55ba63a0883e8b397fc4b85986d522
000167	000000456303.bin	person/COCO_val2014_000000456303.jpg	1	a0ddd9bccebca2372ff31218cf57979aa5a284f600313b8ca290a3b31a195447	75a0b6fae6487b7fba811fd5eaf82eb9c4d6e535c88894d4d23ff854f9d0d3d0
000168	000000231747.bin	person/COCO_val2014_000000231747.jpg	1	dc5c4c8ecbfd868ebcedfe12b8d4a7121dd1c05f84c53f2b8d11d48cac4229c4	0717bb2b433a65d5f3dc07ed71a12ae1d495c9b6f9ddcb9fee7e2a2a3ad4b78f
000169	000000483667.bin	person/COCO_val2014_000000483667.jpg	1	0524540560a7528a37b69ca723ca303f8da5cdc3c7a5b7a7f0ff2b4816bdbd46	4b2579b31398d3c6671cfc184ecf1c7858c5a1774e77c30a9b0306b40ed05918
000170	000000177015.bin	person/COCO_val2014_000000177015.jpg	1	e780c6eec2aaa640a1fc89ae85d6f7d268e955e8c6c89eb66bc20edc60200f72	793fc7d5ad89b0e1bafb20a2ec7dd8bddc825a61681866aeafbcb6a960f74bb0
000171	000000172571.bin	person/COCO_val2014_000000172571.jpg	1	5ea89b43120094bb55269da464e93259849e055890bdfa0274158e120d5087a1	e98791d828359a3a2327f2352e4bb50bb19f5b2e40476173b77bf5f4391f58fa
000172	000000141821.bin	person/COCO_val2014_000000141821.jpg	1	3879851d5e273d995a23080d77e5d4c4405ea08c685db5fe8828ba2098ddf303	2a21cc83656562257bba8e6646f576f3b64b97ae82f4cf83df6589343f04dc0a
000173	000000202228.bin	person/COCO_val2014_000000202228.jpg	1	a35778b6e35e96929b6405f04bd614a5d5fb696cc9a77d6a56f790eecf0d064e	95643567acc6f1aefcb00daa4c6520fe13af165675cf5ea5d4b74c02ad794b8a
000174	000000459153.bin	person/COCO_val2014_000000459153.jpg	1	3a02d01a88bd6512ba395946e8f66e13d9161697bcc70fb08397e1e6974ce8a1	34c03ab49700ef7e582231c4fabcc5714424cc7e4463c4ec7942b771b3bba3b4
000175	000000578489.bin	person/COCO_val2014_000000578489.jpg	1	c4598c598b005bdc8d5413187e8da048b816cab4eee9c26be79027c416bd4d95	5ece6a89e4c6473ae61f9e96414ee937692e95938478c49cb560efe0b731c950
000176	000000013659.bin	person/COCO_val2014_000000013659.jpg	1	aeaef2f2ab012860c2e2be730fe4eedc272493b18076b009286aaf9e1675ce4a	d2e2336d964ee845216ed728cb5f2cab6c85b12e3e4de795ed7d65ca2f2f03e2
000177	000000223959.bin	person/COCO_val2014_000000223959.jpg	1	e322693e9840feb9106f29bb511f5b6c2a5596922243e16a1bec8af3838e86f5	12752b285d3ea6b30df938d5cd9c7b968c3c168104e3d31fea7199cb67a39127
000178	000000068387.bin	person/COCO_val2014_000000068387.jpg	1	f71983c218d00af0d269b12070c41d99e8561c851d6665a82a452b2afa34352a	ce4ce01aeb9b1022eb0ccedbb0a3d4a12fc10fc073a008a5ad94b62589b9d8e5
000179	000000389109.bin	person/COCO_val2014_000000389109.jpg	1	4907669b58a229e017d8891342bb13966b0865b2cd910355762009b1ae2e98aa	6b19b4eef91fa74adde507ca2bfe6d8622eae7fb53ae9595caff35688786e40b
000180	000000060347.bin	person/COCO_val2014_000000060347.jpg	1	18fdb81d734ef1015488a3b254c43b354e511b0d811355af94d10ca26c622045	eac34b4054a8c87b28f00222e93853b9dc4094c633fc2cf0261741d00d5d2cba
000181	000000117425.bin	person/COCO_val2014_000000117425.jpg	1	4c73fbe2368ec5cca95cc45b6f712ca94a4401dd819fc4d32cb103e576359749	0d392f418c0ceb85c590d0cae4ac7f8a8ca3270693aeb8f1db07d62a41347368
000182	000000432898.bin	person/COCO_val2014_000000432898.jpg	1	f2587b2922298ff99df05bfd114d65616667b35064eec32c900e4eacd92213f0	a72ae71e7ebfb1c82614cdcec0167c2e5888ed2f16d2fc760eb2572923c2ae2a
000183	000000301135.bin	person/COCO_val2014_000000301135.jpg	1	480a2ccbad03eb6726da32c67ce8e06fc37bca9b44f68800f3011a51fe498f63	1f907482e707b78be848974bb8e6fab8cc4b5e5e4f10ad21c9eec78f1e20fd9d
000184	000000537991.bin	person/COCO_val2014_000000537991.jpg	1	1f4f0383ad0202aae0ddb7be41fa32ac06245f1e13db5390d0d7e622285d665c	3ac902eca2411ac4d35a9d8818afdf4e6d9ff10241acb38e7614b5028dad0c5f
000185	000000047740.bin	person/COCO_val2014_000000047740.jpg	1	92d36388fdb9f4de73a734cecf84c0e5a1b4fcce4b0ba87c11f426afb7f159cc	83c5b53ad51d154af6757518c5440564ea079c8ca960b5d86cfe1ac3d631e5c2
000186	000000356427.bin	person/COCO_val2014_000000356427.jpg	1	f15dea5ce75c37643f9890a5e9a77948bf7c9c727c584a1f19f1212032ae2773	4bdefd73914e139c548c9abac0d6d29d4b40daa70f865896d471c18566aec8b5
000187	000000559842.bin	person/COCO_val2014_000000559842.jpg	1	657b04272c0864bc76dcc6ab508a7b7fbfd1ee2335d126d257f9b4fb23ee519c	9b05f628f0fddc35b84db43ba1d68a09d98734a417c0ef65f60797abe5e4e834
000188	000000420281.bin	person/COCO_val2014_000000420281.jpg	1	7c268f77d7f7afb4cd4f3c11dc835f1067051e26fec46931484aaf25f1a778e8	11386fb58a8a16ad363395d71dba68db87f14ac5bfa1e9a2e9afe11da1e13e73
000189	000000292082.bin	person/COCO_val2014_000000292082.jpg	1	6fc9af92789d85b6d39efd4fe8ecc90117f49d333d1466a087326db506f7dc29	afcf0d06131cfa577ecbafd3b66fddf07b082e1dc518058ccffe0db7531c4b2c
000190	000000446651.bin	person/COCO_val2014_000000446651.jpg	1	0cec71c6b34092dc334df68bec97ff43071c842279c09ccb691c61cd62b7057e	e78916ecfcf475891091befdd8e0a3c8667a597f7a02b5e40fb65ca90384a96c
000191	000000087144.bin	person/COCO_val2014_000000087144.jpg	1	13d2003844f1828f907cf76b7458182f56d6c2af300ff521dbcd8c900af75b8f	1f47436965d2adbb62fd682ac570237af815c4f57a03c14bac5d692a0933ad90
000192	000000532058.bin	person/COCO_val2014_000000532058.jpg	1	9a20ec8f5fd3240edacbea80e49f29fced101b8d8f581602aaab15b74ba68c22	a766817887627a851ff50036afd8d0adc89fd1daa8c09c0d75a0400dc299b4e6
000193	000000232684.bin	person/COCO_val2014_000000232684.jpg	1	9cbcfa4e8fb972119e7c5b63007b3e9ae8adce69ff247fefa29ada0f643ed938	3deeb30f5c460b668787d34f9536b03ea93c3848718b82611258484ada89ae0e
000194	000000476258.bin	person/COCO_val2014_000000476258.jpg	1	df286c6d89249b5854e1598feaac1bf13e803ad55455a0e02c0bce4883ec1385	e634a058d03659292e251144df2cc8a8f4111e3d04e14eaa71ea9867df0c04a1
000195	000000513283.bin	person/COCO_val2014_000000513283.jpg	1	e5c7a9ba1fe6b030cd7f0a876dec29e9be56f0b113d0dffe30703ab08f7c2f91	10fb6989392968b76edfe2d21395ef4d551929c16007e6d30e1ed5fc890d88dd
000196	000000415727.bin	person/COCO_val2014_000000415727.jpg	1	431bd55d32c714a9878a74f75ab78bfc22a3c3b78a85bd5d5ca9bcedf5239ab0	15f55bc3b6705a3cac42c015b8729e8a27900c58bfb9a9bf608c05fc014441dc
000197	000000286553.bin	person/COCO_val2014_000000286553.jpg	1	fc64390966fc5f1d7284191119e7a400569f30dc4f4577476f87b258dd7776e0	4ee4a65a27c8682c2ca088708994e14bc168adbb6f6fefd9cf1affa17a2bdf72
000198	000000097278.bin	person/COCO_val2014_000000097278.jpg	1	bc68eb986314d3b8a159791fc1eeb941a74243e23d66dcdf3cc778fab716b480	871e76e7f5b37bb15795d463fc6c6c6e395945a9125b229aa2e7d0e1bc8af882
000199	000000520910.bin	person/COCO_val2014_000000520910.jpg	1	74cd073e72cf382a2f1f186c6e5634f81e41e3fd078bb6405e1c507d382781b1	e5296c449af17c3d875e0bb7149fba197aa21b28f18746c0d59b44f0fc997d2b
000200	000000448076.bin	person/COCO_val2014_000000448076.jpg	1	ec139a447bea95c29d7d5f63094342b9c516dc156d0744b541cc844842e9657c	f1baf7a7ec0de74429802505e5567b24317987f48b95dc97c9a4b5642d0e5983
000201	000000039951.bin	person/COCO_val2014_000000039951.jpg	1	0dd3b9877393cd9591343f52bf646bf596a29cf5bba3b4689adb21517c5b39c8	87165807ecf6ad3fb85c40b23a5744eee7be95eaef925ebef3d13006c9aa6e52
000202	000000190923.bin	person/COCO_val2014_000000190923.jpg	1	ba9fbf72144e7ab1740b87b638158350950d442e4d4c7381ba9da6b907aa8538	8181a9c251e149a2475c13f873daea6aa19fff15eebb38dc95ea716ea1d9da44
000203	000000361551.bin	person/COCO_val2014_000000361551.jpg	1	c929adb34de87c85c876314005d79047e9e217c97bb74d757d86f32ad634ef28	808f38ac09fd3d8befd17b204ae8470edb8a4c2b4b9e65e1e2e3f1649be20c66
000204	000000064462.bin	person/COCO_val2014_000000064462.jpg	1	30804c4a68f0d052eb2538b5d5a27e0f9bc0e317672367665907b93cc6b7284b	aedd0575ff654916beb09821f13d76e28e1f8331ce5a56d9e8e1941d7a145da9
000205	000000329542.bin	person/COCO_val2014_000000329542.jpg	1	665c3b032f79c50bb71b2577533579a47df76fb13036d2174ecb7783090727d1	839c0e34d76ea0b8f5aecdb123cffedab110b34efb3efa1f6ce0f28b15178875
000206	000000206411.bin	person/COCO_val2014_000000206411.jpg	1	460bcde6c4167ad91db3d0c432fa52b9415db30ece70fa37397bd31ee0d43494	018c1a4b6aefedd07d3bc473f402cd940f8d7372080d1df863c370f6884ec1b4
000207	000000085329.bin	person/COCO_val2014_000000085329.jpg	1	aa0acf25437f76b2c057116332fc6e5a4d0024b7288472d0e82734efbbbacbdd	43be480695e3b1fc8f17c13206cbea2590278373516214fe59f8e0e69fd258cd
000208	000000489842.bin	person/COCO_val2014_000000489842.jpg	1	79e166ba226328a51444981f0db1c10843d9af041f379769a12f94cbfac7850a	7e6ce5bc337b2df8cbd5e0d8e3d8acf7d4cc9210b06684ac6f3f5937a6c4fa23
000209	000000011197.bin	person/COCO_val2014_000000011197.jpg	1	7c766a168143f54d089f8753e142ecc311550eacf0faf5e8367472452adeda1f	1163b2cc7828bd44dc383bfb7e212dc1141540dafa90f1b6bd904fbeb3e59a39
000210	000000311303.bin	person/COCO_val2014_000000311303.jpg	1	3947835cdef83f63c3fb7b8129454007a30b6245d02d7e4f529ac27afc4fd9cd	9f92d266d0f717af7c23d9f329ba22c4d6585fc7df54cfbdd77d18965f199a85
000211	000000014439.bin	person/COCO_val2014_000000014439.jpg	1	1b24f294764613d27ba4252163b5c2f5880b3a45093893956514e7c11ea33909	3d7be80185bb68c724734a86bf116abaf1ee024a95aa6eb5e2b66fbe15bb3fe1
000212	000000089648.bin	person/COCO_val2014_000000089648.jpg	1	0da24b8bee613863546b7d0af53019cb4bee84b6ff7960e83e7a220d8f05a8bb	018f161754b7d6ee86bb22ac22b6825d32790abad4269e5ef9c98956079b74f0
000213	000000154425.bin	person/COCO_val2014_000000154425.jpg	1	f1ad0c9f1ec38188fdf74158c1fe9b54b1682a96479c16cbf2ef6d46ef8ec257	5da5b1cbbaf87212e08e14e1bdae80b3e82a198cacb62fbdec4ecb887a3a3ad2
000214	000000405249.bin	person/COCO_val2014_000000405249.jpg	1	eef1727ab8ece65dc6c39e79c1b2df29a1105d2a08bea5e58a7cc07d6cd2e70f	6f6728dc915d147b8c9daa30279b6c5dacd84a667e4e91103a1bbdc4b9984b09
000215	000000311394.bin	person/COCO_val2014_000000311394.jpg	1	00a17c9421a3c6c40077299d2a2270a71ef61bad0be0791c857b66a0ab8c9fbd	3f88e1c05974256eb3d0ff24e2edef963b7d8aad2644250ca4f9b045e90db7db
000216	000000481573.bin	person/COCO_val2014_000000481573.jpg	1	746687b4a509b336bb860fab7710be4a07bfe0218cd1e5fd12ba61b23acf5d35	6495a91ef638d08d932b4818916988ccb8d93065d90757ea79eafa78a126ee34
000217	000000378454.bin	person/COCO_val2014_000000378454.jpg	1	3d1edf5e5ba7a86784307bc0ca9e2663c4c960cf64cf812422ff21843f592afb	3206bf252dea899909b241ef5e10c2001926cc8d5b5db441751dfc88c000befd
000218	000000355325.bin	person/COCO_val2014_000000355325.jpg	1	b0f09373a7e012eaaa49a420c9326282e6cf03736f5170df311ee12e52e32957	81a8d21e0a9b7bc03d0c6b5fd5ace3944adc9505e9b28269401adf3c8d706ba4
000219	000000464786.bin	person/COCO_val2014_000000464786.jpg	1	5cb43606eecb317dce5755df8fb1ba65f034645d33893e4a0c9f3e4783635860	9125f5be60b4e5e198fcd44b2f94ccc7c42ce63ce45331e185fb62010bb46691
000220	000000439854.bin	person/COCO_val2014_000000439854.jpg	1	5131f4d54c9b4501c8366b04ef94ee362463d88bc66c731e20770ca1c7c34fc5	50ad7652a7bbd40e640d205ffba9af6482b8fff481ae518ef058108227e046c8
000221	000000314709.bin	person/COCO_val2014_000000314709.jpg	1	5c061b37f1e20016ad0e59909c588909eca14325427198b66bbca76631a85c27	e78c91a67b9817682ac6a68a3cfade9c5f92c5297919f4335ea5c398340b213a
000222	000000131556.bin	person/COCO_val2014_000000131556.jpg	1	ef1a7c3a874df8687a89e3102cb7b79bd344dd14716e62959013da1e85e84926	45c066aefcdd8542b6c0916e866e91a827f2674258512d3813daa1b4eaf947b2
000223	000000473237.bin	person/COCO_val2014_000000473237.jpg	1	0835c4449bb45850bfa641622673725b90a4c75ef0bcd14443d57716a3cb96f6	f21d28a25840678c1ab21f5f09200fce883ca852f2788737c8eaa6a426585107
000224	000000363207.bin	person/COCO_val2014_000000363207.jpg	1	d6c7b29bb6169d51cd3e311474a2d11cd1adb61bc3ca7d154c899ab92084b7bd	ee67823094ddf30c1a4d6f618d26893146a9adf461f30e881b18aad2382a4188
000225	000000277020.bin	person/COCO_val2014_000000277020.jpg	1	793088a0c091dd9d7d08b4ff4a7a000c36b91210a63c84c888773bb28e9fdfe7	b786a94dd53bc900e932717668b31a470a7a7f7592100070719aaae105ea4e2a
000226	000000571718.bin	person/COCO_val2014_000000571718.jpg	1	388f6a38dda51d05f8d3237eb12c2d24649627a5dbbcfaebfc4b261800c1c3c3	c2eaaeb86fec62125588dcdc1b5ee947b07a113cb7948108460d7298f516de1b
000227	000000165518.bin	person/COCO_val2014_000000165518.jpg	1	2d423f57913f059875acbb755474a6ddf6886d1337b7e7b0caa19f8abe744823	2cfbaf6a6d0967ce7555ea7fd740d9e6143df9a9fb89f84820da37ac24c96076
000228	000000329219.bin	person/COCO_val2014_000000329219.jpg	1	887901ef4cce8ee0a6e3744792c3c521d371c0e1714fee576bf9932c10bdd7dd	b9e9cc5a7a61040c88db16bebc821e0a3d605536e36b615f2b5da2b13306221d
000229	000000253742.bin	person/COCO_val2014_000000253742.jpg	1	4b1de7a4022ea04ed643e5eb7f0b8c2050158350129f9a27d0a9c9ec46b23c63	09f4db0a2d6ebea3c6fc99d4f794270b3d0ce1dfefa6b92cb651a91f4527737a
000230	000000100624.bin	person/COCO_val2014_000000100624.jpg	1	4d0de0a45f9c2953caf118be3febefb388c1cc9c10de81ccb7f4f08f7b70f750	6546baf2ace10050840dc4c94d56819571d73faf976325ec59e2101005cb65a7
000231	000000054593.bin	person/COCO_val2014_000000054593.jpg	1	56fb269a85f6d583a1359a624d51ee11ac079190f9b26051e32e5a48627a65bd	176b33ee6ee4188f0964806f39207c34da6c865e74f5cde2b319fd401dfd86ba
000232	000000414385.bin	person/COCO_val2014_000000414385.jpg	1	6fa48c2a5f71bf0fa5e066d431497f06fc99c0875bf52e131244621045b8befa	457af56d74d1239bac22370c67894b9ccf016832974d58755785820be8b36283
000233	000000260470.bin	person/COCO_val2014_000000260470.jpg	1	c14b8c29e05ed39b1712cbe3070d8ba067d9a243014db0ee5b35eb14243f042e	ffa499a59f2ac764183fd12e3f37bf00b4d9b0b16c4c4ca08ce7784f14dbc2db
000234	000000106757.bin	person/COCO_val2014_000000106757.jpg	1	9f8f3132ef65aa0d781b54576986d36ddbab13071971fddabd685a3233321ad1	71befbf2d63a3ca184f5614bf7f99b29997cfea03b9ee734fc8f9ed9b9970fe4
000235	000000441586.bin	person/COCO_val2014_000000441586.jpg	1	d718b19252c0562dbc961b5def359826cc1e655b989082ff7691ccd40eb335fb	810412af29e66ca0a443bd90915968510cbe7d3b55e072c8686d70761c3505c5
000236	000000293625.bin	person/COCO_val2014_000000293625.jpg	1	c6639baed3b48eec43d19053fd285cbde0e9853d6e85a06277499e94a1bd30a6	3cf499274cfcb513d2a00b1cb45b7adff9ce2de0e6fb664cb171b20662780109
000237	000000438862.bin	person/COCO_val2014_000000438862.jpg	1	08feaee4809ba46046a4ae5261e01ee182ec2832fa114c8c6251e7051e8f3348	5c8e5595b86578dfef4ece359fdafc839df9276ff628aac3e42a01e8759db84e
000238	000000146457.bin	person/COCO_val2014_000000146457.jpg	1	d33a579ac2ec4acd6ba68f710ff5e35f99d05e7d08bd1869ad3a54145f347f64	a13acfe0bf067b39afe01b675408844b9f09e80582af765913b892aa9f698568
000239	000000073702.bin	person/COCO_val2014_000000073702.jpg	1	9924c1bf724d45d59528952071852052c210dca8a43a98cc1cba4fd5da33a812	deb567ff82c2b5d55dbc950bed895310957baa6cfc890ba647a34e36d617106a
000240	000000474028.bin	person/COCO_val2014_000000474028.jpg	1	5c390a6df17050ad921422bb2fb533459ed7d53e858be0588c0497749605dd26	a636831c51e0bdc1b57e173a62e529c2d8940b6e6badea75ab5916940adb7410
000241	000000357978.bin	person/COCO_val2014_000000357978.jpg	1	b4f0e481465314cb361d083b964818c65333520a3ed146bc59b4aae4f73939a8	43ce185949efbd4cd0f1a7d97e809175f2f83e11ed7f2b403cab1754cb13e2fb
000242	000000226147.bin	person/COCO_val2014_000000226147.jpg	1	58d418ed36685ae358b62ac05ca116f8a51cf4e7be6e8552d4991bd312002362	ba8674b48871c28490d1c12f796e8a15a6f96e2e4a2eb43691d0a901fd4a9b91
000243	000000410510.bin	person/COCO_val2014_000000410510.jpg	1	0f4a3c1e0878ed6c32a2d926ae39e42ee27df19ed6374446511e69d3fc205a9b	d777ffea93e4efef1943dd66d514e9728d08d9151ad2e48a70b1820eba1243d4
000244	000000182021.bin	person/COCO_val2014_000000182021.jpg	1	e17682d8f12c80836c139e517571475fd9a63ac55429e64b47b1a57d26a0f870	79fece3407791e6611f3f5ef2a947912f3f789846ba556ebd890703af7cab15e
000245	000000193348.bin	person/COCO_val2014_000000193348.jpg	1	fe24331a9ee85803596261d9334bec18f8646b911e65c3f8b096a9c0fc049aa0	d7faf2e31d92b7d00166fdcc647b3f9a3f96c8e202997ba6cb5f8db0b1058f6e
000246	000000068409.bin	person/COCO_val2014_000000068409.jpg	1	25e2b9790bc79d3d9440b2c7dbf742e86f6250e1d72bbdedb92a716361159c37	02e2e56606f4331f09424f11a6024433f29449f84fe433dddc833ebef18ebe3c
000247	000000323355.bin	person/COCO_val2014_000000323355.jpg	1	e074d587f13b36a023e853498a1cd15c0f90e5763725a2eac4e524378b4dc01a	9475d177bb0f0a48231d193e518159d2f6c1428ce77284d857431e5870c00d80
000248	000000091406.bin	person/COCO_val2014_000000091406.jpg	1	7c2dfefdea574a49e0267d5cf75d9d3f25f48a6ec37e4495c1c901e38da243bd	b4572f4c91bacbf941161f5f899a5450ab149545295e231910c61aaf3e148c68
000249	000000176799.bin	person/COCO_val2014_000000176799.jpg	1	320572f16f2fb17aa34797caa12405bd7f8e3b23fa70367e2456f8d3c952b66f	049c4aa42667248ba90d2c2266f570ad6993d4807dcfc5a1c82b0d196d0620eb
000250	000000017436.bin	person/COCO_val2014_000000017436.jpg	1	6635d018a13c391a1cc35d7be5011f84603ba00b0be8e553380bef970308d98d	e7bd239dbe92af21ae1336313c49913b20f6866229815613d11b6d03d071e101
000251	000000334309.bin	person/COCO_val2014_000000334309.jpg	1	ee182f898a9edf720945ce115aaf030c83b205ef11110f692d99983098d12bde	21661eb9f903c2b60b509c37dd32e090e96b24f5413915b462b81b005c49bcde
000252	000000248752.bin	person/COCO_val2014_000000248752.jpg	1	c5aea6ee434784d76132065706cd2914a7ebbacb534161f100855f79ca22b97f	b504c01696fb8538b397a2f97e3b26eed04a5a7ff653e5ba02879d2f0b5d405b
000253	000000199310.bin	person/COCO_val2014_000000199310.jpg	1	74c012a94cacf598f74004135b846b66fd37fa7828c75b16d2c625048759824b	093a0de7241e6a5a2d6ab014f397372b5a9374c934ca62fd44f380aecb5fa2a5
000254	000000001000.bin	person/COCO_val2014_000000001000.jpg	1	ad0f2610ddf298ffea565835479be6827791e7d918755671e39edc72519231e2	3c94e0df8219bb7bb88abcc8096baf0b16fe1238d18fe3e41be7b4ba653f3924
000255	000000538364.bin	person/COCO_val2014_000000538364.jpg	1	8cd6fa2e44aab037d5093ae8ea1792cec377359b3a78a87e5134c27c839a88e4	fc15b5696b46cb5c62d646f74739c346508c4a33758fdf5f685c952080208509
000256	000000384468.bin	person/COCO_val2014_000000384468.jpg	1	467ffab2506fb3555a06d147cf19708ee78466fbdf1343540c1abb99096dec3d	9db715d1063d295c784a0b963a5e51ab970b83865da8fdc74f306bcdac265d78
000257	000000107226.bin	person/COCO_val2014_000000107226.jpg	1	988d67101b05d8b6ec44bb15b41a5b3e09d08b5c9866ac41f35a4c30d29259e2	16dcccb18d99c7412ade5f648b5fb8511b199d38d538ba019ee48b638c85d71b
000258	000000476415.bin	person/COCO_val2014_000000476415.jpg	1	609b816f8cd5d2b7882ea19a0df4548518bf8bfdc7463a66215d3bddcd6ad0e4	3277a214524ec1b239d3754d960c6bf4249dd6fa6d8affc3cd655a6323b8bfbd
000259	000000177934.bin	person/COCO_val2014_000000177934.jpg	1	86faac7c4bfc7e085d4bd73c41524c076f391c8cc306e3d3f23683b153113f65	d5e44596b87ded8b52fb0c9762b2f7e5f79c0b846ed41d7748cb11f9cdea7b0a
000260	000000002431.bin	person/COCO_val2014_000000002431.jpg	1	6b28f622a87599092e121131c1711e18771f03acb1951a1201b30a3700329af2	3bd89f9ac992e8a04cb24448bb798052e9c5967146c6dbd4f3035e10906fd594
000261	000000341681.bin	person/COCO_val2014_000000341681.jpg	1	34a303e65812c00225a63c92de723a990f69364153e68e6872cdb82e05810eb9	0fc85a29a0caa2273124c984a5f3cc79f29bc1c5f9918c77aac274096bab7a87
000262	000000108253.bin	person/COCO_val2014_000000108253.jpg	1	de77880cc30a2a8d8ecefe027f7f9c51e7e5634cef98f179940dfa83ffd0e49a	d6dd475254d114259cc114c919bd9e378fb6c4b7dd46c3892897275d91917413
000263	000000252219.bin	person/COCO_val2014_000000252219.jpg	1	12b20204dde239cc51c3dfa3defc67ea4c84103ef80f7043f799b43ca2f33362	f4360dbe603168297adae42ab4ae8d046b9ea77b4cb5f8c13c74237400138246
000264	000000377113.bin	person/COCO_val2014_000000377113.jpg	1	7d053e37d868b7dba7bb8072eca3e79e26e1d8a25ee0de0593e4cb8e84b0331f	8807cb484a3d024418eb251eee9ac64bd53f379279e798001fee83ab65aead27
000265	000000099039.bin	person/COCO_val2014_000000099039.jpg	1	f8cea1b3c93b8ca739efe92f28da5554969468bdcfc50d887bd0a6d18b9857dc	0e4f7cb5f88e83e55e6680cc912ea4adaa228474c33e898e7340ecef038cbd6a
000266	000000128699.bin	person/COCO_val2014_000000128699.jpg	1	1c655003c0c3223331ac2d3d852f23c3db20cc90990a82e4939ae85d4468d0e5	6bece5ea123b4b1e39032af088781a479297440e4106fca2a6f67feed2040776
000267	000000099182.bin	person/COCO_val2014_000000099182.jpg	1	477b9651eef2e0b0925897400f5bdfe6761a0b2389e276e9e43807e7aa4751b8	daaf9f93d0f40dc4ef86c41cb5f32e5ef44ee9b8cac320179b3995d9808ad7c2
000268	000000048153.bin	person/COCO_val2014_000000048153.jpg	1	de65960c4097f26e5985d76556cf931a6c1bd875bad4440e2d6637fb7066b287	fe607e3167bd9e55c3bc48bc8aba11b5c924659b9446955eff4d9332ffb704e4
000269	000000286182.bin	person/COCO_val2014_000000286182.jpg	1	2a399c285843c0e47fb6ea0d9cc22f1a432e2286da88097225a47de1f5f4a9c6	5710abc23a9a2391452d36a2119ce767767fcae064b7c22db593243f8915c0d4
000270	000000057150.bin	person/COCO_val2014_000000057150.jpg	1	a1c0d27fcd953b4876b5f04d0617b83ded69c22e3d18082052cb0ffd72c1720d	fb9ad26d7d55d0ffcd4c4177b636a6ebd852f6ee135c6e3030c677d2595b923f
000271	000000329456.bin	person/COCO_val2014_000000329456.jpg	1	c796f2161e1ee6e34addc659bf83b72cc326f5d25101e61fba6f7968becaed08	4dc2798a34f33e436e9e7dada916d83f91d6c0d2aad98bef31b76d48a0826bb0
000272	000000450303.bin	person/COCO_val2014_000000450303.jpg	1	f12c2b47358a3051a24426d06d2b29c60a1b3890b5ab484358621e9752eb21ec	12595541c3cc3b82ae45c1f45ce040a7ff64bcd89ac5969ba04c493ca994abe8
000273	000000314177.bin	person/COCO_val2014_000000314177.jpg	1	b6009aa9f707ae9b926f2b8eb05cf2c62eb3e3c8159ceccfd71fa758f6fdba2c	86f02fc22a224fa8d2b139c3d34ffb982fc3c974c45156dd6946ff33be9e9303
000274	000000156076.bin	person/COCO_val2014_000000156076.jpg	1	417c57db3f260b5b093a39de73caebfdba3614e5d5aff41f5fb13f5946328638	3bcff03adf8fcc929bcb479ed20368ee9fe5b98944171c9eac4d066779fa8eb4
000275	000000361238.bin	person/COCO_val2014_000000361238.jpg	1	99bceb516675956f34144a7d828675fdb2e6e193eafd9b4e56d04d0812983cfe	92ff37fad7b8bbe22c3438b45e3228bca8bf27468c7150eab193351f99bdc09c
000276	000000163257.bin	person/COCO_val2014_000000163257.jpg	1	aab82a042a9616b46fe5ae6787763bb4dd255c668daf1f0d7d7c9eb08ce0991f	7fa8b5cd95ba35129a833f60220c9e10123a4663a56432d6e836ba0c4746d777
000277	000000102356.bin	person/COCO_val2014_000000102356.jpg	1	6b8e1143745fbf4d397280588af556162112c6b30a8d2f5268c0e4794ee76f08	4dc216b1b1a78ac4e0b481803e3eba5ac86bb14dbd814799390108036f9878e7
000278	000000350002.bin	person/COCO_val2014_000000350002.jpg	1	d8050c99172d73d1089175da6273b3336cfd17c54d26a72a4c61c6288e3dee42	15b53ff36372544b54c4a9fc6a8446f0a2836720d05770034de53df7712b6e98
000279	000000065736.bin	person/COCO_val2014_000000065736.jpg	1	04ecb0cf3e0063ca9c04d9f2d7026b8bf9ca3266bb225c9ef1b0938fccd03df5	706f7f9c7b90a8a503b16b78108f623284e1fd2cd31faf93915ea3c647f6af85
000280	000000413552.bin	person/COCO_val2014_000000413552.jpg	1	61e6feac82ee48b546251997835cfd5e5983c21544c5b317a710aade90bd3134	455f0ea7c9328c50372da397dfab87f0e11d9ae1d2aed32a388cd82ac22974a7
000281	000000133567.bin	person/COCO_val2014_000000133567.jpg	1	aae1c65feeb7214e56ebe128a0b7fc643f9f7699d2c23eab96976fcd3c3b3069	c14c2ea98f5ee791e17ee8fb50bd956d0b0724ea9053203e063512fe0a9fe235
000282	000000233771.bin	person/COCO_val2014_000000233771.jpg	1	0bff6a5e95870de54c8d84304494a5c2137a0cc6811400552a8e030a2ce8da9c	9af5c1c3f3f64f41307459d001115dddb701517cc220aa81beb360dd35454475
000283	000000283520.bin	person/COCO_val2014_000000283520.jpg	1	b1977a58dabcbb98f692673deb5e45b819ac71e2dca392de704c5c31708f9390	4205bfce9544df6214647e1542c5a1c55762901bcbc739909948f8afa7a97e04
000284	000000038829.bin	person/COCO_val2014_000000038829.jpg	1	3e450ead52cd831570ed1a30119eda7771521ce6871efafb6976bba5bba7328f	a3568446e24fb2af6cd13aa11de4dfa6f0351cfca3487f1d63980cb3ca506803
000285	000000255483.bin	person/COCO_val2014_000000255483.jpg	1	019a20cf1792e5ed7f4b672ac8ed0fdd2ba534de018dc7459ac1968b0ac56efc	8fc7c968e79de731f1313ecff0ce5ccc9a9ef28f97f0e25ef6dbf88cc2c8e886
000286	000000481390.bin	person/COCO_val2014_000000481390.jpg	1	f4e2e7be750d39b3d3d81c08601e87c361265f80ff73381888f8410f21864081	77629038863fb45be4325797918fa0788b7ecc9e2afa24b7ce848eba937d1c2d
000287	000000326541.bin	person/COCO_val2014_000000326541.jpg	1	b090cb9e5de148fa4ecf44914b2cc1cb0f3ca1491d175c25fe3d3f8ae0c5b067	335bfb43d61b3e7c25d378a1aa7dbc7535775515ef90dccbd23a30556750439a
000288	000000261116.bin	person/COCO_val2014_000000261116.jpg	1	5318d39ee9e48bdbe1fa98d775fd7933166487457f67683cdcac40ae798b0f25	c47921b149d483b9227abde882ea477e2c331b8f0a207e088b75744a86181066
000289	000000008532.bin	person/COCO_val2014_000000008532.jpg	1	a6d6711a1004deb97fb513f3aa39373ee5fccb4869cd90c52d74add78c392930	1c4a92b017588de45cc4da3bc29fce827de5014d6cc5ca641dcc6ee4bfed9799
000290	000000235784.bin	person/COCO_val2014_000000235784.jpg	1	4b89eaeeb12cd34aab29818b5d3096b16327a011d3f5a18c9ff04fe949d250f7	304bf114a422ca71bf3410773c5c1558ef4543eb5b37927eca586d035c901952
000291	000000491366.bin	person/COCO_val2014_000000491366.jpg	1	f50b1a4cd81fd5ac8dd5f8d2caa387c0b93abc8a815f4582c12ca9f68697f228	ccc18102be057b14a0c3e8222d94a7cd187a88053bb1cbc48d85979eba932d4a
000292	000000009483.bin	person/COCO_val2014_000000009483.jpg	1	f7894d43042849801d75af1ca0092277f2a3c11db155a9aef00b4d18f51508ce	c30cc537fed7e6f156eaf2cfb527429a18b5834a8a6e668fa7b3c59f559bb62a
000293	000000184978.bin	person/COCO_val2014_000000184978.jpg	1	4648728350d77dc32a00feac2712c4c4c02b17241c0d4b426a385ee22ec72aa8	a4e96b2e000757273a8ea1a3d839eb978a3e3957650b6a5afd90323c4a51f591
000294	000000456496.bin	person/COCO_val2014_000000456496.jpg	1	c154120756532d1c1c721ee9bb77eec1cdfdf6be283e0172051656be6128fa8d	4ca9f1277c9a2d1b590e773ae4f262b96724872019d8475917dd6710974128f2
000295	000000390555.bin	person/COCO_val2014_000000390555.jpg	1	c638bb04e0a58804315262964fa35a1e0b1eac524f8215dd116819023e313722	5feb8450b53b7180ba378310983e0e986c1d12cad61b026072e1ad6ea1c33027
000296	000000331817.bin	person/COCO_val2014_000000331817.jpg	1	2bc4193efe4d4901f53221cacb0238baecc274c2ff53987986cdbe9c04883c42	11e23a376ab8797313928a4d8cc0217321a48361f8c8ba88040797f84a4bbe85
000297	000000072795.bin	person/COCO_val2014_000000072795.jpg	1	9984e69293ec309d5c82a7fe1ad4b298e3f0287bbba3b70afc3ce4c5155b7bdd	9580917affe4e6b09e49187cb579cfc3f733e976cdd1dfab0ac70aa578390daf
000298	000000347265.bin	person/COCO_val2014_000000347265.jpg	1	75ecd0b9160ea53168de6c475e3574681cc5500aa7e71bf093278e902662fbc5	7520416e223bb87e5a24031ad834fa456b905877af95e261562710680de00210
000299	000000194471.bin	person/COCO_val2014_000000194471.jpg	1	14358bf4f65911f6e3a6b4e456b5f394de487efd7788043919db4ce6ec39141f	09c8e5e626ba2f70915272382b55ab843cdce6fc7b3dfb13b74c20f90a70847c
000300	000000023034.bin	person/COCO_val2014_000000023034.jpg	1	443b825bf6a4b3ffce394b769cae9016d8d09d3da9dc50e76e2a060a35f1dd39	9b5f2f88b11a7622f9b8041a4762687d3ffaf8fe26cfdfde8eb0e31bb0d22ac8
000301	000000512776.bin	person/COCO_val2014_000000512776.jpg	1	b41cd480edc41ccb7dff98a32f4c0308884889a5209c2ef3a153abf89b361ab9	e9e0e090a77924f4c8a957d57c584b719b0cb6a832e6ea95320913c04f2124dd
000302	000000301061.bin	person/COCO_val2014_000000301061.jpg	1	e13cbdf5da9ac0854e58e7eeb06b7ed1b174a8d619edb521ffbd6a765d1f2985	e642592fa66cdf3d21e16f89b90c2d2d741c39c55e45f8fe5b1622eef4db89af
000303	000000063154.bin	person/COCO_val2014_000000063154.jpg	1	b93dd771a7bd96162a7438a4d9a470a409e2f6ab4fdb0c261a6e4be29c3576ee	c90fa87b639aa7b8ffc3fe7d0ed1ef89685129109e11f260938935d3fa3734a9
000304	000000384670.bin	person/COCO_val2014_000000384670.jpg	1	74fb18dc188c1bfa08d4339280289e8a3589ea1c9a9dff983e6afde937e8654a	862579ca4ca1414b398769ba9959edbc05a6771da0e89c08b29d999a91ae3254
000305	000000221291.bin	person/COCO_val2014_000000221291.jpg	1	2fd660058dd99494d4fe18744deb28c29b2ba4d02b7373974c63f3c03472fbf1	6de3f2c2342eed3fbd1d1c8f126108883ab872baf7dc31d6cfac954242f5ae9a
000306	000000025393.bin	person/COCO_val2014_000000025393.jpg	1	68c20b5bb1afc661b2a9b2458264160ae8fd86b5529f442a9ba1af5e66964e6f	efe221cd6792fc8b900f25f0806ba25b7d058c9050f282aedd0843c700752a4c
000307	000000043816.bin	person/COCO_val2014_000000043816.jpg	1	8ecffef379631b39c53512bb6711026098590db9ceba0b6639d04e1e1d7b0000	3a13a2a4852e5b468ec0e88cf7d95e81f64a0f6ae17b3868498c324aaeb16cab
000308	000000518770.bin	person/COCO_val2014_000000518770.jpg	1	a78aa6636edea66922dff947ccdb6f7433b562c65360dfc1a3abbd36a245260f	1c40d73f9ce062c02bba835f8053315b4145dedc17e5d5fb0545eba0d729a1fd
000309	000000266409.bin	person/COCO_val2014_000000266409.jpg	1	2e0f9ba7ffd83b9544b8be487f0a06a86337393c23f449b02ffebd01c9b7f968	5ec69ed1405a9945e65cacb049e83d543a7c05dd2a83dcfc9bcdde569c62b1d5
000310	000000264535.bin	person/COCO_val2014_000000264535.jpg	1	2840bb369773c48cf76180792b4ef3169a0fe8f571335c9dbf0e47083e821158	1b82c97071f7f03537f74250fd90a86bd9306b90915fc5ebab09961477d6199e
000311	000000008690.bin	person/COCO_val2014_000000008690.jpg	1	d4feec694fb55c325264e2643adbc39d2145ad29ccd5df11192de90ebb27acf7	fda025493483766a7b6a7622b7d0a94074338d9a5c108e3d2348476b5a881339
000312	000000033638.bin	person/COCO_val2014_000000033638.jpg	1	d47e2854838e0fc3f4631e5109d3c23120bdca6e367b651c4f91c99835345e5b	4171dbf041e775ab8fc175280da2020f81426f81b00edbc61b0a25daa47b7ea4
000313	000000439522.bin	person/COCO_val2014_000000439522.jpg	1	777cbaf78f4e0d42d0bd37bad3bf2ac54707be4cd0dc14191537d612ca060c63	661174f35ee6e405d5949177068102ea7a49e6edf5c2fc8a14d27873a917f51b
000314	000000524456.bin	person/COCO_val2014_000000524456.jpg	1	9e8a9c467b38ebec1e44529ed0e0441fc5793de13f89077a2521e1ba909f90ef	4e07cad61a2a4b1911362a948517716c46ceddc1ab30a44c4eb5718d5b6be560
000315	000000278848.bin	person/COCO_val2014_000000278848.jpg	1	43b96283e9cb25fed966bb7184d0a935e27c25403a7d4d2c455a92693a2db181	b4d38a77fc3286ce1e7ceb5a8f11f943a0c01eb87ed9c2acb6cace32e7655151
000316	000000118367.bin	person/COCO_val2014_000000118367.jpg	1	d357a917b9bdbd3297da01b3117836229f795cbd39041fdaddb1d987f00eb211	6f921f1ea9bf4f92d81f4481b9b1e9e180b18afdf9bd7f9c097a658257dd5b53
000317	000000045550.bin	person/COCO_val2014_000000045550.jpg	1	f88a54a62da094243ad4f185e9631016a3edfc806e274d3e4a3887585c3d6410	13cd0db1499a6de5da0c9bb0484c71315fab0b188cf5836c244f087f46600627
000318	000000458755.bin	person/COCO_val2014_000000458755.jpg	1	f767ed68da3c1b9a7121b58b1e6a813444cef7bc18af7b7fa303de73eedffe63	8bef17e78856d28f1c9eb58515349d5703129d94776f9f03bf8d75a23d729dc4
000319	000000514508.bin	person/COCO_val2014_000000514508.jpg	1	04fdeffa921cf6f5aa4c8df297beb44da5dd6cc25a8368aa2cf0a3e59ca58510	3272e0d92b96c1850e0c2ad17500b78b9ff08eeaa84c12cd2eca0cf3fa6872a5
000320	000000399462.bin	person/COCO_val2014_000000399462.jpg	1	748f8f017f1edf428ca58bf98722ea96c4461f339128ac6149fa571a5f65be3f	3be8b06e461be552a4f5d849e5ac4acf2d44d954626e492cfa33c0f5716dc77a
000321	000000439994.bin	person/COCO_val2014_000000439994.jpg	1	6d79ad18a68ba0ff3d5f86170ff7cb9d3e1d67752ff9a617cf9a82ee1de88382	49c4fa804499e5d828aa2deb944cc9607940656d8e10333af3d68fdded690f73
000322	000000466125.bin	person/COCO_val2014_000000466125.jpg	1	af5e12c5c49d3654127f36a26284f88390d51fc42d9d39661389363900e7d4ad	e81bd25a699191517e6b0403bc09324d86ce689002c4bf0c5b7ca4ee12636e7b
000323	000000355257.bin	person/COCO_val2014_000000355257.jpg	1	a4079b7c99a22bab34b8831074a025a95273a4148a106a4c1db92f7b335589fc	ce40064ca52b04cf3c9e2b729e658065fc5a6dd5cc87165164f91cc0582d0287
000324	000000349184.bin	person/COCO_val2014_000000349184.jpg	1	7940640c1cbeff8429abf770429e2b63bd0d2bfc6b1f6327cb4aee2b3578a742	e36d48603cf71b97521f66c45eae8ad01d56ba10815a9d3648809f43702e0bb8
000325	000000121591.bin	person/COCO_val2014_000000121591.jpg	1	5e39a0bae751f084a29a3f89927f4f54feefe4a03b44e56b8b36440152c0cc7c	fc96f3a968ce9ce69f0bf0cfb7d2bc211b896b9b965c09156e4d9c38da8300bd
000326	000000356248.bin	person/COCO_val2014_000000356248.jpg	1	2fe87698ec76cd9c36f3de56b7ebd9e536f3d3669fa31374bbf42530b3e49e1e	1d95d5e450c34ce9794e20ddffb12e4be806b2caa5cc92c8ff160df85562f466
000327	000000497599.bin	person/COCO_val2014_000000497599.jpg	1	fe6c306431947602ae66963f512bcd6d50e65479d412e2db8c9adf1cf46db284	4b0a65be8845b4978a339f2203c216a38570d6b58896310b93ab4fa1ab32cdca
000328	000000224807.bin	person/COCO_val2014_000000224807.jpg	1	1b3786258625d9a7a146280a2782d08848b7e457aecdcd283df975caf23abe07	933b8139050784c3088961218b6b0e99498bee38b9c8e80394c8d09decab900c
000329	000000236166.bin	person/COCO_val2014_000000236166.jpg	1	09d9045c9cb577f60189d6c80e13f409e356e4b3841ad32013ae4173fc260ec7	eb85263de6c32e4261ac1fb1762122ae5fbe948ec6c11a89ab526bc00707f716
000330	000000169996.bin	person/COCO_val2014_000000169996.jpg	1	dc2140744beaefc3950ef9b6a132e370da89274926da7edd837d6d60c9af98a6	24724486110877e7102a30460fd6c455cb50e7e20d7e961732c84d4a15c485f2
000331	000000253386.bin	person/COCO_val2014_000000253386.jpg	1	d595d80ca2eb688539dc4fad4f1b3cf0d301183b58b176d9fff8066443a591e0	d42df1dff8466fe16d06526ac78da93a5e27e76bedab801f05619b417420570f
000332	000000080671.bin	person/COCO_val2014_000000080671.jpg	1	5fe17ba822455fc870da6f73564c844173dee3765c50950d39a2ab863f5abdff	1a4a9ac5a84ee8b54c478dd97395de5ad1fd297c1e5b9df3a05d3b5956330329
000333	000000137294.bin	person/COCO_val2014_000000137294.jpg	1	c9fa15c3ce50b1019642a19a6453daf4992715b8fce99e461db77dec59e54981	97377feea5dbd9f804f2742542048916f43a541c51042ec51e3b5cf17eae45a2
000334	000000226417.bin	person/COCO_val2014_000000226417.jpg	1	1f95313b72ead318d72b4c011ef929f95a017d6384d92c219202d9abc4d8f57b	7a0c3762d1b0df60125049c2b675248d3cf25d734323da3abe28596a66dcf1ec
000335	000000025560.bin	person/COCO_val2014_000000025560.jpg	1	0a218330624b95af7ccd163175d0c88932e19d53d45fff741739ed67e29d35ea	a108062a66758413030d739b1dfd5993244f6d833e62e6a3bc84cd4df9e22fcd
000336	000000030504.bin	person/COCO_val2014_000000030504.jpg	1	ead4fc5e83be9279f813e1206cb005272c2c28fea343ad496ca2650757837205	964423bfc10bba8b8a620af07cd76464da633532c847bd3bc48902cbed447d55
000337	000000119445.bin	person/COCO_val2014_000000119445.jpg	1	1300c313d9dba656b4c8d5b2ef1614167ae2cd267ea1a14a95ae214adc7f78ea	4afae40bc7af1a5b8f12f8490ef3f66cbb3e56f2cde12494cb96b0cf07e00f64
000338	000000338624.bin	person/COCO_val2014_000000338624.jpg	1	abfe342d2fee7b231db0b05930a6c306477629c9401713c336db5f534e513821	bda396e96e67b112c0bb952873294714bde76a8e9abb26941fdf0270ae39989f
000339	000000519688.bin	person/COCO_val2014_000000519688.jpg	1	a5667d4c89e6ff40fdaa003112f8d459babdd1df5618b724d2bed6851698b82f	6871e89f6b462f5ba50b87e314cde2a675ee48c3c052bfd5fb8360b494372026
000340	000000273715.bin	person/COCO_val2014_000000273715.jpg	1	2bc122130fa2cf52f05f0e322da87932b777cd63b03e6236e8cebcaf2dd64ffd	e30fa3dda0262541a115e381e065859af6aa6f401436daead733ea048e636f07
000341	000000504589.bin	person/COCO_val2014_000000504589.jpg	1	b36c8d03d1e63613ff1d0d7775694cf6265b9000eed2feac14340a965af906c2	de7e308cd00ca31d8aa7090f702388a1f011480bf871a616a4f3037933b8ea13
000342	000000313182.bin	person/COCO_val2014_000000313182.jpg	1	6e51fc8b628728737e752bad30f1e4cbaaad5aa9534c61b41fcd6365a2c20cc3	83ab445c169da79365c954f7f9ebea1355cf5b56f1c1034bfdacbeb35f08b004
000343	000000506656.bin	person/COCO_val2014_000000506656.jpg	1	1cf526eb302677b63ff0e4770811a5929ffad276c1ce417c9897a21f41b8a899	738b8ab0c0a61678e163e2dc9b65ec1df4f2c0609be3f82b1549b5f06fe5ec8b
000344	000000475064.bin	person/COCO_val2014_000000475064.jpg	1	36d0cafc9fec8db32d986e722924198cca7cd9b7958b65af2c978c043ba5766d	41d78f495e94a73d3f1a869f3ad4e2395d836863f64233c284e0759eeae7c285
000345	000000515579.bin	person/COCO_val2014_000000515579.jpg	1	71e7b4d74e038e80e7e1385995d560695a0b1d3423e46a83913c8ecab0144b4b	947429be99ac263a771278453211156c275326ca0b6440eeda1b4ac812da466c
000346	000000343524.bin	person/COCO_val2014_000000343524.jpg	1	93b4981286fd61197afc685440c18cec111af678dba5609de3d6c3745feefb37	e9146fc391f9e5b3eb32a3127cf392d61a77031b8258ce84425b196f581653a5
000347	000000579655.bin	person/COCO_val2014_000000579655.jpg	1	fe2781aaf0eaac992e31a0d5b9c014ccb59c892d44729c49f9d3b59e6bd1ace2	393fbc9353b1c8cea0b3f29abac9c96438f96dbeb82b0c986d79d4756c1333c7
000348	000000288042.bin	person/COCO_val2014_000000288042.jpg	1	63745d60343ea31d6670b8fd671bd7b41606e37b0711a580a7678af963ac23dc	fe9a14ed8f1bd2f6478a3144398967d2dc550865ed48d2aab723d2cd83feb6e5
000349	000000061418.bin	person/COCO_val2014_000000061418.jpg	1	5d11773a232d902cf7b03205ede96f089ccab8054b1e2b6464c3789909bf9f6d	983af64e3179cbdd072064e1fbe2f27ee1c0b7e3c30f21146a70b135d008f2ce
000350	000000199551.bin	person/COCO_val2014_000000199551.jpg	1	344223d056b8e9e07c41e353b963debc69e3998fe2c1ba4d5b4d72901b307d2f	bcad7cef07d5ad5d8443c9ee28e622407db4ae3ee4bd50990f7122dd3cc495e6
000351	000000271997.bin	person/COCO_val2014_000000271997.jpg	1	07c398e36bd8ab3a96114ffbd20e8fc27b90b047732da1a83a998f9e2a96789d	bc580d398dcba3ec99abc00ef8051a6ffe2ae41db5ddf0e2c9d7760367ddbdf1
000352	000000011051.bin	person/COCO_val2014_000000011051.jpg	1	52c1b6794b7a25fc1c51856f3d1bfe10d404df653475e6fe6335c76b72a4db6e	1bb42e496b85c02589776b3573fcce1d922c2e1da6381916418cfd0c32418146
000353	000000261061.bin	person/COCO_val2014_000000261061.jpg	1	ab79ca76b2d4d0e6b64a81cc29f7766f105572acafe4564c0a9c0c41e46ba6ea	d6fd6367688291bcc69aaad748aa98fe2d039b8880786f45856520a4a0e09242
000354	000000297698.bin	person/COCO_val2014_000000297698.jpg	1	70d3c3013eaae121e79352cb214753289282e8db9c50fe98310be96be18b80df	4cec4c1a58d4b5553f58601103b7f6f836fd6ec1f2de155496aa651c00cf2241
000355	000000456559.bin	person/COCO_val2014_000000456559.jpg	1	a2a67e7794cecb9eb138c34cfc341868fe76c69f862ee744d4c022f03537be8b	22efdf363e91bb555916f0c9c89e3dd5ec7910db4893625160bff5e625deaf8d
000356	000000297578.bin	person/COCO_val2014_000000297578.jpg	1	b943afb994c45b11a1cef3be02966ad16af9343828f4899f9eba6fba9580b819	eb2389bccb73bc2923e2ed6e7f8212930115aa35a5b73d96050f85f35a8f1059
000357	000000073946.bin	person/COCO_val2014_000000073946.jpg	1	67edd42ceaf1e65c5838ee1881fafe4a591d55ebd24a092ad9de9a7c2fe757a1	38646d34fb4901cd28a65e7b4feb3f8d91dac2468d9a27f0bcfe7d1e91bfa5ab
000358	000000198510.bin	person/COCO_val2014_000000198510.jpg	1	5baef95629fbc65626f19a5d7141211f67b788fb1f9b054298691d8fc4dfcf2f	07be42db4914c29bee78a0953bf1ba64bf3b2e3b9150375396956b7013fec58a
000359	000000296649.bin	person/COCO_val2014_000000296649.jpg	1	b866221fe5ebc822d7461cfd694f16aa4716d7ab56e7a1b11129ba8349188ac4	bdc9dc369f391a5a25616cebfd39d6b9130377cd8f030e92f32dd77f69ed266e
000360	000000002299.bin	person/COCO_val2014_000000002299.jpg	1	243127321236acca47d12fc8dab5e64e772410eff0bd2f3f2230cebdd147cfee	1fc92404abd0cf9c80046a5b17ed5d6d85519956b6c622512d93d6b1d73fdaed
000361	000000129492.bin	person/COCO_val2014_000000129492.jpg	1	46612674f99633c262f6c7bdc7a16a123a5bf42ef4966ff56fc5e824169a4c3a	373d85992b6ef0ce500ee1570b80a5646fb310eecd8f2f938526a6a0d18d7dd8
000362	000000342971.bin	person/COCO_val2014_000000342971.jpg	1	caf0ab239d19e711cb150c533354fa6542216200a9e15cef472d3ddd6400ebf4	b7214b064f9479699e617c35e980c743ee31ec47e1d165f7092948ec8fcef30a
000363	000000231339.bin	person/COCO_val2014_000000231339.jpg	1	f2c1dd9c2d3fd3c323924c905772762bb96a82060be677183131ee233ae81085	9fb87fc02a02ca7cf159f3238c961f47f7c1ad2bc87a09e0d20bbc62efd8a024
000364	000000143572.bin	person/COCO_val2014_000000143572.jpg	1	1edf925a8aee94be8e71eff541ada6381864ef2b026c8e0dbe3a446dbef96ec0	5295102c1c38221285df5b10ccd897bcda196586e15146b52d2193e65164a49a
000365	000000351810.bin	person/COCO_val2014_000000351810.jpg	1	dae11288e1fe3ee88dd6a5c6f96255d677b3a6cffba58d18b66744ceca69a974	46718cdc70dd3f856d22b635ce605afee9cda9e9a82225bd03120ea4de01bc16
000366	000000181303.bin	person/COCO_val2014_000000181303.jpg	1	bc6f365b15c01daf694af4b02fcfd8e66eeceb094033a3506edf66de039396ef	8e6ed936c96bf8ec48ae3c56554520c9be702461d160f65a12c0f3f4f28e5d7f
000367	000000162092.bin	person/COCO_val2014_000000162092.jpg	1	011670a35758bccb6f25722e1940a9cdff36313f931edc59bdb1d4490a566509	59e4e3dc308a1a04c9efe5d92316f66bda32684b74ccee7e3b7018ce5b581f61
000368	000000397133.bin	person/COCO_val2014_000000397133.jpg	1	a0250b1b0b5cea6b93ab966bb87b3644736ae330b2f30390ce57cb16108c98d1	4e5e3733be22886bb2e3e98a8be50ae2b5c627a7db22f100c04f26450fea8414
000369	000000356387.bin	person/COCO_val2014_000000356387.jpg	1	a055ab2a898270beb9b902bab97c80c9daaccc79315a262ded8e480f90d2e772	28d47aeb644264181dc5413a0d43c673a488c65ac334994c39cf873385df265f
000370	000000180560.bin	person/COCO_val2014_000000180560.jpg	1	5c07891945b9a2f37dc79959f429e5ec3fc89dcd384a4f3c39411f221cfdccdc	1d05cc57e4ba263ab496360a4ce8d32fae2748103369e7e2ed2ab3032e1badfd
000371	000000380913.bin	person/COCO_val2014_000000380913.jpg	1	6a0362f50c1a841953733290ccf748ebdd02e5169958fcabadac9f98a1ad23f9	bc5ea808f03bff62466c30850df1c59a6455189d0dbbf83d1a4890d2aec2ee68
000372	000000115898.bin	person/COCO_val2014_000000115898.jpg	1	ab46ffbd39e0b6eb769acf6ada0b7b1e03f3dbd020ed0bea0eb8937ae750be7e	bfad33fe11fe9d92c8952a439d20b37a62f8fb2a337f9aec42eca6a559d109dd
000373	000000000885.bin	person/COCO_val2014_000000000885.jpg	1	ddd619404b6ffacc853f72b49f8b4de26adfd17f3f509a19728d4065e91b93c6	109b9ea27ff6c4319e8ec451599819cf5b7a22a587b79e5a7b66674279cc7eb8
000374	000000279541.bin	person/COCO_val2014_000000279541.jpg	1	2ad5f081395571684caede68d5457806601a63c97d0682001194c64ebe761e89	4478398bc14727d91cc47d9afa4c95c429c804df95991369736b02a528b44d26
000375	000000012576.bin	person/COCO_val2014_000000012576.jpg	1	7851e6c11da690af2e2adf10d1d9944c9fbaa0b9579326086254cc1143e263d9	0239174b53f20d08a59b63e6532232b8fb23e7490d4f7ae4d8146c00e982304e
000376	000000062808.bin	person/COCO_val2014_000000062808.jpg	1	dc419bdb84200801f675cf9faac9cfa0003179b06ee6a05a3b47917270259cc2	ea8e2066307d6a4bb3b2d1517508883e55fae84adc62adc9084eeb88256ec576
000377	000000404805.bin	person/COCO_val2014_000000404805.jpg	1	02d3f0f17155a02480cefda8aed58c7b22b8227de3cce986a945ce8ceee74078	5b95927af14b48523323d5033e973204c164ed642e5e34bf731811468e3fdf4e
000378	000000001490.bin	person/COCO_val2014_000000001490.jpg	1	140447fafee23af34b0257a2bbf89f08aa5def56ed19e7336decbf553f4966e6	11dd3ebe069fd187f5a607e6562f9a00b39364327637dbeeca008f76bcc5f1fa
000379	000000508730.bin	person/COCO_val2014_000000508730.jpg	1	fc9f3b32e519586b3e44e02eed35dfcabf77237d64b78ad099565f147f10a35b	844e56d3008559353bd81b613ccf706a519ecfc8f13fccdc18ec2dd8072b8aac
000380	000000284445.bin	person/COCO_val2014_000000284445.jpg	1	c2e63bf6d70b071daf423e9109f6ecdf2561e72135cc7a3b68c86d2288d6322c	332c9213ac16517bf28386d514d87b652d96da72b7e7a4c02d3732cd0bf91a53
000381	000000163640.bin	person/COCO_val2014_000000163640.jpg	1	bb7547b0ec92e7dafdb02caac99a6113074c17ad61f4d03d28d67fc66d7bc374	b855fa836accd8f42e01c1cc08ff6f00c60078eb55cd1de545ad1dc23df2722b
000382	000000453708.bin	person/COCO_val2014_000000453708.jpg	1	ddba66a0fea3f3f13bf9fed5a246f56a41aa378ba46403a6e6b3bc5ea71c48dd	1407b7675a183a4b4a716c40b025baf820123b60c60c3d1a7449acdbbfd3a3e4
000383	000000223747.bin	person/COCO_val2014_000000223747.jpg	1	7bee4bc6ad2e57a25d10f36d96af6085b772acee8137d575fae675be34dad8f6	7c7ac442ac32ee410d01baaaf1bb4d0234303def2d124dd53f5a085058a61713
000384	000000146358.bin	person/COCO_val2014_000000146358.jpg	1	02ca893dd74a2aa6309847d67e41a472f00b4d9fb9754afb2169601fb85639a3	9cc40f2ef42ae7d1912db4897a1112fd635f1277592c6bcd82c915d3385dbfa5
000385	000000067310.bin	person/COCO_val2014_000000067310.jpg	1	214003a57772b1bb78290f9821ddf79d6801cce7f19b12d619096f7c708194fc	896ad7acc3edb7c07e50487402e99324972b181ae39355449a91d8edf80256d9
000386	000000323895.bin	person/COCO_val2014_000000323895.jpg	1	41e849885c38bf4dbb3c22fa16d52858364d85bf24ecebaf7a4b66d3250fcaa6	24569e36f20bfbaf2a156180f2eff2a9491beeadd258fa0bb61834743fe0c4e4
000387	000000162035.bin	person/COCO_val2014_000000162035.jpg	1	8f69732549d364f405ea289d621b2914c792463f385c5be97b9b7be1c51908d8	209885786c2179c6a99eb81a7443c9b679c1bec3e8864cb44ddfd6dcf5fe9d97
000388	000000183716.bin	person/COCO_val2014_000000183716.jpg	1	13b840add3ca8b892fb8561312364ec71d94bdadf94a7a21c6817888a9a811e7	ab4e7130e13f70ef7871fd37d37073b9a280f16f6f885631d23173107fcc9ad9
000389	000000123213.bin	person/COCO_val2014_000000123213.jpg	1	ea04019769a46375dcd6d1c3cc3fc32bb63dc4ed51dab0bef4358da42d85b54d	809ac5bb85368dc367829a05a23783fcd14f0d37f59c04a63268ed112605c742
000390	000000433980.bin	person/COCO_val2014_000000433980.jpg	1	f5342ce40aff5a0dbbdc1ed62f9db3fd946584d11c8beb16f79364b8d460ae4b	5b1e86e756aa72fe846dd9ca6315132b80206fef88b6eeac73011838c379c0db
000391	000000345466.bin	person/COCO_val2014_000000345466.jpg	1	3ae012f671f10808e8cfe44ad74dbd4df66cf8644ba3d0356ff3fb603412142b	0535b71473bcff55c231c3ed69e672867647dc45051207f66e8844e6281eabbd
000392	000000263969.bin	person/COCO_val2014_000000263969.jpg	1	fa6d33120146fd4b4c1eabe713061fec65c927b606b538cc38cec556370e46ae	bdb2a8cf9aa922ecade631eb78dc3a40147281cf62cc0d1a7b3ec50ef2890203
000393	000000013546.bin	person/COCO_val2014_000000013546.jpg	1	1515809df6687baa0c4c7ccac23f87b3197e551b88bd4c74981d07fcfe428360	54cf4f417bee0cd4cf6f644c226ab9ed835b02bcfc7931f03ee864a413844428
000394	000000534827.bin	person/COCO_val2014_000000534827.jpg	1	e3d1db2aa8b63131773ed8622f31c2b7941e96727de856bce72ef407216a9545	3a50030c64139e2b1d80ab90a931585cbd16350b8a0d7de017541c5601bc4d04
000395	000000422836.bin	person/COCO_val2014_000000422836.jpg	1	1dbed26deaa7076119da9ef374b607b990bce691bcad2106c3854b0ae9f00456	82004f90abcfab868635458785c3ca7a3aeb569533eb89a4210649463a8f8e1c
000396	000000441286.bin	person/COCO_val2014_000000441286.jpg	1	cadb49f6a308954076bb448bddf0edf362d982dcbc46f79481991c730ca2ed33	11c9736b0343dc27a99678f64b438bec91678a84246ecc407835041080ebad1d
000397	000000507975.bin	person/COCO_val2014_000000507975.jpg	1	84dc7472a361eee79dd3e48daeb5dce26395a9c37508027530b8117b9e8ebecb	4446e06b03415ee8ca6c4aab3567979fbb7a86231853886a410cc931bdac6765
000398	000000087038.bin	person/COCO_val2014_000000087038.jpg	1	f5b90bda66829e9181c3fd16ec6546665c3bda3313270b8e766073fd8731dc2a	3a831f09c23c06d7985e6b2a40229e46f7722e90edcb2c83fe53622bf0d8e615
000399	000000494869.bin	person/COCO_val2014_000000494869.jpg	1	9c76e880e98870e71cb5f770851d0e4ec2f16faa482274bbdf8969b0e760f963	cf1e5a5356c735b1e3aa33631389e3ea6763ab6ebf7eb7cfd96bd34d6a2ad81b
000400	000000261097.bin	person/COCO_val2014_000000261097.jpg	1	8895050dcffeae3e700cf29d071a64cda21a4807ad538f94fbc7a1c0af787834	761a693d2c5129950782a8540d24967280ed2a76c3ef3d42d5863569146e32cd
000401	000000279774.bin	person/COCO_val2014_000000279774.jpg	1	3d61576a937f279a349a92aa81b3f2201caeb1a446af74efa70d2ee8492e029f	c9bb67a72e500d7e415ac11f5d699eec64bf0ce3153c6c03e51615d197171bd5
000402	000000217285.bin	person/COCO_val2014_000000217285.jpg	1	24595d6b3409ade693168c2c6c386a415af6169826a6e3fe1a0575c9d47fa886	fa9f2ebcaa674f8a0be9a7760258cccccc208c45021427fb7c432a667f0094e6
000403	000000541055.bin	person/COCO_val2014_000000541055.jpg	1	c3489a5af65bed2a6b522edc3704ab2acda5d20bacde2ebf6a5b7c01dc034f6f	162962501261e97bf8fb8c265327dd9bb43a119a305ec73892b569cbdc6ecb8f
000404	000000137246.bin	person/COCO_val2014_000000137246.jpg	1	ffc7f0ccb823439f579c663a31163284e2862d5ed0a98aaa607129991fd9aef4	9ba304cafdadbcf4d54dcbb499f197f9e3db1934cc22f7355d69f87d7a24deea
000405	000000334719.bin	person/COCO_val2014_000000334719.jpg	1	6c3b44c4e78f96638ab4ea9679ee6484cd7dd3fe4613b476193a5270eb17d44f	05881a5ec2bf5ebcef1996e06d7047c44d5d5da0859ad87256cb56e26de63cc3
000406	000000201646.bin	person/COCO_val2014_000000201646.jpg	1	ba5f17e3f87bd030727f81688c11920f574379fbac82e1d2a6a9599502c9ab18	3fe2a4d00421df72cd5b8312d08cecc8cd960d18854d37dc781460ceeb10fb9a
000407	000000410650.bin	person/COCO_val2014_000000410650.jpg	1	f942f70a556ac65f39d82ad4a00958fc3686b322a07ca5346693651e99447282	03d2754afa88b1b86b2c04dae838c371cf436eeb326715cf8de988e16c425a61
000408	000000234607.bin	person/COCO_val2014_000000234607.jpg	1	5d046f023d0cbc998475c7ef1ab8157febf7f88bd238dbf94d6f02c97a223c80	85b4d9031f73ab605792bac35db9117c8febd8580fc98452347f7720a2bd547b
000409	000000116208.bin	person/COCO_val2014_000000116208.jpg	1	86466f54eac38089a1bf4fee3bff8a78d3e24224f44fcdedde8d7833a49f4f23	71a8827c191d92734b925f6acdccf5764583c8483abd39055e72413894630085
000410	000000190140.bin	person/COCO_val2014_000000190140.jpg	1	8f9b38489a7103f9258341f4fe79e5c32a5e8062248e6def7c3b94bc51e6a380	8a991376db1164a59cf25f99c8b5f8542c2429c1bb6f761d010985d9e36fc7ea
000411	000000363666.bin	person/COCO_val2014_000000363666.jpg	1	c27cb5c856032bae11318b788b23b05a96820a6ca4d25d2781b8a81a324c741a	7f87bfbc438be65b1385c68a2ecfb3224c76ea26dfff782cc1a8193816bd6c42
000412	000000559543.bin	person/COCO_val2014_000000559543.jpg	1	22d6a3614191a0f2d7094dd3a7dd2774c6ca1e3e816d52a38d6a2678999c480d	a9e224a5f1c7cbbd359c5f2337cfb389a7549ee48a10a82746f651044b3dee75
000413	000000032901.bin	person/COCO_val2014_000000032901.jpg	1	be87485887712e74d8c3d5327efed132b25d93b09fed726ef975c13bb112cb19	854f0f03bd5f3396a5e085cdb473f06c98025705998c6d79e566caa3201494cb
000414	000000368294.bin	person/COCO_val2014_000000368294.jpg	1	c31eac4bb608c9d7c1bcc8e7ff0b5e5deaabdc3f6c83a3e43d2c65c119c4897b	5721e81221ef70a6146bbf1a36495223522bd6fc7091b985850704f3768db1d2
000415	000000000785.bin	person/COCO_val2014_000000000785.jpg	1	c916099408d7a65cc2c8956672f6f844bef30edb5aebe7ea22dc9d280a283cc8	28682a041a90c89088c8c4d7d5940a4601269c0406baa5be7c45664b0d072cb3
000416	000000058350.bin	person/COCO_val2014_000000058350.jpg	1	3e52e9385493f2de414eab2ccd98031e1559c8700e27f2f7627d37ad11a092ea	9aec9dfd7e8feef0d2d5260c5ed09f395201fd058cfc6d91e7708a32927a4a52
000417	000000273132.bin	person/COCO_val2014_000000273132.jpg	1	4d188cc299fe5b83665bb4501044fd38ac30d3a4cd2c15f8cc4493f354c7fae1	a7f9d07fd34361de18be8edd725ffe990361ae687a4a543821299a74ac33e0ed
000418	000000306700.bin	person/COCO_val2014_000000306700.jpg	1	de9ded1be51bfa25b765b84ab978f87e4e1b5fe23db3070ed52232f2335792fd	c418feb1674272e80f90b28d8ceb432ea66f4ee20f43a5807378ce5f666392f6
000419	000000140640.bin	person/COCO_val2014_000000140640.jpg	1	b76a974a9fd506b40d6b27b4ce3e7c5e6c740d7809d1237dfd20d61391ffe703	d32a1c3acc3d150996575e242afc367a0b35cb46259d3329f340b986f25e9c5a
000420	000000189752.bin	person/COCO_val2014_000000189752.jpg	1	d72e076770e4f4ab104f1b3cd8e84eb48d27874a3b05db9dc5f48176e4fb7908	d8af2c7c31c84d2d00a841eaccd842a24f8b6cdcf896a43ffd09d4413fa2d6da
000421	000000254016.bin	person/COCO_val2014_000000254016.jpg	1	ff9d70dec61814452bc6858335fc52184f66fdcd08e09d5b7033c2789483d47d	60b2f2405ec58ceb9cbe4ee5440ace309e325717ae19351a54b53966c0991ef2
000422	000000118921.bin	person/COCO_val2014_000000118921.jpg	1	40f5ac1e49187989b18ea274a9bcae332eca0e49d77526ede913ab182e16cd88	53f3c367cfbc5c9300c1b87d3aeea7d300a844e28d592311ae5d14781bc06966
000423	000000567640.bin	person/COCO_val2014_000000567640.jpg	1	2583dfb4ad102d5f8bbcfcd79be0a3f6478d118f0b5a8dd992be7e5c780bad4e	3ecda951e2f3b281d2157bfe2a0414f7e0c6c2ace45744ce32148d2f9b42ee4b
000424	000000108026.bin	person/COCO_val2014_000000108026.jpg	1	f2d802208e161dc46293132737db01d72be42184609824466482b426d9b7bc5e	5f3ac6cf51ac1e61984c2acec110b20278d5e5eeda1f6d7a286837a70d371eb9
000425	000000551215.bin	person/COCO_val2014_000000551215.jpg	1	e2b2c80f565bcb48bc47c38c32dffd5920f6d137e8d5df7958bb32867129bc2d	374e84e6e050a03bda7ed6de7de4195138a139557c94238b07e56465b26ff78e
000426	000000096493.bin	person/COCO_val2014_000000096493.jpg	1	72b29189cc544ba369390718862134f6d51f0e82efec8b3e12a86d9128945e6f	fa2e5de49100f5c8a75e11c0b0d84e8ce8cf51364f6e63396c23fe1811407c10
000427	000000430377.bin	person/COCO_val2014_000000430377.jpg	1	05d7dde752bc8664e6290bca0d3c53497e9a0b5604dc8200fa8c3b1c6160721f	b6c58faf02615a510e6b83327cc23c9076fec81984ec1164f50611d56676f613
000428	000000126226.bin	person/COCO_val2014_000000126226.jpg	1	ea50c971d8ab16c1adfa057248b312511e2f1f4321e83b986764cc895142593d	af013bc590a5e7f02fb6c6aeea3efa36562dbac0556ad3445981c4e7b339c1c1
000429	000000523807.bin	person/COCO_val2014_000000523807.jpg	1	f5eb17aabe26e72c2c0dfc0eff735af80d53297e55da52e121433c53bcecae7a	99d5fd95bd48ca726c0ad9b3d9295f1207f950eb1feadab067c0e58a9f2e99e5
000430	000000521141.bin	person/COCO_val2014_000000521141.jpg	1	97a137bac699486e0538ceced041c32e289f893884acb35868d2a5f1a206ce77	75659149ec29f476fea857475d2523d1654a943a914bc2f64517bd361295122d
000431	000000388056.bin	person/COCO_val2014_000000388056.jpg	1	8ff9b8f42e4db0fbfbb581e392aee75e9d5c3fbfa7da0b4adf546731ac8a85fb	83ddecf8a7f2bea73d25283fec1b39943a318e0306ad59c4fb4614e734747600
000432	000000210032.bin	person/COCO_val2014_000000210032.jpg	1	52d8379cdb467f5930eabc5707ba66bf0f7ec84d6a4aa2440a2a0b6d53c23205	f55622fc1f3d29f4355f7ae3af50d252392b4456bb62a4085efc4dafe0bd27d8
000433	000000373315.bin	person/COCO_val2014_000000373315.jpg	1	801e713be5e1c55100f240065b499f10f5bd4c2b22893b999ff29f70f52fff4a	996c8846e7f6cb79ed16aac365426fb9ddb33b15c780a9af6f90476f088b77fd
000434	000000474167.bin	person/COCO_val2014_000000474167.jpg	1	7c5459a6c7caaa740ba37a2e7b69ae453f364dbebec72fda229d0c1e96d70a35	68737fc258945b1643ac72d9bf3bb3d35aa4331a565eab7954c7e8d973cf4475
000435	000000551439.bin	person/COCO_val2014_000000551439.jpg	1	d17d5c878207d9318983b04d59771a1474f4122597a8175fdde151f1cf178019	d038baadd314447e067d837621cbf077c1e6a3041f7ba1036f23ae4357d07d88
000436	000000455555.bin	person/COCO_val2014_000000455555.jpg	1	1ff16c14437d807e103d035225cd3311659f7c75ad7aa429078d1dc6d11756ae	e6a9df204a705027ae785b27d7dbb50eaf053cfce36813f9c0c98c757c6494ef
000437	000000360137.bin	person/COCO_val2014_000000360137.jpg	1	436394f39155dfbf3b34ac76f2bb60d35a39fd9ca9eeffd2b2412cf5cbeb593c	7a1b6592627efeb8234ed8f5bebd8bb28ae25e03225be7416407fb354a8bac75
000438	000000213035.bin	person/COCO_val2014_000000213035.jpg	1	67bdee4cee23d912ee729d78d42a06ae7800a80c60bc1ffb9d4c1d5a9a72277c	87aae3fe7876a1606ce0ca70dbcc012a03ff914a9712847c1f3682f670749299
000439	000000334399.bin	person/COCO_val2014_000000334399.jpg	1	6f07f5fdab08c18d8326084709e49bbd6f60def655e03e2eea0eb51d6e0f76c3	828495d5c841e2ebe737dfd4f916589ce16d56814fe403f4ca515d64b63a9597
000440	000000471087.bin	person/COCO_val2014_000000471087.jpg	1	112e431cc5557d227e1bf4f47d85e80e19b9df5e0c4d5a9caf04ac5386e971ad	20b5e67cc0be444b56c5995ae3012665bacdd0a9797a467d93afcac7a5ba8082
000441	000000101068.bin	person/COCO_val2014_000000101068.jpg	1	a297dedbe816f2a2f5de08cc814335da6a1de5718708f062b9d43e0604064a35	a1ad2f1e606739795acba1b3b5c0e9b4710f2616d9b2db412c942987a98456e8
000442	000000147729.bin	person/COCO_val2014_000000147729.jpg	1	30b5b0c0a83c26c9415a26cffb8d40a49023f7c31918ec24c6ff1991e5f52cfa	bbfc3bb7c8394cbf8f2238c9af194a86147c595f2226434b982c8e113cfaa009
000443	000000050326.bin	person/COCO_val2014_000000050326.jpg	1	ccdbaca8467e4c6a0ec531ab7c430f6cdf377502c0bf0e22e885cb7cd0239080	7bfc597f37f212a42897e52133dd0c4551a7d1c7843263fb16ae44832c239348
000444	000000213547.bin	person/COCO_val2014_000000213547.jpg	1	4c7e06df02ba6f22ee0d49045c8566d9e8c7472e6c4a6cbc876b85a7091933c9	4a7213d5dcc585722eb4caf70c516bdb95eb41803f6f715032e8d64bce009a3d
000445	000000361103.bin	person/COCO_val2014_000000361103.jpg	1	34f8ef129d3c0b2c00884df6a9d9d52897dd0d6d90886bfa93eaf6df67dbb4a5	a3caca661cbccef14e94bbef05740840bec7c7f8b89b817731dcc2d6338bcfe7
000446	000000370677.bin	person/COCO_val2014_000000370677.jpg	1	591165167ea67e05ebab974cb9e91d5b82038c3b694008adb64bca705d161a80	837fbb0422483dd006ddb2bb0ecf3909c10cf7cb0055baeb123fa669be3163cc
000447	000000021167.bin	person/COCO_val2014_000000021167.jpg	1	0cf714f65010e56ef580b54081934552c0e6f6600e94e8fcfad78b0a06d71133	b2fe1e8f41387385a2e8a11a7d365125a9d4e14cdd572f8ffe920c3c833263d5
000448	000000215259.bin	person/COCO_val2014_000000215259.jpg	1	26aa0126755b5b18246ab97471b8be18d85dfb2e5a31adc71e7057f1a0a7ffa8	ed46ce20f45d4ff47bc7c66b58552336972ded137801834a82ad41a44e867369
000449	000000473118.bin	person/COCO_val2014_000000473118.jpg	1	3950dc6d0865b10c783a3a5154f52c9c2cc322e3f10c9c573377f456f10b6312	6b9b5bf2819a6946c4ddc93c7331b3840ddb4a06a455fa7c645ced51ec41983a
000450	000000007511.bin	person/COCO_val2014_000000007511.jpg	1	8e7f82db8a8284e9095615f2313c7e7462642bd98838860f9a1169facef52f23	794fc1894c99141f987373c006a8c266975ea0b134c413012cf832819359b7df
000451	000000083172.bin	person/COCO_val2014_000000083172.jpg	1	ba040e6bd1cc9885c5b05ea2a4f8a236454e3fafc249ea16c5724e2e17860e5c	abfad3083340671c5cecad19bc4320c829dd25d5127bd756697b2820aecac9d6
000452	000000409475.bin	person/COCO_val2014_000000409475.jpg	1	ed72b47afc7cf5da6b632ed27d52af2853e22b86d6432273024d30c77e30d4e4	6f86730ee6f15be373cae8ced5b16ff82f2cbab7f38dc4d0b988db70a8b7df06
000453	000000439715.bin	person/COCO_val2014_000000439715.jpg	1	371b0af7054ef38ffa53b02dc9ff2f0aa6b3ed19b30d50bac054ec0032edc94f	853ecd840d0cf35ca406b575c9e2e3222a2a57caa38c0a51ca5e5b928371e007
000454	000000128476.bin	person/COCO_val2014_000000128476.jpg	1	1f47c105035eea6ccf0292d68cf7bc6325f4bd95aff6482e1d0f02d445119f3c	61480ce563585a926ea75f37734338c73654c04aa603120325f827e187aacc31
000455	000000185250.bin	person/COCO_val2014_000000185250.jpg	1	eb9eb8e79460d00f27de6e4fa9fc7d804332557ba497a74d44790d1b82b28a3f	b495fb19358b4e338fab8750326955cd0ae8274d75300c30ac346028eb18b73c
000456	000000010707.bin	person/COCO_val2014_000000010707.jpg	1	4d5ddf6d4376dcb215da84b5c5a2aa02b4054b74653f10375ec16ba68cbd22e2	c1a025991caf9e61e3242f410786ce65457a75a24753215402547ff557950264
000457	000000026690.bin	person/COCO_val2014_000000026690.jpg	1	fc0d37bdaa470fa4a8ad44380158e1a752ae51cebec90840f6370451193c4a3f	58a4c39f90dc6d9896fb040ea5c65ebb4872e044bacd7cdb9a8bcafe5452fa14
000458	000000343706.bin	person/COCO_val2014_000000343706.jpg	1	cd6c4d097b208c8e902ea3008010daa7210b7e7e1b556a77c3370d9fb30947a8	3e5d71bea2810333d23d176891a018a3f5bb791c6c120040e7ec045c70ae7231
000459	000000532493.bin	person/COCO_val2014_000000532493.jpg	1	76c50e4f8dee98e4a8241bae80b2b326ad73891dce92292ae1423f6dd6f7d6aa	dd53227eb8fee2341931e644f2824f19b8c7c0e70489663a373cbb9f28778483
000460	000000219271.bin	person/COCO_val2014_000000219271.jpg	1	e2c9a9a28b4202609d3e6da3ecab94d11060870b724a348c464d785e700ca7ed	d5e5f34bac1c2fb552dcd4747724952ac48890634c5019faf2ac03759025e168
000461	000000002261.bin	person/COCO_val2014_000000002261.jpg	1	82cfb3ab1a4885aa0dffa35d80eca4f45eadffa4a504696ac2c518883214960b	ad8fb94141836ef51754bb44f51df0530bfcd975a79fa862b531346437a108a4
000462	000000026465.bin	person/COCO_val2014_000000026465.jpg	1	1f6ccfdb684c64578855f3eccfc0315858dca748a4d1fe5af18bb78352b363b0	28f6afb6cca848d49c763accf61dda3f4ba444cbc46e3275768ee9aae24dcf07
000463	000000558854.bin	person/COCO_val2014_000000558854.jpg	1	c690dc8018ab8be483cec7b59e3b913ffd2d9159c849db83a0615f13b4449c0b	156a997e20e391295ee9581ff8e463819d02aa63dead1d81f0e6734bfc3e02a5
000464	000000424521.bin	person/COCO_val2014_000000424521.jpg	1	80516d4e443fec87e6e7043b9a0bdddbfdde933c3a3cddc7ad5327a682e0e5a9	6a8d10ad71f8ad244852a7689345492bd21bb2bcdfc499c509ebc97103053846
000465	000000059044.bin	person/COCO_val2014_000000059044.jpg	1	1c4a6936242d632e921ed450fd88555ea1bd64a78570d2ea8667477adf5d12ac	8cc2693d62568cf8907314bfebdbf3d7f8735b59550cdee8655bf1c80f48d324
000466	000000229849.bin	person/COCO_val2014_000000229849.jpg	1	a7a732faf179167c25edd8cc4f174a3bfccdcd7c7eacc94255f899b43830f147	55269c4edef7d7ab022ac2b6392e11d11c3a7663de6b73c6345f324a9dd1ca60
000467	000000194875.bin	person/COCO_val2014_000000194875.jpg	1	d3d689a68429278a62acf412486f5875460eff9df9c5a3b9b30e9e59351f2d76	21b248ee2dbe9c93c2eb40b2c9135b33cfc624de4d2962d191a767a9e1a4ba01
000468	000000554735.bin	person/COCO_val2014_000000554735.jpg	1	d994295e956fb84d0ef50e22be65222d886885da2c667cc6cedaf5199e757634	3e6f8bf70349b021a64028663ac0abd17840b399d973c76d44a79cf2d40e668f
000469	000000261982.bin	person/COCO_val2014_000000261982.jpg	1	78f20bc449a1c161bf0590ea8b829c105815cf38a8a4eb86e802b7d0fa505244	08a7ab7d541dbca62e2da8253ef303114d6b7daa23638c24a15bd378754b097f
000470	000000035197.bin	person/COCO_val2014_000000035197.jpg	1	2c1964c5ec60a1289c5dd369128fe007e48eac9a84c2ec766c52ca00e8bf2836	a079c8236148b5f939a3816e0f1305ba4a06568728711f3c96965326662fe1bc
000471	000000117908.bin	person/COCO_val2014_000000117908.jpg	1	df32c10818b450daf6bf13d4b2b51e9b0f3da1eb200d4ca02c5077caab7854bb	59308b01ee571b191434caa7cea8e1478532fb390824c9b137d1f00ad85944f5
000472	000000239347.bin	person/COCO_val2014_000000239347.jpg	1	d658a54e23e7704e524eb8f7bd45963ae0edf9d9e6c68025620394162e70238b	25600cf5560d64327b32f67be14e661421acbd7ff6b9a56242812f1bf5d04ef3
000473	000000321333.bin	person/COCO_val2014_000000321333.jpg	1	4bfa6cc1db204cf32e8c06687de4f32ffc4846cb7646d96bf932c35d1ab777ab	ab138eadc117ef9e6bd689630a806beaf19119ac45cf2a295e7684d74a702cb4
000474	000000273198.bin	person/COCO_val2014_000000273198.jpg	1	2968dacf76789ef5d18527a1e695ba8db6f58260ba02610983ac7cfe0d88599e	0fe0a17431f20fbdc7e26672956f35b07d1e9bde3208d94670e32ec71fb5327a
000475	000000559956.bin	person/COCO_val2014_000000559956.jpg	1	8f532c31ed81393ef3446feef924188b5e03475555606c26834e0b6d599f1be9	7e7209a3fc5e0ad04629f0b0ca5839413c49a19f624eb6a11a7d58644d6ff11f
000476	000000410456.bin	person/COCO_val2014_000000410456.jpg	1	00bf8deb8911b39190901a5c82d748db3b82ed40ada7f2efedbecbf58087c503	d60a633ca874cda25d245c6bf19605db9a9c06133ed968d99067412525808af1
000477	000000351823.bin	person/COCO_val2014_000000351823.jpg	1	9cdf01d548aa34a86c912b6f1a00cbc383190de597f26e15cf162bdcbff42ce6	c6b61583d1fe909f33c9ad3b017a44d40f31f820644bccdf359904980e50c8e2
000478	000000078915.bin	person/COCO_val2014_000000078915.jpg	1	98c51ed59af067621de5c30aada4c82af463facae22c7d3c05e88acf7b7586f2	75fbc2d9d6eec545129ee7509eb37921a39f9cbf7bd5c8c613f8f74b096bcc90
000479	000000164602.bin	person/COCO_val2014_000000164602.jpg	1	3646a0f70170ce683867e1ef9764dd54e89e3a8211c7c09d124fe7e5438c87a4	bd943fbc11f42f1b97020ccab24fcb3c064d6252b8c6d7b7a82a289ffc0c5ced
000480	000000482917.bin	person/COCO_val2014_000000482917.jpg	1	20ac636ca2c99db404df1934fa20197364baadaac9047e3440b0fcb95fc1230e	cedf891a820c79ae421bbfdce6718443c88777461562b3edc3361afa94a85fcc
000481	000000399205.bin	person/COCO_val2014_000000399205.jpg	1	3b81e2fe4527c6a8881372c9ff2c5eb1e1b111136147d0184e195a5797fd8f53	a5e01f2e49ed81a7cdb73452cee75147bba0be868ff0607316306f5c7b415f22
000482	000000284698.bin	person/COCO_val2014_000000284698.jpg	1	7bd9b67cf0142bccb993b2699530fdfb0aeefb3aab858d77138f6e36cf23ede4	7c7f30b4e00731ad48112e575e3ee59ce64ce5a51dcdb3931b57c55b42e01524
000483	000000386912.bin	person/COCO_val2014_000000386912.jpg	1	ff211b3937a498a6eda881886b065a5f3fc9ec0aa75c66cfe635cda3017d7025	71275dbf7b191542dde6d9261deab401ef1dbf8f4cb8e12ec2e2de177465bcb1
000484	000000286523.bin	person/COCO_val2014_000000286523.jpg	1	2673a88dd97a6aa148a870ebffa205a405e88952570a89a8f17d7d8ae21d42dc	948ae1d0a910be79018fe553029db27c41852d49b6293431dd84281061e69f36
000485	000000292236.bin	person/COCO_val2014_000000292236.jpg	1	2422a811af695a160c50d50f40ca5f8a6c87dfcf2defde4192a9648b3cae1a48	77915fa6bb6924fa109b366cbf00ab05206483ecffc6ad4a35c70d499f3da4e3
000486	000000080340.bin	person/COCO_val2014_000000080340.jpg	1	ac96dc6d3ba0372a301b558803d4bf65f634c9f12686a3153b2258045dc9689b	025125d83e7835d0ee7b8c27abb19cc18e451cf3d057e919d67cb80f23fed544
000487	000000180383.bin	person/COCO_val2014_000000180383.jpg	1	35bd40d66e937f1215536b4fba7574068ce661ce07f0cac307c2ed4031b7b081	267fca470c518a627f6f325cafc221d7fa9055504894cf1a2c0fb3408d87f819
000488	000000404923.bin	person/COCO_val2014_000000404923.jpg	1	4ac89f0c96f9bf5227ed2a02261640bc03f081294abb46e2626e0a814bdd0b3e	8a7c1dd9bdc82dc0363657cfd01c82c1b82c2958625830be226bbe79418c8990
000489	000000093353.bin	person/COCO_val2014_000000093353.jpg	1	f029ce0a5efe0432adeca421d61f24d7ef14e1e9665240c40f77575f8d60be65	1674b59e0419a935bc27a6cb6d17167d4ba930a758c055623b041621e03987f8
000490	000000185890.bin	person/COCO_val2014_000000185890.jpg	1	c392c51c29f69abdae8fc3a29ead66b91f723c6d40cd3b47f4cbad91d003e8f3	5a6df963bc9d6ac89c957e7208c092e02c79405c72ff6b850e33a27388e15050
000491	000000008021.bin	person/COCO_val2014_000000008021.jpg	1	d3b835cc0b18684f3a17a46d28d85b4ed3927c947499b2c4882eeb9d2947ab73	811c080e22979be06ba937e51dbc82a974501da8d950f88243b64797866e35bf
000492	000000093437.bin	person/COCO_val2014_000000093437.jpg	1	06d1af13dadfd8702e013d5181ff7207ffeaef76a3fcf3ae45f5305ff8ccbcec	04296e5369a909c0c780929586ecad53fd5e8302b408a8a43dfddee8d55f8511
000493	000000447314.bin	person/COCO_val2014_000000447314.jpg	1	e2fe6647158376e41ae09750b5b13cb1af767418200266e65c595a16eaf3e2f5	15cd1f68f80eac5553f43eb41151b49985dcd784f69314917bbc84f765b567cd
000494	000000406611.bin	person/COCO_val2014_000000406611.jpg	1	fa8735139477416c49b252b270325d4d174e03e3fe9fa734a573e33e81dbd46f	3b8f928b4832bed4adf24f9dffd0867d9bd41cde42c90474955b26e1dd5e0408
000495	000000246968.bin	person/COCO_val2014_000000246968.jpg	1	88f327207db82bf50c855ee2e83c988c1fd79543b8bfd127fce08df8a6525e77	b87bdfd64e359b1af53f9156dc06e92b0b99c702c46d64ac4dd497fac236c489
000496	000000370711.bin	person/COCO_val2014_000000370711.jpg	1	85bf6e3fcca3801ff6af8b2f77fb532e236e607c75414a89a2d709bea920a888	81397aec13527c9d1565ffb2b551a2b6ffa5b43474c2ef33083ddcd4a1a98250
000497	000000514586.bin	person/COCO_val2014_000000514586.jpg	1	9d89c59487c6f845e2d00e8fa56c40b61092422230d56e00a153c0c567b209f1	bd1d8c278bfa7350cd8c5d4afa19efd566ce05c7ace1cc18f0e5e530bf1b3649
000498	000000425702.bin	person/COCO_val2014_000000425702.jpg	1	1569bbc211502a41dca43efe75ad7e0f7f5866756afa39b76b326e8d298f6dd9	0d6b2db80dbdf1a59b47c3198641e4619e36647968b6365ace853241c25df7e2
000499	000000078843.bin	person/COCO_val2014_000000078843.jpg	1	5c264f7d9df788c5629051c730bda924d6827e1f0bf28813940e2f0ab8940565	94f442fa8961fbf275228704137d106bb0aa70c5fcf582eb8b6022a0719d33c5
000500	000000570169.bin	non_person/COCO_val2014_000000570169.jpg	0	cf75b0b824a2b297e94bf2367efb55a7b4535194d3321680606284ac58c25894	eca1a010d4883ec15ff0a09d2a0672cb0d0a0a716e41eeb59592b890cd16640b
000501	000000476704.bin	non_person/COCO_val2014_000000476704.jpg	0	e3fe029c24e9035cbdd0f2d680d4dfe4e8414e253a370cf88177b0c62c339fd2	d4faf89d9747d746db0e266f87ef90537311aad1a9a25292258f6ef702e18cf4
000502	000000165257.bin	non_person/COCO_val2014_000000165257.jpg	0	80055f43ce19fc78145bd4208097732758eacc52ccb53a4e03e6b9f00fed355b	2faf19789843c3037b9986c80d3d894e6a80c3a3c159714cae926bc9e8a79e96
000503	000000015278.bin	non_person/COCO_val2014_000000015278.jpg	0	5d7589f26304eb23ed84e15c97a98138adc969a0c1ba8f0aaa09c62dcf28c9fd	66972b3e3b3fdaedec9ddf563938927af9d741b84267ade1f8f1a8836597457d
000504	000000286994.bin	non_person/COCO_val2014_000000286994.jpg	0	32b8b08757dfc62392422d1cd4de6437ab6aeb3210caf1c4cc9d0084979ba5a9	418cc81977faa57dae2f3ef8110c85fbec1c1c4cd3af0544639417584f25ec9f
000505	000000177714.bin	non_person/COCO_val2014_000000177714.jpg	0	629671bad0b947dcaebc354a355b6cde1d7bf91ff396d56527900dd1b46bd257	62360e09372efd8222406d149ebee3b744f75c1f784966a3cd34a93c8fc4cf8c
000506	000000008762.bin	non_person/COCO_val2014_000000008762.jpg	0	c0ca2ce7a87a95299e04b63c2460ec66fc66660f7f5c744c5b58e5f7bdc5a8f7	8429d677d50587d99342e21523001aeb6242d2d42520ecaa296c22cd713872bf
000507	000000251065.bin	non_person/COCO_val2014_000000251065.jpg	0	39b7b58f9215c6ce50cc3189ee02acfeda9dd9c4d11723075b5ffc813dfea66f	f4fc85370334a88a3cc3f9886613f795a8aa56a2da3f94a27fca9f293daf8ff7
000508	000000136355.bin	non_person/COCO_val2014_000000136355.jpg	0	b52307f7c25957301a939f3997e6e707cebf2602be9254c1c0c5e712c5559504	061ad7eb61b91d5bff86847fc6a7efa6f6d7360ca9e62fdd7638f04ba0a239e9
000509	000000248980.bin	non_person/COCO_val2014_000000248980.jpg	0	669c3d5e0dd53f235748c1266eac922ca986bc04813d5dc22a446bb151aaece6	313d59cf5e7236683af330a47085ba233c26c8feef41466c3c36c5f7851938e4
000510	000000580757.bin	non_person/COCO_val2014_000000580757.jpg	0	cbd7caa530794c046397416e646cbed4529060266385d9c6616c91f286909725	846b647634c1f304a97fc069a5fa10752622c947c080ca42123b67834f238260
000511	000000281179.bin	non_person/COCO_val2014_000000281179.jpg	0	49cb70db69d0df0d008d45b28b93346ab98dd368cf5e252d496b0141cd36def8	643dcea40148768b7ba03fdd74bff46b29e2db1cbc7521b2ece24b916111f161
000512	000000521540.bin	non_person/COCO_val2014_000000521540.jpg	0	58dfc3aad01a73d810e3803800b16fc68d4c98e3cc23f19d5973038a2742e9a6	72ad8d21620756f88b374d0dcf993065c493bc547f5f3c805645c7968c1cb437
000513	000000376442.bin	non_person/COCO_val2014_000000376442.jpg	0	47f72c6994715266490fcbacd28d713ddc00ba6af3e8380079e80a13a83b2e1b	8a72bb3771e889cc1c60a887662b83d3e52ba78528f46990a03a2be6a7390978
000514	000000106235.bin	non_person/COCO_val2014_000000106235.jpg	0	8e3eff6baf74b81f08b3740f15931528e2a401713bebc901caaa75cc9c082d5c	6f997019e9fdf1b6c2476ec650d8a2e6b1ba5841704cad438387ca9db90338f8
000515	000000213224.bin	non_person/COCO_val2014_000000213224.jpg	0	cfaed72e6ba28f1a157967568445f1dc5c142decc564330001c2c77082e6810f	bb481f20f12385d38a407ae7886fe8df74c59b7840158761a6617c5b1efaec91
000516	000000311295.bin	non_person/COCO_val2014_000000311295.jpg	0	80c9283ee53ad5994eb3e6890ea033fe8bfb44acd8003b99f3249b157f61a737	679a356001bc9948a7403b9f879a3421cf249403c098fab176f08139bd20790c
000517	000000127987.bin	non_person/COCO_val2014_000000127987.jpg	0	ac9be876fe42c46ac9ac170b7fa6fe0d79b934a56bb3e15ac744623c7fd516b2	925bf91372152211bbd5e7f08c470c96b5ee1a6878cfa928747fbf410b85ff16
000518	000000031269.bin	non_person/COCO_val2014_000000031269.jpg	0	f81cb916916a2fdbcfb244cc8e89d767e5bd75290d742ef006df7a323b8a3d19	eafc358b83f48943f1c8f5be68d7ebb2e1f3b96896a67c41b30f91b7cb243d96
000519	000000269196.bin	non_person/COCO_val2014_000000269196.jpg	0	c9c465f22ac3980517ebf4ce6e103919b6ca4760e33c00ac5e7323eded719607	11ebae9793084c1cb322951207403b2ce87fb3ff7159a4520bc891af7ff6e645
000520	000000429281.bin	non_person/COCO_val2014_000000429281.jpg	0	3573210b6c9d6506269ebfc17069035df39d9b90b89ac940860931da6f05fa8d	c329b8fc9c9a680642143e68f6382fbc8153a4f6b0d895e64f77b83d00187e22
000521	000000215245.bin	non_person/COCO_val2014_000000215245.jpg	0	48a93ee809272dda19a0fc25f6fd3c76a421fa16c81f3743f098efe9ad9cf2fa	f76bdff0b2dff4789cf14fa9a829a5b5f1e0cdba74ec029baad0aad7a4632d89
000522	000000471991.bin	non_person/COCO_val2014_000000471991.jpg	0	7f83510cd26c596df79d4d376154e230905ae511276c8cf9ded7653410d000e0	daac662b24ccf7f18bb640babf0c39b5e38597dbf726ae9733ac1c113fa9b8b9
000523	000000063602.bin	non_person/COCO_val2014_000000063602.jpg	0	2b05bf3403ac857599627f8bb787162360e8d3ae511d6a6bb27363426a67c3c0	d3b36c615114fbe40e387e0961a0c11f996ff8fb427e98f4812ff4f7eb1e1fdd
000524	000000300659.bin	non_person/COCO_val2014_000000300659.jpg	0	9e560b8a9efadaf93fb62df59c627ff30141bfdbd1d59ece132647200236cdc8	8f51098287a4f4e982ccabef789da862b5b00ed50121cee450ef71590b7ed241
000525	000000287545.bin	non_person/COCO_val2014_000000287545.jpg	0	bba4a6dbbe0db32a2eef665d99065e0df633e5a752138585eb75facec673b64d	4a2ea9074d30848c578daeee38936b74011f467bf34102b4b803ecdef71bb966
000526	000000263594.bin	non_person/COCO_val2014_000000263594.jpg	0	e67d57f69bb730b84fdde9d0a0bd2c4dbc6d1f82f7b8ce3e621a3d21e4f34166	904bd7908279e42173405a94ade0e17639786f93ffd117deb0bfb56172055dff
000527	000000033114.bin	non_person/COCO_val2014_000000033114.jpg	0	e9faeddd6ef17ba4e8effb60d29e305597e932659a938644b13dc9f0c0b374a0	26d6262af35dba986afbca08f5e9b31ecd845c2ed813adec3908f44a5834d7f2
000528	000000010977.bin	non_person/COCO_val2014_000000010977.jpg	0	36fe0f2593c3937fe761440231b2b9001bb247b7ba7dd59e22d2c2622e60f89d	c8755e9e269fa5ef9e274e37c78fa09ccd38e83c61c3c79f2acd08f1ce4219e3
000529	000000078266.bin	non_person/COCO_val2014_000000078266.jpg	0	fbeb8ec7d7a5addc9bc7e1512b9763b8751219b98ac34bed824c3b259c0825d6	f21d7eb1b820d6f01b166b603ae726397dab6266d911f286b362b732bfb97bf9
000530	000000137576.bin	non_person/COCO_val2014_000000137576.jpg	0	f4cefb0a9d8ef7b4852332acac5eaf7b00a888c4fbcb0b4204d69b55ee40394b	85e1222ef1490a47d7cd771d1f6185c9dca861ebbc520573cdf0f1c8cc58e564
000531	000000203317.bin	non_person/COCO_val2014_000000203317.jpg	0	caaa318e40b9e63b35c7acb24ed66c064b784cd95c0ad544a63627c7090904cf	b1a05f275217000046ab9d2fb5b554e050aea1e89af472d099a60c20dc10734b
000532	000000555412.bin	non_person/COCO_val2014_000000555412.jpg	0	5c9e2a618128c7492b37670dd1612e745887a7de95f8b6dab0328219e0dfd182	2c07470788297def6b8287ba668de79ebcb690ae72ddd89a81966c24cb0df009
000533	000000454750.bin	non_person/COCO_val2014_000000454750.jpg	0	b7fdfeee4f65d678ae652b5a2dfe917984fa2dc63bf029616f86a9a779740323	b62c9c62358689beb7a7db0f323b5c787bf62bc4293ac3ca3e79b39742032b0c
000534	000000227686.bin	non_person/COCO_val2014_000000227686.jpg	0	da3a32d6725b810d1eba1e585ff43bcd9a4216e1b8dbbe61e9d6e94e7610a88d	fc578b403362a5cdf6c85440dd4843025f9376f55d575d009b83bd52cad8afb5
000535	000000525322.bin	non_person/COCO_val2014_000000525322.jpg	0	c71b94637992aedb41f08b071f937d2a6b3f04273f870f225d90954fc6cd3b67	39a08ac97a995a1942c0bbd4899f64a4d9a06d6cbeb4e70fbf6126cf1d309789
000536	000000227187.bin	non_person/COCO_val2014_000000227187.jpg	0	fd97025dfa2e9d1730a9ccf56b5a33adf1af7980d3c82e93b946de59a7d79b41	206962bf8cdea570141cbaa39dbc946c915cc1c17d4b17aa37fe6afee94e985e
000537	000000236784.bin	non_person/COCO_val2014_000000236784.jpg	0	a97f3804600d86123fce75b6a8342aa3d8172e137ca2e216fbe3139267e688a1	951a1aa607d59462b69ecd3a61eae2e9c36ddc735bb79a5130758ba59ca4e7d6
000538	000000021503.bin	non_person/COCO_val2014_000000021503.jpg	0	9d9d99fc870305380f048d4f25d5f57dfb97f75dd8513f281a7c6ee7c18821e8	df5145a9da9f2b00eb4b07550cd1994fb2c1d2f0969b8f7fa91c4270d615ccdc
000539	000000485802.bin	non_person/COCO_val2014_000000485802.jpg	0	192ae79ba0fb497f19fd86bb5006c7f0fe506ebd866f9acfbb0ac271030b8dd0	dad57fcac15e8fb345b2473f62a2c921d208a874f5c40820263ac1906dce5018
000540	000000189310.bin	non_person/COCO_val2014_000000189310.jpg	0	0f676337007e9861aeb35ed35228c25452273300e8e3143dc2c0fdaa50be3ba9	b35cf3667e9a5ac91326957d6e41161695fed5c7c63221fd9a912742e5305d94
000541	000000389381.bin	non_person/COCO_val2014_000000389381.jpg	0	3ceafbe12d9754810d8947df08b9d84b36e127485e06d3676e6aed480e788f73	649dfbee15ee288420ea666bfa4ec673832a861f7ab04eec96c33624fa2b3d15
000542	000000125062.bin	non_person/COCO_val2014_000000125062.jpg	0	a64c29d7a1477125d36afe83cdef0a4b42ba603c20cca78251e4360179badf93	10d8e102b5364125eb647dc79e16a0eec1759e1f06aab3373f2942d35b674dd5
000543	000000300842.bin	non_person/COCO_val2014_000000300842.jpg	0	a2b39b988b4f45964f548f7f71699ff43f2dc66c04dc152e3aee9d0de6211f96	00b7919a1176f486a309d916fdb4c592d92c7ecc485beb518f2e9d32262477d5
000544	000000521282.bin	non_person/COCO_val2014_000000521282.jpg	0	929afaf21147e2bca62b362560efb660b948bf19c7664d138c75d464395c6c8b	53684d22e8449030b0b86b1dc7800bf548dbea851d5dd109329b348584c852e9
000545	000000578922.bin	non_person/COCO_val2014_000000578922.jpg	0	b818802f603eedb54b21c72582845d3a5721fcbcbebcafd0fa4e2dda7e02e82c	916411aad0a5169f6fbe7785250a72644055647b23caf735d66b17bff5f288e2
000546	000000283113.bin	non_person/COCO_val2014_000000283113.jpg	0	984f8202ba732429450d39e76ccb83d736310a4e7e0636821773394f1749f0ba	2836921d3445a592612e5646f3b1d46713fc0ef1887997550fb9aa5f6854ae05
000547	000000278353.bin	non_person/COCO_val2014_000000278353.jpg	0	470b53ab439fe49a14d572ce6c8145a2f23fa41d827ed426e30f47cdf2c561be	653bc984697eaf2d5a1d803cbcd4d2e2533a72c47258b9ec091a8a0173dc5011
000548	000000034873.bin	non_person/COCO_val2014_000000034873.jpg	0	5e497e0e2247e9a487d80d47a4336e376781489eca07dc751d45db23366858ab	018608c87bbf4196ef0ee53b07ea22763f37192fa6c802cbb849a123ca530dfe
000549	000000088432.bin	non_person/COCO_val2014_000000088432.jpg	0	0c23350016798f9fa4fd6fc9ba37b640b6ba8111639da77acd03102aa0931620	7d4b4079c53b69f6825fbd35b98dde331c997571686c76d59ee3af331a05941c
000550	000000217614.bin	non_person/COCO_val2014_000000217614.jpg	0	1142b65f1fe15d17e8afcfa191f3f6d1b99f7f5022ed8cd8afb67eb414a2ae08	c59717f7c93112b1d5153a211df1b6fd6b5d53a983a0eba8f0a557e4fa945dda
000551	000000078959.bin	non_person/COCO_val2014_000000078959.jpg	0	81684004ed5717bedcdc03e92a4ebf2275e437de37e4ce8093a5b75290130ac6	2015bce7032c41857dcd37674f0509aed2bcb696f9b261748c3d7b20f9e6f497
000552	000000187271.bin	non_person/COCO_val2014_000000187271.jpg	0	5f2ecbf139314fcbc7f5648142b89eefecf8ee575477aaf35fc275a3b42377a6	3d04314f36d7ad3fd68bb7cd1afe71fe5aa95ec66142201d8c5f68b2ea14a681
000553	000000547816.bin	non_person/COCO_val2014_000000547816.jpg	0	8e6570301f312c75652e754105e52f1a191ea9911b2061f57d2fd45b61de97ab	b5e3e1e669d9c48d4892fe939993f1fa5253787e7765b5ad495df4271d47b2f7
000554	000000172547.bin	non_person/COCO_val2014_000000172547.jpg	0	ae0d498d6352076e74a48b2cb903085dbe1dcb2558693c5e89f7fa1f4768cf17	6ad6a4c635471276d8672bdd417075a7f5a32fa2705f2712577e7373db211807
000555	000000402433.bin	non_person/COCO_val2014_000000402433.jpg	0	13efce1462fde099f1e160f23dba951e519f0c197b1163f06c2d08a58d482a60	801389a049a55bc40f26da1b0f74736ef2f2031ab991974f47ad74c4b9e90f9f
000556	000000361268.bin	non_person/COCO_val2014_000000361268.jpg	0	7de51df4119e3adaa5687cd27c493947aab6b43f40e46ccacbebc4fc92b404fc	176ec4b8b36fe67f7947e185d397830ab9f57b52b8a6926979b8a15d30019dfe
000557	000000487583.bin	non_person/COCO_val2014_000000487583.jpg	0	5862d53ba2808b7d2b4f38ff58f0b81dcff4e1117e16c38517f7e3d44ee25153	8bf08b497c7402fbd15cc3696dc7044ecf587f7b3c7618867d5e688641312d79
000558	000000181859.bin	non_person/COCO_val2014_000000181859.jpg	0	ee0541207381650ecb3c4c19e502cb4469677a072ec17f7af81250c68e4858ae	dd7b95af7bed72f26736e3b09c12d1994873c11a8ee6faa8ef21f9d7307a432e
000559	000000176446.bin	non_person/COCO_val2014_000000176446.jpg	0	08fe821fdbeb22525bcc3d2f75418628807a94bd9975585afb8ce319f47b0bba	58b0af7849cfe4929f0b3921fe597a01dedd36ed5be9f36543efb0c91f1afa59
000560	000000166521.bin	non_person/COCO_val2014_000000166521.jpg	0	52750257c86c0978f38c9d8b256f892d0cf7f373f2eb5be9c39ca88a275c0a5e	68c0b07022ff926b2e6ad548ef49504307cc2736a823f899443e5987fc232ea3
000561	000000348708.bin	non_person/COCO_val2014_000000348708.jpg	0	709eb0e274de1b6710a2a78c4ff78000b852f2b5255b76fd26b797e20eecbdd6	5a3c70d8edace2c67e50d50c13e0a9d997a77b6f18b026df105ca792c55d34ef
000562	000000502136.bin	non_person/COCO_val2014_000000502136.jpg	0	37636941edc3df9a72e4e4bf6391459e883797513050ad05331c26cd11b31c80	9ad99e3fbb74597c3dbfda8acf324c4683e1447b12713654879aa38c3c1d48b8
000563	000000314034.bin	non_person/COCO_val2014_000000314034.jpg	0	9624bfcffedd0d620982378f2afccc196fb3120a26163e2a15964e9de844187f	8489f308280ef9aadca241a309f8627dcbbeaf33006b4722829fd48fcb8ba4d5
000564	000000369771.bin	non_person/COCO_val2014_000000369771.jpg	0	f6967a2969634c9b6c0e172d9e3413e9a6b03de43ad03247e084381a9333c525	26b070c51423788eca091189f62319fcaa33594aa3ac6a54a88124c7ec627f4e
000565	000000557501.bin	non_person/COCO_val2014_000000557501.jpg	0	3e5d92ccfdb4d2436d0c9e8b6c775eb2e081eb9cd7835809a3664c76e19fddd6	44b47b9c47057a30cbbc0b871e9f8aed13ee0c4de83c1190efc48434823b9ebd
000566	000000127517.bin	non_person/COCO_val2014_000000127517.jpg	0	ee5a89d9e2bdfa06f630752537bb58cd2745c3ea5342fc93cf92ab3b19799185	4dd2cd7e141db08f5e24f16cd191e44671c64d15aaa71238b7aa06507d76d7a2
000567	000000452084.bin	non_person/COCO_val2014_000000452084.jpg	0	b4e6a9f33f4f8375fc89026295f9fae4ef31bebe7703de8d2b9d361c4bd5759d	5a57def3fef53c111f9c089c7d9017673c9700c10d31ab00ba76d562b1c4e9dd
000568	000000340175.bin	non_person/COCO_val2014_000000340175.jpg	0	092bf6e69c062cb59c816b9158bcafbb3c47baf80f80ac455ad7a5aab3803f38	f7208e26e1244ce9641c42349c4430914c2cddb9062208566be1a5dceeac8db6
000569	000000356347.bin	non_person/COCO_val2014_000000356347.jpg	0	046a06135e11e16d4569cbbc1a40ec03e7df8ccab9b01544e04e2ae4cfb5a26f	f08243d4bebab7c4ece0cea9dcfe494b6c87e716ac6acfbaedda055b85fb1ea0
000570	000000456394.bin	non_person/COCO_val2014_000000456394.jpg	0	5c7b114d9273029858602e713d7a1fb66b0507c2464f27517bce5250dceb039f	7d2fd7791619da1998fb5fe3451f6c1eaa90ec237d9bb4f152a276bbf929e487
000571	000000076731.bin	non_person/COCO_val2014_000000076731.jpg	0	339575e86d4dfb3ab3d5d475251a8e4d19d3a3db5c478be7713e697126a03e3c	4304f7a387c12a8a9503f188468a4aa5cadcdd2d00cfe5d462d6440f6e719ce8
000572	000000263463.bin	non_person/COCO_val2014_000000263463.jpg	0	4293be226313372257e70c9bffcaddb3e62c35ce2ef48a00060760e99feacef2	2f5a1e8936c38059557dcaef98d21a70c69d0b4095ad6d8f2f5e59fc9e79f5bd
000573	000000090108.bin	non_person/COCO_val2014_000000090108.jpg	0	4f9b764c97eeb380a6bcbcb08154a1faa1fe901002dda24650b59e6185f2e390	1d7c8f3e8f890721dac1d77ff0358195176b8a8d2316b2458ab51c788683b7cd
000574	000000168330.bin	non_person/COCO_val2014_000000168330.jpg	0	de1b3f563e67c0bcda46318f6a8bd4529565d12e0ae863e110c90c528ad8cb84	02deb23b207831a8a1c022be02cee6296d2d88d7a9bdfb86382fb347dfb1efb6
000575	000000022969.bin	non_person/COCO_val2014_000000022969.jpg	0	d116f674fee375c77a223cd1960fb1119382b11b061bbeab69818ab338d4d2a6	8d26b778fb792170199b325a7ebcb15e760382178b2df5ba653b1366fbe5e8fc
000576	000000314294.bin	non_person/COCO_val2014_000000314294.jpg	0	36ffd7bf8c647616917284022201415cedb65dc5a5edaf0a23966dd16b3f38e8	3ad69919ce9bf19dc9e97f5c1596cab30e325af8e03b850ce53662743a63e11b
000577	000000491497.bin	non_person/COCO_val2014_000000491497.jpg	0	c8fbca1a605538b2c51065a15847f2470b29603ded779a7c0911463ab53a0a32	8847eff26aa9114937bb7df18889560a8cccdc846b2b2e33c831b2ff39d9d719
000578	000000102644.bin	non_person/COCO_val2014_000000102644.jpg	0	6ec6598ca8bb99776d5639620ce156cb6e5f50eecf7adc79b23f17457d1cd68e	3037b03d1edb3f7913fdc4b94a3de538f2da403c4c6b69516f7b30a4deee9536
000579	000000269314.bin	non_person/COCO_val2014_000000269314.jpg	0	a2a1f3a7b8c73941c0689118494402f87dd86f51dc58f2e85ee7687e456ad733	59e609cbe440d1ba5bffc5e62e82298dc81477ded28fce6da6b3a385dae61c13
000580	000000218091.bin	non_person/COCO_val2014_000000218091.jpg	0	e196514822fd06bcb3e420f4c52a5d2b7dfa96f33b0c8fed5285990bae56199e	c10f2542c838346ce754b5cf0e04b3c0619470618287025a85233011b290c378
000581	000000389566.bin	non_person/COCO_val2014_000000389566.jpg	0	53c4aafee4f734ecb780e3fedeb00ccd43fd455491ee5bdefe25bdbaa0ed6b0f	d9649f3f6bc3074045ab68419ed8e9ab20690d0ba368e3760f7e23cec64199a3
000582	000000174004.bin	non_person/COCO_val2014_000000174004.jpg	0	07a388258cf02e805bf0b846a8e4de4bb00d247bf8ee435d9cf9aef1685bdedb	952ea64d04216458fd4aaef78591e1947164e1bc752a2557948f16916fe475c6
000583	000000323151.bin	non_person/COCO_val2014_000000323151.jpg	0	48928d1bc1dfa037da88d9b51b39618498a07961436ed8170a22705214b29a7e	76536ab0daad5b770edae571f07692ff6e78580c51c692925de197ac47e1e4f4
000584	000000435081.bin	non_person/COCO_val2014_000000435081.jpg	0	f09029f2f359482abe0e1f45e187489be57a15dc5518142a240fac1aa3a23512	d59f544bd7da95bc70198152af5cf0ac14dbb456561cfb63f21c8a09877ba5fd
000585	000000088269.bin	non_person/COCO_val2014_000000088269.jpg	0	14cfab5b53c4b1e1b2205ccdd23fa82a850a3f4bbfa8323e478a5f9203572550	54fe4dad93bdf83e5f2c37f817c0ea7523f554cdf22cdb73ca96cc05ba4cc5c3
000586	000000217957.bin	non_person/COCO_val2014_000000217957.jpg	0	b1d1e16c47732e4f0d3106a61aecfc08492994605b27e394934258b3db649007	02877b9804ec0f2fa1aa24c4985c44c4a69bf674af65174d9dd581ce9d56841d
000587	000000104572.bin	non_person/COCO_val2014_000000104572.jpg	0	62bc6f60bdff16ed1da0cda298ae3974f328dd986ecc78c7e70302a2ee89f848	04d745a58c4c2d6128c1d68e53c2426a65b5343413c5e90a809e824d941d3226
000588	000000113403.bin	non_person/COCO_val2014_000000113403.jpg	0	adc78dafe310bf2b31c425deee0b39fe3de6fef9cd3336a3bb778b1b529a4177	7c21c53aca964003e2de8f407561fcdf785813047a9ff6b2b52aac8ea9ce0277
000589	000000536947.bin	non_person/COCO_val2014_000000536947.jpg	0	269c42fc81ebe2edd64c8473df21e86d0226cbe61f6d6e297dadbec649ddde10	8c31e63630ca34b24fd4a6c26a9ae728f4ced06b8b4614f5d872148a329b8e6d
000590	000000203488.bin	non_person/COCO_val2014_000000203488.jpg	0	b7d406c86cd22098e0fa162149cab9c304c8c2e73aba0ff05b4f7f89eea61f8f	b6d4879762afec040596ced4edad5ff81530d1009a7d23ab34a45a727cd21cab
000591	000000347693.bin	non_person/COCO_val2014_000000347693.jpg	0	a948a2e36d3f743175338a6821d35e2971bd6efca62b1b7cd7cd7427258c199f	d0ea1bdca09d3ad2f705c4e460e0815611df29743431c8d4e0837d6a1daee630
000592	000000291490.bin	non_person/COCO_val2014_000000291490.jpg	0	469a2da82af53e4247ad456b0df84a67367583ed997248d43f2e76f282ee374b	b9443ee2ead219f3f63ed190ffd6df5257d4328c31fac499542af0857314478e
000593	000000173004.bin	non_person/COCO_val2014_000000173004.jpg	0	19d087a5233f7e45f4d1da7604f35348904345abb5994f2b5159238ce07030c0	4f42c3de9019f66d986b0eaea14abcd5c25510490a1534e567b184cdda011a07
000594	000000519491.bin	non_person/COCO_val2014_000000519491.jpg	0	fe743acfea11f7071b2cc684ca11370eb43f35029057d1742b50330799736973	bdc6d9981407b674e79783ac2345aa9f4790aa9d7430c48203f794eda41f1793
000595	000000473015.bin	non_person/COCO_val2014_000000473015.jpg	0	b19a2098294c1b2a227e1932df6823d648df9f7ee9cd8a31fe135706ac0afc65	86bc7219e097d0e4bd0839e95dcc123a395192521fad7fc03066a1abbd22df2d
000596	000000181796.bin	non_person/COCO_val2014_000000181796.jpg	0	c0dd6521d38a95217ab6f6b74a93f3996a819ee16464f28911ecc5fcc97671dd	e0688ffb7118ad9648dae489a6adfca63a47356db701cd3a147918535d9a970d
000597	000000342006.bin	non_person/COCO_val2014_000000342006.jpg	0	62cccd01c1f437ef6854b349120af02d74be3f51ec897d0cdf54700c4d475c77	cd1d8328c9b0b5049cce76decb0dae0e6fa13611a4db36ee9fc738b658f9ccaf
000598	000000295231.bin	non_person/COCO_val2014_000000295231.jpg	0	797ea6a94bbd906181ad72b743b279149902f74d7af2c0556b50da0e380b0e6a	a0ebebf033742b6081805264d6d2817837d9f432b2139522b006efc81c4f7f6c
000599	000000450488.bin	non_person/COCO_val2014_000000450488.jpg	0	15a4fb92564394b3d8939aef8971d7c2baf7e5a8f7df59306459ebb75cbb65af	2d0dfea6e7118ba2f1568af1ee915fc0fc1b78f0f9ecaca8185466fb13adea47
000600	000000571804.bin	non_person/COCO_val2014_000000571804.jpg	0	a98ad0024665b830b8bc8198adbf16e808847a20c90fdce9cab4eb1d971f4c30	cca213401788813110574efbe8965e9ef83a34d62e102ab5fdf21c236d1e3cf6
000601	000000426329.bin	non_person/COCO_val2014_000000426329.jpg	0	9d3ed8486db5e46996bdc1fe80dc22f9c17562bdca5315df7e6792d607f5b547	b81de781c72504357d2fc71405c48edabd85360ae75ee7b3b79a4dd23b7a5708
000602	000000348216.bin	non_person/COCO_val2014_000000348216.jpg	0	226702e2e6259c90fd3f8beb3d4b81ffcf1c66f0dfaa0eddd67e6b99d876b175	336f7ccfca181e11cf66b1f9e30e3d169987f7c1bac28181c53ae57ed88aa160
000603	000000176634.bin	non_person/COCO_val2014_000000176634.jpg	0	8183bbb50229eb572bf51b7436212d67d175ae5c551a7ec82179c886137db637	9f973748497ea176e3f8d1f6ea824910030c02aed6ef63c7b7739e4bf9cbfea1
000604	000000490125.bin	non_person/COCO_val2014_000000490125.jpg	0	ad0b9871c37ef847e939279d3ed2efb0c7ec6fe440bb3ec1774270478f7da6a7	1036d2217004cbd8089263d1a115a5281ea327ffad387dbe4796894bf8fdab41
000605	000000062025.bin	non_person/COCO_val2014_000000062025.jpg	0	de95599b546fa9683dc9c7c9398fd3083580693effaea947c985361330edfeab	50f2cec01e18ebc36fa8e0f0536a48e4b7fe4b26a7a9da76a205b3979cf78f0b
000606	000000500663.bin	non_person/COCO_val2014_000000500663.jpg	0	33ccc2c157061f76ee04214c17698618e3c9ecd2a82bb14c6291b72bde0f0523	d558ba4b192543a326d721cb82e2c0ca76c4ee86ab363783b69da462f7ca1ed1
000607	000000572517.bin	non_person/COCO_val2014_000000572517.jpg	0	fd028d394f237a8ec3df9222b252de09f9040c0180ead7c62a82c0cc93ff4b5c	21350ce7ec48e0c9b2ecc22fab6eb41fae43879e71324b1ce1961a69507b9999
000608	000000144798.bin	non_person/COCO_val2014_000000144798.jpg	0	f3b9d659c4a34dafe5cadae39f21def969b404bd1711155b96b6a048bfaee626	6eae485f0c35cab302400918c3a6feeed15eaf031de2af6752465ea78c9638ec
000609	000000485895.bin	non_person/COCO_val2014_000000485895.jpg	0	37690031c949ccf8de1c1af4d7a5eebdd217a97103e9790ab078849d7da7f3e3	70e20c1f2c53d3d6453d9588adc045bcd8c86747213a5e09a2cb463f1f6cfd8e
000610	000000449996.bin	non_person/COCO_val2014_000000449996.jpg	0	936f769f2734cf9c118e9ce3e2428222d91dfd1141fa168fcdb4a5c9ecba47d9	5e450eb79e69f6f996cca3343df354a34fcbbfa6b00e6f1b09c7ef48e17fab99
000611	000000033707.bin	non_person/COCO_val2014_000000033707.jpg	0	9df8829dfa084a8cc2fcae22db8bfcae078720dba55745e7e7ca5c9437642f19	4b8336a704b3915e5abc20fc9b6d84633214ad13f19f69f1beff3a7aac3a8e48
000612	000000344059.bin	non_person/COCO_val2014_000000344059.jpg	0	4eca10bca95991a7b1b700636587701205478805646029c816c8c06bc78d82dd	b5ed2d59be3b1ca59ec35136956affbf8b1f1989a6b4c7892f0a097181b070b9
000613	000000024919.bin	non_person/COCO_val2014_000000024919.jpg	0	4d2c1db23077d595be062150ec1e67566b8a42c7911cf31ea7b8b6edd1468425	42c21c6fffbc178cd1713eca2051395603e286887985848f1cc05b8094137120
000614	000000293044.bin	non_person/COCO_val2014_000000293044.jpg	0	5b862bc32971a4e47c10c4bc2dc7b6ff1a3f590484fc32ec935e9d19d85ef0e7	287b64c45a7fc1a12a81cc5098602cb9e7c3e3bd66873a8d4313c861d82a530b
000615	000000509735.bin	non_person/COCO_val2014_000000509735.jpg	0	b7f090ecf06507b525054402c41b3fff80ebb05cbaaff92d16bb0afa288bf415	d9cc3c903d026aeba5df14d4bf623be9616ee6c4762329f225cb0a5267264bf8
000616	000000501523.bin	non_person/COCO_val2014_000000501523.jpg	0	3a34225d3a4fd97eee0c607418653be67d20d9d60193d027da0c7aa4f6bacfb3	4309403a2a11d644b4efff0f8a5ef4eff93b1483c68d3efc1ebaeacb4ccd0a8c
000617	000000029596.bin	non_person/COCO_val2014_000000029596.jpg	0	ef5fd3caae5e0d5127cdd71dee4baf2b1516446a7b564e5f8efb79c70891d90f	06de91ca349e38eec83e2b071463359469bd8d700012be3e6d35a0db902e8db3
000618	000000131273.bin	non_person/COCO_val2014_000000131273.jpg	0	26ba595bfb60c51db2ff29fbd3e2be33e190b5e1267e2dc8eb2121a393250cf2	ba1c9a02c35f8f035c0dde054b728c379d791b0a747b2ab739127bc090dd4723
000619	000000015079.bin	non_person/COCO_val2014_000000015079.jpg	0	8275d7c5d0fa0426b02c9eadb2474890639674048eb6b7ea941b0075c680d12b	1e35d85c8db043de61f2e84dea6867dacf7a28c77bb29ecf6debc4c86e33d554
000620	000000555705.bin	non_person/COCO_val2014_000000555705.jpg	0	1d470b8cfd02385736f253414767156411eccab7ee0db7ecc7aeae4f43960d2b	5aec42bdbfccc5b431783c0e66fa60fa6833fc5f3a80b4723a3353feb6b1559a
000621	000000382088.bin	non_person/COCO_val2014_000000382088.jpg	0	df6b4e4a260735145e66db0f7112d00a2753d2dead731ef0369ae5a7e1890842	10907643f1ba80b7a506f1fd4e831105e2481da1cb2332cb360ffc1d6e5cc535
000622	000000056127.bin	non_person/COCO_val2014_000000056127.jpg	0	06fac45d8c3488f0c34ba220e73b184412d1c9f144b87c0bc44ee46844d60565	481aa6e703db543d511332ccf6cc6a59b06889f2e6fae5fc4f0cdfe0c911fb77
000623	000000053994.bin	non_person/COCO_val2014_000000053994.jpg	0	60750f29f41f859480e8d3cc3799fd8decdd50a571660a3199b8f24fc749fb9b	ec280954ec940b9ecee6104ddf8353c698a9dfc6c17f9f72dc7bd40f23f4eaf2
000624	000000135673.bin	non_person/COCO_val2014_000000135673.jpg	0	f8de957b31660fb7cfdbbae3aa2a92b6d1673529754834860378a9b7249e12bb	ba40bcc25a699cc82d71938fcd180399414f1841cbfdef51e41356364065d685
000625	000000370042.bin	non_person/COCO_val2014_000000370042.jpg	0	74cdaebbbcce2b9e28662dbcba74ad43b27ef56a7c35ed25a25db0236850c865	203755e71b841c4a14529c9e9b491580fe73da85e3598b9d6c3b1b84bf1f6e3d
000626	000000135561.bin	non_person/COCO_val2014_000000135561.jpg	0	54842eec7e32ce49791a392052bf74dd67d2455b2a42dcac67d5f2814e84c83c	afb977d13eb4c479e89fda256e807f47bab3c9ae165dc67b80ba7a59bd5d3c29
000627	000000102707.bin	non_person/COCO_val2014_000000102707.jpg	0	ef9c8632e2a0a92f9d36f8132cfb6732dd2e483ad4c02ef48f230a75fc5e4cbc	371a377610e8409ed0316f73c0d6a00b957f4fab6fc94dc86d533d6b2af9c1fb
000628	000000521052.bin	non_person/COCO_val2014_000000521052.jpg	0	6ebf728c0328fa6649f02347f30f8bc84649f2150706bb3ffb213081b24ce6db	dea77a03b9a73cc51721c7480fd39e3e7d33f867e68e22339819f3da453373d8
000629	000000375015.bin	non_person/COCO_val2014_000000375015.jpg	0	ceb952772bdf19b4bb12e510b497b9a9074dbe350f87c4972a9b6a61401f5a2b	21936c2e8671d86514534475596469796eae7b70fe51a959c572bc67b8177d0a
000630	000000366611.bin	non_person/COCO_val2014_000000366611.jpg	0	541ac0570c63367facd94bde2bc627469ffa1e5a968c85824d8b331ee000d121	c66123753f6af48c9ee5965c1eba8a4bce343031655c7668257b06b079b0fd3e
000631	000000011813.bin	non_person/COCO_val2014_000000011813.jpg	0	07898a3e2b3df47f563bf1170d7b4fd28dae831887e1290da3113c64c5d4818b	20629f418831c90a12792650e8416ed475000e8d702a7c09ba2ac04c8d72a7bc
000632	000000138492.bin	non_person/COCO_val2014_000000138492.jpg	0	b335812c507681c30b93f25ed28c2294f9de1fa297f2d5be954309ac31b93cac	03ce6badd9801773ec9c582272883837cdcaaaa1cf52285f4759d32e51f38321
000633	000000227765.bin	non_person/COCO_val2014_000000227765.jpg	0	994e70590ea407d5b15e61a1f465058255338704dc851d67019cffea0baf182c	97939de5ce536ba9dd0d09a0af40ba47ab2e900fcf4477245b4a6912e3caf676
000634	000000366141.bin	non_person/COCO_val2014_000000366141.jpg	0	6f35f225aaa9fbb991ec161fb39a47949b730cf35215abfeae1fbafd97d47bbb	35156e10adeccbbbac77b345a13487ee7bced25a5e613a67f30737e90983cd40
000635	000000178028.bin	non_person/COCO_val2014_000000178028.jpg	0	dc607603cf4f70b7f4eb957712a1938104cafe13453a4d54a9a5208160956055	ada322538dba642d4866f2d2e224bfa7c8df804c1c8974d6eb344b43ba6439f6
000636	000000465675.bin	non_person/COCO_val2014_000000465675.jpg	0	0f99a180458bc8eff69ffa29f26d7e34d5b2011d91231ce4c36968e502ce0450	98cbc372bfc16d9a3608774f03c07bda1ec6a39c32f532a11099ffab3fee6122
000637	000000101420.bin	non_person/COCO_val2014_000000101420.jpg	0	c8f2aafcc0dfa387c97ca1e149f2f5c5df299bf3e17e935115ab729908a6c267	55fa3d2a6eeae5882a6bfa3f06a259c8ebe284423023f4b9efc70b075de69eb4
000638	000000131431.bin	non_person/COCO_val2014_000000131431.jpg	0	eac1fd727692680bb50b9faf540ce52b7730b751b53fbba94ac52a22df6aa683	96bace864ff89eed80f014551b4472d22b9e69289c1e215cca3a15fd08621d84
000639	000000075456.bin	non_person/COCO_val2014_000000075456.jpg	0	66ce8605060776e2f1ba22ded16357d8b77d5b5a0bc2a49bad05c69526082627	d6162c35964a463db6ed642c9f6f61c82a88b2053df9e564e16896533254fd48
000640	000000544565.bin	non_person/COCO_val2014_000000544565.jpg	0	dc0eca271b8d189ba5766cf8a562141368e547df3a5ef1aabdc39d20c57d0bfe	f4d7cadfc6aa148831edd4d1f44cd8323e925ad4145adb37ce819f2ad79c975e
000641	000000339870.bin	non_person/COCO_val2014_000000339870.jpg	0	7a8403aef39720eb1fdfa178cd361ecee60714f0afef67d7c438f57183eb684c	aadc15e852e4d3411135865d7d9ffbe54bfd627067e8b84ed7b3bcafaf91d181
000642	000000089670.bin	non_person/COCO_val2014_000000089670.jpg	0	9bb1616a168736a403e7917b42a772e3ba432be5cc8757775dcb1d9a5b5961ab	0bec29456967ad2d55e91d31c7de83af80d80ff449034eff555621a5e594655b
000643	000000369751.bin	non_person/COCO_val2014_000000369751.jpg	0	9b8cacd2fda1cdaf9a745dc1ea161f610f798a68a5a3c6ccd9a50a30ff020568	424f92cf1a0c5bed71ea10c9f035ba772191f73d0c666f0d40ca93e85775e3f6
000644	000000579158.bin	non_person/COCO_val2014_000000579158.jpg	0	cdfe34ff0d2aad724fd981aa5ebc5dbef6d5a4942eebdb5d62f0999124ef2eb0	224f307e407cc6575aaa2b922022f8cc6449ce1a8440124f35ebe9d624dc4311
000645	000000403817.bin	non_person/COCO_val2014_000000403817.jpg	0	de3feadbe9a7cce3f9c83e5d0191b856fd323de3ab46c185dfff3e5fc30a9a0d	1800b0ef58fbbbc82d91b84bac47417c93856930dfa94b4813c7d2ba4372ecdf
000646	000000126592.bin	non_person/COCO_val2014_000000126592.jpg	0	eb1b47b499cb65ef1beac80b911e6c2bca879cb577ef66fca7e9fb0ed264344a	a9f87fc8fe48d8b82960a9a4c35dc5ccf68f70db587226ab3769ac9ac5e2963f
000647	000000429598.bin	non_person/COCO_val2014_000000429598.jpg	0	75e03ce43014ff355c4f2233279a69667ee43b2aa6e9de3f4ac6ff836e9300d6	69b888dd5ad03fc368b03d1df034d369fa408c0bd5b64374627e31dca5be2e3a
000648	000000018575.bin	non_person/COCO_val2014_000000018575.jpg	0	dfa25f758a0a0c2f65c74a78e818b7fc48302324260007c3065ea6d34e813559	d03a6d710222d8bf1c4566c1fe2abeca00377b585e55b6e1f095e870d6529719
000649	000000561366.bin	non_person/COCO_val2014_000000561366.jpg	0	45072cd13413b2c354eca0058a4861678325b23f0f9ff42eb3d06c4beb83ba3e	55334f0c32063a5981dcf06b6e2f033e40623d5a2afc5961869d1ef9c3a7317c
000650	000000111951.bin	non_person/COCO_val2014_000000111951.jpg	0	6a7fa36f8754f25aaa63703a2129c07ef4ad504d401e37d9dd9a0af344810dbb	0ea7d64789061e9eccd80888d4b6d0a8472e3d1d6aff664611a23536d195d7d2
000651	000000331352.bin	non_person/COCO_val2014_000000331352.jpg	0	77d5909621a0d98ecd64ff296a247962acd1f1c866d227657fc3cfca1d3aa2b3	b04e6d78a184394db9e9cece7d2f06301d2ff737a47a30c310763120ebd379c3
000652	000000564133.bin	non_person/COCO_val2014_000000564133.jpg	0	5cb48d93ab1a1bbe62a6cda6e9d6a73c35f673c98c43549d74ea987e994a75b5	d19d821d44c4b234bee0748cf09c63f49ff976a4b7a178400ccedcb7fdc2048c
000653	000000061171.bin	non_person/COCO_val2014_000000061171.jpg	0	31069f420594872bfa0f1839d29525ba2fc8f80542becd7404ac82abdcb26f9e	797175af1abcf8491a071e70a92007e459dbb2d08f88d7361ee4f3c5f37a3863
000654	000000581615.bin	non_person/COCO_val2014_000000581615.jpg	0	aa6e8145178bc8034b283021c897f805607c6dd4c0017950a31ccb452d7d52f1	4683f0c57de15dcb73284b3dedf5a03fa55ceb7562639ce9f448424ff9dde6a4
000655	000000079144.bin	non_person/COCO_val2014_000000079144.jpg	0	0944d6d0457b84ccd89380e441d3a0fcfebe7dddd51c69a20cb0d815aed66b5c	e661c542812f152257d6fee418a0a84146e946b4993c2dcab07dd1cebcc61b14
000656	000000284296.bin	non_person/COCO_val2014_000000284296.jpg	0	2e9881dadc5915d8f6573e2a39c1cfe919443f49d2d99782529f2d3efa7f6ffc	7ec4283869d0a54682cdbc10648b233d7d5e8905a77c6f4b9d052c395505b2f3
000657	000000336309.bin	non_person/COCO_val2014_000000336309.jpg	0	67d3d962820e044f9cd87fd30a02eedad4906d60aa6c2ae5e9b59a016982ad42	34a235ec7fc17ec8a28e1d73f579bdbe261228318b07598c8f0a631dc6ac870b
000658	000000279887.bin	non_person/COCO_val2014_000000279887.jpg	0	45706b3fc9a8788adb59eb96c31d8ae3a2edd767bec31195c9b35840254d00fe	02e23d8fc0317248e2aa5395aeb27c80cf1e17683b46a8155db542434e8c7c37
000659	000000191471.bin	non_person/COCO_val2014_000000191471.jpg	0	2f382025806c034fe88ddc19ef812b9c7fc0d83ce8385f3249c4d3a58d8b436f	6052845a9982e3b4fef724d29483752f4bc8156b72c561992e411f09fc87bc27
000660	000000453584.bin	non_person/COCO_val2014_000000453584.jpg	0	c68bb0a89d873352230cd9841eea10760ff3af1abf9bf22d37f3e56de2167627	fd97fe795654d9ab520109676160980fe4c50d394dd76a30e40c661635c59938
000661	000000302165.bin	non_person/COCO_val2014_000000302165.jpg	0	1e947b32a55dad64302bcf9b65606501e64b15ea264c648c76eba38bb667969f	cfa6f9a53ef0cb9aadbbf1bb5d1ce1eaee9f5bcc633eb52432a5714cc721e07d
000662	000000142092.bin	non_person/COCO_val2014_000000142092.jpg	0	dd8b75fe508048d2cfafbcc682f258fb6148979db6ef9e6172f0d8b7803f7a68	82095cfca89ce1fb6f744623def218cd7baff2fd8c1e4ebc01f6d2dd5fcbc3a1
000663	000000286708.bin	non_person/COCO_val2014_000000286708.jpg	0	1b1be2361fc46f0039095bced0f82246ee044000d05903fc6672c458c6709474	fa25bb3481164dc3bf65c013e0e5c99221a0d41330d86e688f38dea8249f1567
000664	000000168619.bin	non_person/COCO_val2014_000000168619.jpg	0	e7bead0d4a5320ef045d0e3ad8226670abc9a998ae63bf4769579483522af4a6	6268fc7d92d5b18aa7451814fe13ab81b660cfdb1f06666d0aa621c3e78ff732
000665	000000166391.bin	non_person/COCO_val2014_000000166391.jpg	0	4a5a8c6b4641899069a668d8f1a2b706639a4ef7fcc3ff6c0e21aa8cb4591342	7a2ed8867616e7dee1409d5850d6385e0d2df6897bcbb34c487f5c6cc87ed754
000666	000000311909.bin	non_person/COCO_val2014_000000311909.jpg	0	4a1f4b2e24ea0a55d6b92c254ee6236690968285762e22494fddff2a45e0667a	52bcd222a2cd68f250aa86303b2cac005b8b4ecb5bebbe57210cc57c731132aa
000667	000000550322.bin	non_person/COCO_val2014_000000550322.jpg	0	5f5ff8cd4b50d4aefb59aacfc1e02546ffe46308706e51dbe4e77b8b105ba52a	9b17120ea97a976d17b251046ceb613661989db3b85062a2ad3d0c06b688569e
000668	000000205834.bin	non_person/COCO_val2014_000000205834.jpg	0	8f5983158068a4eed357046ed80819c07557a350042f1129b777086054a08807	70aa1dba417629ffdee4ab5d0d852df37b812e08492737baa2982585be4f7dc0
000669	000000110211.bin	non_person/COCO_val2014_000000110211.jpg	0	a9fda69e833f474ba8f30a495ae92db565713c60109aa56c89d8e3d1b3407171	c67955ecb587110cb6881fdad415376c65220d9aac300ba97797bbce5ca26f1f
000670	000000533206.bin	non_person/COCO_val2014_000000533206.jpg	0	1aa662b619753471e5288797d159008220a79fafa528f5748cbbb8e7b5e1d150	c9027e17bdb10af75ad7c70d0e908fe4bf554cd7ca47f4f70725233c5349accd
000671	000000579893.bin	non_person/COCO_val2014_000000579893.jpg	0	cf27069319df5036fc9af854088a3e447c3bdf79bab8d342acfb01ef7ecd9a5b	4d3762241c6190bb2d2244a85b56a7da5a0d905666789c8da76acfbf6d4e91e3
000672	000000240754.bin	non_person/COCO_val2014_000000240754.jpg	0	bb18f8b6d2294ae8d44e149e2d9e7518dd07fca57a4e42fba689382b40a851d0	d54a9af73298644fdd42fd020d7f6badd59cac1a38d7c81f9b018bfe1e75ef93
000673	000000091779.bin	non_person/COCO_val2014_000000091779.jpg	0	63f52931d6b4e1a80a5a6f8f1a8ea8063daff0c6442129208628941604e21188	1f0d23bf36f90fc014b20399a740541aebc73f4c2a9d9862439fd3f22f4ac340
000674	000000020059.bin	non_person/COCO_val2014_000000020059.jpg	0	0429c5a0c371c546e20efdfecc62f87f1efee0d29d8966677322b2229517ab2e	2f9288a7bb143174d91ab75bbb5093d6f950c59fe212203f400ecc2f81a33bde
000675	000000365387.bin	non_person/COCO_val2014_000000365387.jpg	0	35cb17e43d9085483520a8ae04f6e542544fc4dde53665edb8d19e8a251b7be0	0708ad67bdee16d5a87fd1ab44e79882a6d389a9e1d14d99b6439a14460d251a
000676	000000523811.bin	non_person/COCO_val2014_000000523811.jpg	0	708af5dc7a3a413f0f34fdb9ed10f194dfb19a8a6a66037b43402b39ed000a64	22e9d7f00f1a7e7a352ab90e77acad240a1cd62c8706207a3f4fbffdd19dd936
000677	000000177893.bin	non_person/COCO_val2014_000000177893.jpg	0	ffb3c591d24f06a30f81b767bcd9e44086c41f582cd9dc36abebc4355a512f32	6d6d56b0b52d890ded4fb0a8849776f94b293fa82eb2dcf196eceaae8aefd16b
000678	000000058636.bin	non_person/COCO_val2014_000000058636.jpg	0	3fff99ecb3c5ed393b6961cc5e1a50903647a8a5c1e0e94f39420b7275261005	8c39315cea794b2ae0b20bc8ff0f2b9ad47075fb45a96f4dd6f4613a92b9258c
000679	000000091654.bin	non_person/COCO_val2014_000000091654.jpg	0	581ebf14a749024383e7b66d56c095f31aff16df26b6ab9efd117784a4b44308	9c3be1ef479e930f82a5baae0301f9b9aecbefc929a3e91a78bf139c0dcecc17
000680	000000314182.bin	non_person/COCO_val2014_000000314182.jpg	0	b1bd9c54814bc711b250d3945dd1c03f5c032ac71310797fc25da855d8706d11	911d034a0611316d990bf022e747549c45160d9c26ebd1fe5f54a0544d11ff2d
000681	000000502732.bin	non_person/COCO_val2014_000000502732.jpg	0	1e32d17ca0730a1b4d33159811144c2e4ec9371380cbdebf41f35b3cde0d6ae8	af074a4596f721b72116992e86e99952e8f2db57aebf3d921e7194cbf84efd0c
000682	000000517687.bin	non_person/COCO_val2014_000000517687.jpg	0	95224c7048a4ea5238e0db8f4c60cac20bdbf1b928b4593f1aa40d2511e65a38	7e49866add0850aac30bf5021265ddec57f015100f43c6994db1259cebb2f333
000683	000000459887.bin	non_person/COCO_val2014_000000459887.jpg	0	46ef5efc751c2048c6299a239b387de27f74e18d6f4b09af90add547e79aef6a	50de6deaab7121c57bfa48aa5da8d48052deef3ca29be996cb66e0b8ed4884f9
000684	000000222455.bin	non_person/COCO_val2014_000000222455.jpg	0	86413009acfdcb230803a523382de92dd6619ea1071818f94161dd5256a8fdaa	1f8b69b1e22763c3589d7dfeb4430feb9058eedc93d74ad596b5248f0fa66e03
000685	000000013923.bin	non_person/COCO_val2014_000000013923.jpg	0	b471514a9c7efc3134618c7faf5edee86de8e42a226d8e7f2011195022dcb274	0de7cc334b20ee90c0db249afa2939c0f3666b173d93c0e5fa587de3da78d861
000686	000000045728.bin	non_person/COCO_val2014_000000045728.jpg	0	97390de99fd6bd7ac8748db9e2174e43c8b3f196013f1cf6a8d981f09a10e7ff	99422c10c4256b5342bb73b5e2a807a157ed2e358acd94ba00b7d438e0e8ecfe
000687	000000236412.bin	non_person/COCO_val2014_000000236412.jpg	0	281cbd9126dfa4c01bd93c19284e136dcc4925cb828feccc8d2feaf18cf689bd	3a4994e55f4e7e1026321580d1802598163db6ef6de848b899db03495017109f
000688	000000218362.bin	non_person/COCO_val2014_000000218362.jpg	0	209f09578d09c9e148074eae512d57343614eea5b86061847ab8b363be338523	7d56815bd85637457f2d273744f35470f5bad6e17c9326e61ce180a2ed5ba217
000689	000000356498.bin	non_person/COCO_val2014_000000356498.jpg	0	45c831de5ea5927cf647db8b57863686a1e66202000016978db23168a8a871e9	8c29014e6604e4db351f44c1e0e9708dfe42df91e587f5a5729be651fe87660a
000690	000000284282.bin	non_person/COCO_val2014_000000284282.jpg	0	9bf0067be3cd88576544a75d95cb6b6c5133a999428260da5ce202546f6df7ae	7f2f4059465b63a27ff10be5426606f48d3710e879582bd4a32c5dc75c7dac7a
000691	000000372317.bin	non_person/COCO_val2014_000000372317.jpg	0	cce7f32cba3869fb53c4c5059d5d4649075482a89dd35a55532f1f6957899528	817013587308d12e7ce1ab66fe44a037709d586f926ed4eb9700f88c4cb86af2
000692	000000564127.bin	non_person/COCO_val2014_000000564127.jpg	0	98d1827385874d3d4af03f534faafc5841b411cd9e1259b88e9194907558adc9	47609c7f91915d5bcf105e7fb152760412d6bc8e02102d4402a95c691c699844
000693	000000127955.bin	non_person/COCO_val2014_000000127955.jpg	0	af96332c145757512e3e3d93aeb9c0e9949dbe0a8c16ed3e2c64fd9a00b6808d	3c1435dfbdd552a86f066d8fc2fc0157d233bd205d63a8fdd980df81a28c6cf4
000694	000000318080.bin	non_person/COCO_val2014_000000318080.jpg	0	4b799bdaf71af40064f3c59b1154d7d750414641c1ce3c7b8fcb22ba0d71b67d	6fac702173268d9a32b5f3d4d2061367ec6eedc69ef18ff9967af478f2439676
000695	000000479099.bin	non_person/COCO_val2014_000000479099.jpg	0	6a9a4a0516711742ce77a3bd2a70c3854b30c102e1f9682e1d452f6872346864	47b424730a04c34f8dba09097f9790348fcbe953751500ce0cc2e43806ec1eca
000696	000000036844.bin	non_person/COCO_val2014_000000036844.jpg	0	97f3b6bd6535ed2a58e5c786122efccf8b1b7e0c80f37e8a21ed29ba393be38c	d9d11afff680b9f1e11d06a9c2a214b9cdcf12190c4474862ead0a3272d70414
000697	000000379842.bin	non_person/COCO_val2014_000000379842.jpg	0	411d7cb8214b8fe9c7151d75d0a8c9a788a7a1d1672dd9cb90e480f5c2f246ab	9addcd0f0d050b52523edc3c6052c81b4dfc0bdeea6cc97995e667784441e0bc
000698	000000281447.bin	non_person/COCO_val2014_000000281447.jpg	0	cea9d04a87bcec3ed37454efb5cc0806b10ff873cc21d51907ef6dad31ec0006	fbb0551f1d65c88fb8996ef38e70cdb75d148f6a9b073870913fb985de5e1205
000699	000000560011.bin	non_person/COCO_val2014_000000560011.jpg	0	50aeee7946ed9ee0918ef28f10cab8c9524b8708b2dc02302bdf6da53b57f298	03769a3c5c559dfec603f67ee37ad104ff57dbfbda1e06dc751f56b0306d2132
000700	000000460494.bin	non_person/COCO_val2014_000000460494.jpg	0	8fb3278746ad88759b332561b59eb500905f7a423fd94f832a9bc52b3fa263b8	5bb99cadb5ebfa6f5363f028017df07ea79c99d58f06fed0d086ad79dc3cdbb3
000701	000000453722.bin	non_person/COCO_val2014_000000453722.jpg	0	86b27fc1d2f8df93d6a2346bce9441db8b068674a123f9adedd7c4d8c0d9d260	14b1b328e10b4e4019300d9b4af9d9022e81dbe01a1e3839213a8a50ca1550c7
000702	000000473974.bin	non_person/COCO_val2014_000000473974.jpg	0	d39927e17380980d019ebda741295376458f042f245267cad5a3854c12274766	f20dda4622cced7c855bb6e1ed4daefa3c16f026f53fd7d27739abede8cc7177
000703	000000057238.bin	non_person/COCO_val2014_000000057238.jpg	0	3f7484078f94d9395abbbc7b4cba9a9d8c6bc699ff7f53ecd4efdf1db676f5eb	f0a40693769f7d90f67399fec182cb374207a876c6667bb37e091a8de96568a2
000704	000000042276.bin	non_person/COCO_val2014_000000042276.jpg	0	56b0625dc789dd91d396baeb0cd8f8d6a153ee5bc80fb52c432bb6b32bc94316	2dfad12c5ec4eb7e5e96790c91aac46f328bfdf3956bb665518e15332257d95e
000705	000000319935.bin	non_person/COCO_val2014_000000319935.jpg	0	017a1b09b4a140f8285ccb81528a76a92ce1202821373b6a749e91710e9c3d54	2c0a442fd9bb02266d8db4b42c86ffe5734b268c4a175bd9705439c86d7ed7c7
000706	000000379453.bin	non_person/COCO_val2014_000000379453.jpg	0	40aeb0a6c93e5c77ffd417ae5ce4a362327cea07f094402e661c2f915a9fe1fc	c01888683b8fa6ddfb6fa1dbe0974233270445cca9eb9bccbba200d8a5f49367
000707	000000211042.bin	non_person/COCO_val2014_000000211042.jpg	0	2542f21e6be74d0e60c162a4bac054489e52672daa602a1d021e6567b37fca76	d45dbdc55b8f43cc251f4cc547a20c430227455130dfc774eaeacdf5fa6af6b0
000708	000000569565.bin	non_person/COCO_val2014_000000569565.jpg	0	fd1bc605c1fec116bbf568e2260053a9d790c6597685b0907b85b5cf712ca629	3e6d9885b3bfce01bdbff83c319387b7e582aa63a007e90359262c887c05850b
000709	000000226592.bin	non_person/COCO_val2014_000000226592.jpg	0	4fa30cb91dcbd466d73898477a21500d53d65e47c417bf0b456bb9ad2f2f620e	f303b748caab63c16f47265be3f8f9f8eee77eb35877c1802e3eed879c4bbfc6
000710	000000504711.bin	non_person/COCO_val2014_000000504711.jpg	0	8cd0911b7b4999f5f2af0b3e31437d617764de7d6c4f6e472faa62285cee68e0	b393ee117ff650c0b00a29b8ed6255947f3e86fccc39650dd36243d82c176e02
000711	000000083113.bin	non_person/COCO_val2014_000000083113.jpg	0	3827712f270eed6524e8cabcb4bf64f6acbc236fb3df951727a687d18e4884bd	6be39051d0d54dcedf776b161be73adef9fe6b7ccfaedca1d8c4a2cbeab21a93
000712	000000263796.bin	non_person/COCO_val2014_000000263796.jpg	0	38c8210e600af7c81b46c37df981cd658588d32ebd69f61ba1d5a8e3122834e0	3ca2c086180885fed43b404f5d8df04d2ac945b2198c77345b253d2d30f5c35a
000713	000000221708.bin	non_person/COCO_val2014_000000221708.jpg	0	b4a1aaa3c72c9c0adc4d1cf717cd935d26f11ca9db2eb5aad25be4fc036f629d	9cb49bf8327dc72e8a8ef681c8898379e5b1e6a66b259079bfa72bef9a95cfd6
000714	000000530099.bin	non_person/COCO_val2014_000000530099.jpg	0	bfb723644258084ae08ddf9150a150bd25a05898eee6a225d5c0141d1dc61915	90ddd61140a2fbfbe0ec89850671923d5193c1b0b5d8afe18bc35fabf20935b6
000715	000000232489.bin	non_person/COCO_val2014_000000232489.jpg	0	9ad826801cc5913ce8a9fea567c90ee7e6d2805366d8f99dd852944a167b929f	6683287f1cb95673d1477f75226b805c92c5dba341adbc2fed24be2994109aab
000716	000000216739.bin	non_person/COCO_val2014_000000216739.jpg	0	c7a2cdf8b1f7f0bad633edf61aa7cd58a9700ac12ebfaabeb09e455bb9d01402	fc23cca6f92ff0863b7b1cccc29272b76f546bf9b22fc483a52ae39f68bdcf29
000717	000000087875.bin	non_person/COCO_val2014_000000087875.jpg	0	65d19be027a5ca410b992aff377d1c7b8fef78e1dccae14306a78021a9ac03a4	2f94515ab655c8b33c5f3536ab322099770218c7f67431a335a6d09ea8f38b0d
000718	000000165351.bin	non_person/COCO_val2014_000000165351.jpg	0	7bcc00e6461fa56dfeaaf8ea22b90703eaddda894327ba2ff86a07714e921670	081b3a2542709dd18c4d70318e53d58955d7fae9c492ea70f2c46f0c1cd34524
000719	000000447342.bin	non_person/COCO_val2014_000000447342.jpg	0	ea0368012821dd82322861d41d268a25a42bd090aa997b9767e7ea251ef26ec6	09d3be6b3c896e94149e985c18bd5b3f5856c18e3619d508348d51dab1108c55
000720	000000123131.bin	non_person/COCO_val2014_000000123131.jpg	0	ad624d3935499e250a97cf9107d52a275580ec33f3e74087067cede27e6f2770	7e55e1709e9fea8cf943905e1ba6fcbdceb9a4e9b4b74893738c5ec70fa9c6d8
000721	000000153343.bin	non_person/COCO_val2014_000000153343.jpg	0	9a333fd0bc8ab23dbc0076bf31a68a04b4742963727a2bdb7a534c304c6273e7	5b50f6627b1b00f60d8502def25dbc2f5c088cc1c6eda83f1bc49d89b59af7c2
000722	000000486479.bin	non_person/COCO_val2014_000000486479.jpg	0	cb3a2ab38dd1ed65f3e99e880df010bb672f1f0d57cdeb3b9e876b352e532b5a	e1cf96e8def29e45ddc6fd443a2cb7d4c962a8e3c56698bfebe81f7707580d2c
000723	000000270244.bin	non_person/COCO_val2014_000000270244.jpg	0	2f77dcf0622f7194ff8150670bad67ff28ad9ce7d283d5273895a3f951f4fa70	ae4d5b6c2d9ee0d7c2f3471f9f295b330f698a25c8de465284ccea7736a39d57
000724	000000127182.bin	non_person/COCO_val2014_000000127182.jpg	0	43c44fcfd5c4b8294fea89b43acc38cad1ea780c5902fb836ca250d12578beee	b562669e7cf9677cf43769a424c76373ed47e1b3d94f212a0657bee71a272a5a
000725	000000266206.bin	non_person/COCO_val2014_000000266206.jpg	0	58a4f1f9a8a13ec5c499d450ed963b72c8f6645b5823cd4e91b79d6416219fc6	2845ef62b8160345d6a974c388caf5380d7ae30f134515c3f515383a2224e115
000726	000000094336.bin	non_person/COCO_val2014_000000094336.jpg	0	281aceac80bec801801bb4a2697f0939925972c2cf773d980d6e0eb3254396d3	99c46a29254bcd5c4498607ce11af073f47311f6b5b07c7e3369156643bb96c4
000727	000000424721.bin	non_person/COCO_val2014_000000424721.jpg	0	0e1ad003a0d0d478a4a0ba3c88108f498101a2c39e85006eeb0688c1f4e0f1d5	6a48fb2d332cc2d9bc4df74a76e567447420b5d68128cc6424adfc6d37345cc9
000728	000000034071.bin	non_person/COCO_val2014_000000034071.jpg	0	1964b7d8a8429b5e9ea69bb831c92dc6c94cdf5632506dbe39ce24615e4f560f	f835d018884fe0fad2c750d99fdb28186e30d6969905ef1ca6eceddf9512dafd
000729	000000297343.bin	non_person/COCO_val2014_000000297343.jpg	0	55ba3191a868b6cf0e485fff0c0213113f8d973d7487a8ec7b7415fe4049e29d	9d46a37d4d48e763b578b432dc08cb190aeafd35e0ad18e741de4e4c0cb290e3
000730	000000036861.bin	non_person/COCO_val2014_000000036861.jpg	0	f2bc358d2ed773ad1f2bf9fbf06964bc42bbc176d2f14d140f8e437eb8c8212b	0f60bcad9933d2cb093a774eefaa15b385a9ef4746033e9172bd0cded208719f
000731	000000000724.bin	non_person/COCO_val2014_000000000724.jpg	0	bb2c027f70290cfff5aeb3137cd44cd3757340871278828820e890f1d12d20de	e6d2406bec973a112a1264fa4442e8fe78551c62ebd4b3e1965e6e0d6432510e
000732	000000104782.bin	non_person/COCO_val2014_000000104782.jpg	0	2095a8058dc5c5529f06eb80a682c737b24c748562d4ec1c661055c984b255d3	3a01f73016db778124fbedf80c2497b9866028ea3fdde3cd69775d25f7b6a9fc
000733	000000450758.bin	non_person/COCO_val2014_000000450758.jpg	0	e27734dbc1129b5ed64abd0751930d98a2fb91d7b6521441a5f60ca603215089	077f5e757bec3319a094fab283d823fcba2eb273a4555d30da1a75b76e3c0269
000734	000000535578.bin	non_person/COCO_val2014_000000535578.jpg	0	fc6b37f0ac98aad21a260a573aad7d69850a1b5074ebf4ef95c1fb89ed30ccf2	446b1d07fcfc62afb5c921bcce8c1ea31571178199f1c8d2531255111a023fe3
000735	000000171050.bin	non_person/COCO_val2014_000000171050.jpg	0	4bc3370dc35d07b5ec31827f19119e9696c60abe8bd2a69922bda483fb2eb6c9	c598e79db1e52af70d93a49cd8b3bbceb078c650a4896c56f6a074c998b9566d
000736	000000105014.bin	non_person/COCO_val2014_000000105014.jpg	0	3267d07850ee1cf78609ccb06ca21f5753847dd3f152a4b9bfa60d400a256c73	ef022e12c0ee59fcd5e8948bfd6a0e794bbecec118385ae64bfa03d953383090
000737	000000443303.bin	non_person/COCO_val2014_000000443303.jpg	0	9996bbec5bd4250420e6a1fe9927de09295f3cedceb17f7d798b778878ce7ef9	aea817e906ccda06f4065bc7e9ef82b137e4f88c504b2fee52451bf18ae3f7a5
000738	000000354829.bin	non_person/COCO_val2014_000000354829.jpg	0	ac1a8192b726ac966e3fac04581111ab4cd280c2dc9def80d45888ab775cbf06	64059527868a574fd5533bfd90c1add3f4d8b5a700f77db4e566333e8cf198a2
000739	000000533958.bin	non_person/COCO_val2014_000000533958.jpg	0	ca45378600cfb239d8061effa8a62e8b58eb28dfbd41cad0ae5cc02df47aff09	a65cd8ce8c85fbf7ba5ef0c885861f7690121ca682764c93758d36e9e594a1d2
000740	000000066523.bin	non_person/COCO_val2014_000000066523.jpg	0	f702cdce4313d65cb9aab8b35395ec0b63f8a0e7ee34d4c45a7e894809bc878a	7a7648cf0c1d8925c2837c8a6ee5b8090910ec6c4db64ace03e6905f5e01592d
000741	000000205647.bin	non_person/COCO_val2014_000000205647.jpg	0	9d9f967bf2386df7a2b6260078367149fe3b8401455175d4f2b777f6b277bb1e	cdf657721e1a61de7158b909fabdb9f2d39287ffd20970e2cbda423e45415724
000742	000000560266.bin	non_person/COCO_val2014_000000560266.jpg	0	c5c3fa6d1e09d269a10ed7ea329736238f98e2fc8bb371a94a902ec39b62875e	2ab59bc2d6a0f15df5c697f237cd48d09a7f0ec4b7ed5e175561bd856e5937fb
000743	000000186296.bin	non_person/COCO_val2014_000000186296.jpg	0	cc79ffc248091f5df748829cca4cd4adfb49bf2fa995db2867180750a01f87c5	bb368d59f425a0f7307aa0799ac493256d5c380dad2f5a2b118bab25404ba2dc
000744	000000221017.bin	non_person/COCO_val2014_000000221017.jpg	0	4cf3dafa1250d6165560761d0bd3849bb01985c1df2a85064e519c71f9258ced	84b1df49b04536f611a22222910b1e9da114be829a5b4309367aa9c92217abf6
000745	000000010363.bin	non_person/COCO_val2014_000000010363.jpg	0	7e8f76bd9b85eeb9c9638e60e6e32a1d78c2d4c39fd88f3737fc3758e35f08c5	d5462006292c3710bcb853ee70e5fd14dcb7f4add48163c5ae0496b8489231ee
000746	000000177935.bin	non_person/COCO_val2014_000000177935.jpg	0	1903e48f94c3d470eb732c9ac770e4c65412d8499d3332778cfbdbf012f7bcd3	a62f4b4a7b09024452248f8088ba651c3d86b88b8d3fd4b2ee4688f9f8395bac
000747	000000152740.bin	non_person/COCO_val2014_000000152740.jpg	0	0603fbba712e23f1921550e163f91daf4102ea3763ecb5e2119a7fef44316a22	7acb9d4250a9238e6c1d0ae6ecb200c7119f267b81a55c652722aa17bc64f947
000748	000000460160.bin	non_person/COCO_val2014_000000460160.jpg	0	dc1c36b91ed4d64499804432603a14acabb8710a396ecbb94bb71c052c10a96a	2b4a58750167602eaf248a491db97b6e04682537e3e2b10e9eebaa681602cdb7
000749	000000461405.bin	non_person/COCO_val2014_000000461405.jpg	0	ea2e15c2c304e3ce72459418d497ae76f957c54da98f699f2cb1e7c65877709d	0e65630161ff0249114e6b398d2c6251ff39db0cf9196a41881a38761fe27e46
000750	000000051598.bin	non_person/COCO_val2014_000000051598.jpg	0	f8ed3ad67c5e75bd78ec2bba43fc8370b29595c6187c7ca37451e3ccf0a02c89	dc1b5e1d241d7f8c45605161cdb8667f66ddd6d3805ff1692f5e99a64301a82c
000751	000000051961.bin	non_person/COCO_val2014_000000051961.jpg	0	edeb3b9bd4d1d6cba976b38d5aff44f3f02a36905868fe3f082c1b89567d01b5	b6e231540984a7d6051d832284850f8625e29dd2cab53fe69c19397f721d11a2
000752	000000008277.bin	non_person/COCO_val2014_000000008277.jpg	0	ccc52f9814f657ff840f9a2b063e6240467000bfc0c666459d0bf48b982a55c2	ceb4a1262cda40df5ef8bab427ec1ad50b5eb82cc972b16f50a071f0e447dc6b
000753	000000493566.bin	non_person/COCO_val2014_000000493566.jpg	0	12cc7b684dd0924257138c43808c86955338226afcbe039e390c94907292994d	07deb4078859b4da5beeece6ab83ca08854b64323770e54ef1e6cb404b34267a
000754	000000222991.bin	non_person/COCO_val2014_000000222991.jpg	0	8e7dfc5547a763dadd23c38016346d955145f7106df32d2fe1bd334b725e0db6	5ea4d87bbb9d53df00142c5d30a2881855df3a668b99ff91668c00b45320129c
000755	000000153568.bin	non_person/COCO_val2014_000000153568.jpg	0	444a39197f04326e068c021efe99b801530b4b060fea0e2959e88501783cdf54	7c5d4330c973fcfa922f15032de7d08dcec27f2b08161d2b19cc2b0e8d419e22
000756	000000205776.bin	non_person/COCO_val2014_000000205776.jpg	0	40264941bf498cdeff0933b1e75024d557fe31f66c852275d849a30501bb67df	832858223eb1b9511ba8ea57facfa771b1f1b01127b1a0292ef05e3f5e3d3d1c
000757	000000069106.bin	non_person/COCO_val2014_000000069106.jpg	0	524de537a010df00a1cb9d97d93667e5f5c35dccc42446d45c6cf3983afea9a7	ebccd4617187e5ef3a0bf529d02449cf263755a4f8cfbc6a93f21a6880c08b76
000758	000000298396.bin	non_person/COCO_val2014_000000298396.jpg	0	92dcb7b44c6a8e1f1de9658954cef19401d359c7b47efc1bf009c67efac343a0	3f29ca1fca1beafebc95f88abd48cef79cb4886d734cfe0944b367c53b57009f
000759	000000226130.bin	non_person/COCO_val2014_000000226130.jpg	0	62bef618217a946e2a0249edb0300052769dfa872ba7426be798d1e866a6a058	9eb8c02901256ea604565ec8922aaf7cc64824daeae68d871dc4e02f0fe8c95d
000760	000000453860.bin	non_person/COCO_val2014_000000453860.jpg	0	cd607aabcda2622c157d423ebb7f190c24cd179ec8b194197ad1106095a49d31	bf35e8c4ffba8118b2a4c75e635518ec42ba61e0f1e3e93adc98707ffe68a9ae
000761	000000526751.bin	non_person/COCO_val2014_000000526751.jpg	0	c6ad4d1bc11682e42b4133d673ffd5454b9023e454b2eee76c042c6bcb158940	e26d41868655d8c6bd180f733339834499201492e56bfbdf6616ba4308d66b0c
000762	000000571893.bin	non_person/COCO_val2014_000000571893.jpg	0	db97704a0f4d63f666d58cbfabcf1b7c8b796500066defc1f00d29561d7a324e	973a63eb8e9be21f83334b71ed2d4e671b63a33bb35a0d79b18a175fba156756
000763	000000561679.bin	non_person/COCO_val2014_000000561679.jpg	0	e69d48a8ca04bf15963a9cb670e028068802f203ae5224cb18982e58e9c1a39e	d73821e2fe7e10c00351fd238c3d661b7e4e72a5a1309b195638f72ae22ce085
000764	000000310072.bin	non_person/COCO_val2014_000000310072.jpg	0	7cab297edf06ec523662c9c2c3c338daaa6935488ecda3e1f2ac1206fdfb4058	203fa16e9278ad2b0e98601df0af2cf95b6ccef072789c8499d82cc101e45ee8
000765	000000238866.bin	non_person/COCO_val2014_000000238866.jpg	0	7e965cee694427444a47a8cd84c1462f5e05597ca3c2e562136dfbcc60b1f5a0	3f5e715df5234c80bef920b01c5bd6522ed06f3da2efd92e9336ddcf1cafcf83
000766	000000352900.bin	non_person/COCO_val2014_000000352900.jpg	0	3e2a71ff7fab921805542ff87f06fb43599a43e6b10c81b4eb0c617c360c4d5b	114633d8d7403ed82f5de9dc17ce2e66429c9456af314bfdbb3d28a005db4009
000767	000000340697.bin	non_person/COCO_val2014_000000340697.jpg	0	2eecc1f754286d1a064eab0150c7ebcb034aec184ba18f476b1b9865d73abccb	44baa61ec1bf059d42211a9939e2d0e82010399748fc1220c0fc7b203d48edc9
000768	000000306733.bin	non_person/COCO_val2014_000000306733.jpg	0	0bc17eb8ec628064234679f581c78837531a2c8dc2e7b7e25718bd51262522c0	72dc78d4d35964635546128cfd3f88fe55b6fbcbba2b736663e9ec69e552fbc8
000769	000000125405.bin	non_person/COCO_val2014_000000125405.jpg	0	550fed1238e34a5ab910635d8aa142f0eb9341f72b02178f75717c54a1784305	d2530e694e2b6ff6eb518ee3b227a5b286e7f14ae805e989bf8960a210985401
000770	000000455352.bin	non_person/COCO_val2014_000000455352.jpg	0	a7bf630379235f341ac3a61bfdb57e6f461bad797ce9565ef8e26eefc7f21fd0	a2a7304dde9b71890b10466bcf965caf0ca6c26411a5a7ecdf4ccee959615610
000771	000000431727.bin	non_person/COCO_val2014_000000431727.jpg	0	eac4a3d24c4eb348debcc9661a1bf6524d963d1b203df989cb602e9db64804fc	5f2f33999aa43be640c55e34025a3f4aac3559ebbdd614bce941621de755469b
000772	000000459467.bin	non_person/COCO_val2014_000000459467.jpg	0	9d947abd327dd1817ff131503765529556bb106842b2a7416c6da2e088889861	38b202344de0bd5f791ac2a8131bb8452e4b0c350dd94d431965b0c82f1665e1
000773	000000289393.bin	non_person/COCO_val2014_000000289393.jpg	0	198d92ff4c0f190db8b43e67dc40e0afc759d474f16edcdc2c2f3fbdbb0c3026	542e75d4ff5d43960616d07e5aec4ab4e26c6733d4dd2faecc421e761ca3f3ea
000774	000000196759.bin	non_person/COCO_val2014_000000196759.jpg	0	7bf5278884ef9d0e1f326c8599a801a237b9dd4bfaef8bf7dbeb5f47147d123c	c8235e964e7187ff788e24e9dc95d5f4a3610043b05829443266692c5fd2b12e
000775	000000338428.bin	non_person/COCO_val2014_000000338428.jpg	0	d846b0573e3d2de54ee347a32f8fa2522749cb742c9647988d2b5e8eff1ff034	2aaa7e91d1a4064dcd8723adf0d10e743a6da93f85c5a9ea2d396d566b3ce67b
000776	000000479448.bin	non_person/COCO_val2014_000000479448.jpg	0	3967f50f47c3f6c74ca6e35b7f8efe876f5affed6f9d47bfe0429372c1e283a1	755213440feeb0d2b2ebf3225666b9a9cbae5fc8dd14a8741873da48f50d24ed
000777	000000134882.bin	non_person/COCO_val2014_000000134882.jpg	0	6380383bacfaf8e86bf7f25f3a3e693bf059b00a534dd06b42dcfd5e5ee8292f	a58e3cf088b8454ce9919a76f850549fe3a4a166293c0ee23d6ccea22c182564
000778	000000070158.bin	non_person/COCO_val2014_000000070158.jpg	0	a0c1a9d9dac3a5fa14cc8f949c2f0e7292494df00b4f5235e475ccd0fa94776b	dd3f68ef3dfef2d67e227a3785ddb2a3e772b1a0fd02d269d43e522257b6e417
000779	000000312278.bin	non_person/COCO_val2014_000000312278.jpg	0	a845e0f18141846cac38449f2bdd51417e4d6bb92a68b20d492097b6f151a297	e889baa04f7b0a742ebc00e8d59eea84f5219bc9ac1469ba71f2375bd6af50fa
000780	000000469652.bin	non_person/COCO_val2014_000000469652.jpg	0	c115b54020700cc18c9d82816e0fe2c50d5aa263c34f53d27b38024b39f8eac7	fa44ae05f2ab1a371421a66208a5fc4c36528f18517bedc7f90b39707f31872c
000781	000000308531.bin	non_person/COCO_val2014_000000308531.jpg	0	d005473bb3faff05a4a5af6bcd48cba86af381702e6fee53d2e4a48d73b20179	604f9f1662666e129145fd5b768d732e58e1a23ec90e486c30320f70d2775e20
000782	000000315257.bin	non_person/COCO_val2014_000000315257.jpg	0	88a4b94e51bad3f138ae56ab4610d0a63944db4aeb7c567ac4791dc475bf7cd6	254f01e99a8fff60fe1d4376a6d6c620d9f7028b0c6aa214f7fe34da27d24932
000783	000000322844.bin	non_person/COCO_val2014_000000322844.jpg	0	c07a7c352af3dcb0b4f1e4abeebc210b7eca270529720df42ef2abe490342ece	547bd596e0140557fc1e45f3844ebb25ddaf5ae434ff5bd9b0210c06a774801a
000784	000000035963.bin	non_person/COCO_val2014_000000035963.jpg	0	9d4f79c350485e588800e35fbb21e85bc30de1c244d6a489b951917b5d957749	83fb03379060a7b9b5677dce6f8bb38c6fdb3be3d398b7959f2911e2d983fa18
000785	000000572678.bin	non_person/COCO_val2014_000000572678.jpg	0	b783e8d91560f08307431fff1e840b5d2235a5c6b0c378e1f3c283d01d11aa53	12b20cbc16aab419d38879591ec378ea62611797b81a98071b7e532ec94d0833
000786	000000159458.bin	non_person/COCO_val2014_000000159458.jpg	0	e70496ff368b727e64cacbc4358e2bb8d91bc97ddd0b973a50399848fe0da3c6	e48b1928c4dbce5fd0496e96825db9ec01e12d8aea5a9560445d9ee1b5c12ce6
000787	000000519522.bin	non_person/COCO_val2014_000000519522.jpg	0	0ee407a17f9ffbef5094b0cbec85857c8c54707f00eedcac7783edb4bfc9b867	095b25f32b73c23ca629b64ad99b0294e985cd7d54dfdabe40c08efc0ef2dbcf
000788	000000526392.bin	non_person/COCO_val2014_000000526392.jpg	0	1cbfde95cbf983d7f21d7214e69d5eb096f9627e96a3060cef7ac73801092500	50c5e2ce1965c176131c908c0ec3c178acc2b6f43d3756066c937dc027eaeeee
000789	000000031050.bin	non_person/COCO_val2014_000000031050.jpg	0	b04da6aa8b6f0f4c9e23f2a25fb689c52dceb68679b90b8e44084f17de28aaeb	60d116701a51d2fa5156ce603da4d97a440bbbbc30922d41df7e30bee1f8b03d
000790	000000472046.bin	non_person/COCO_val2014_000000472046.jpg	0	cd99f2038a334ff1b11bc4a6e304d70e29d665583937f33af957ac749d4ccdc2	56aa19b1856e1bc5d30b5c6a5c68748e25f11d2b3b999b33b8354504d966c0d3
000791	000000308430.bin	non_person/COCO_val2014_000000308430.jpg	0	5f93a5315e41a5e4e0ddd4b5f5768b61b431dc9e7f1491f8507923e0176fd034	9ea4b346f8c10351898ff932aa759d409cde0be804df17e03025d0999d06dd66
000792	000000148730.bin	non_person/COCO_val2014_000000148730.jpg	0	94319d45c573fc51a75522571fdfb3a75795208fd390048f05214cc7245fb524	0958ab586ef4cfb384dee0fc10de6591dd86dab0bcced34775c91903dfabf42c
000793	000000255664.bin	non_person/COCO_val2014_000000255664.jpg	0	51848478529debea67f9d4a2118ffb1eda8c9f0698798c5721e20ab54f2d435d	adf1701170441e465ea43d77c922b3769dd15ca6b2c99225ecb8c16c296e2cd7
000794	000000225532.bin	non_person/COCO_val2014_000000225532.jpg	0	fa4dbb1df3a7a032034e28119e5f8c8024fb854eb8f33ab4ee6f24c7acb4b2ae	907cddffd2a5d59ed3c41490797f7a2c3aea30e2617972e4971c124f29a54076
000795	000000336587.bin	non_person/COCO_val2014_000000336587.jpg	0	8fec281d331b9a035785fc8c6332e6904e785bff83cff8e45dc91b011f8761d1	737c7ef4ed067e37fb9aec8f22bb1cbb8eaf7af530ed89a2ac6df6aa2e85405e
000796	000000446522.bin	non_person/COCO_val2014_000000446522.jpg	0	07dc95cb94e33f6a958d9b75c7ec87a3c012c9c17067bf0c738c9628dd862fc6	3034be523816e598443a06f84a63376eeca2217fd7b1c0b0c3286b4defd64a93
000797	000000442323.bin	non_person/COCO_val2014_000000442323.jpg	0	ed095c90ee619d09450a2c705a491370b0f7dad5dc348ff1b63c99a26fc66dfa	bae16b9cda38531a8c4f304c797d6e7e1709cd4d6e5d5164e9a8604ed40816d5
000798	000000101762.bin	non_person/COCO_val2014_000000101762.jpg	0	22786d705eca3b8446d37d0b7df284623ec79e1ad4a1144a67cb36781f835779	05a71138b474b663f00b52d5bc3b16c599ae9314f09b1b61dbe4b861dcbda682
000799	000000369370.bin	non_person/COCO_val2014_000000369370.jpg	0	b9f206054daf617edfc0e1aa72d4389dda41eed4cc8bb8860a890b9b3bbd7fcc	6c31c5f84ec5724a7a4ea7fcba43d357adfcb6a4bde5fc15cbedddc4e38e37ca
000800	000000166277.bin	non_person/COCO_val2014_000000166277.jpg	0	cf7c2c6e40b30014c8165c4586cf2016d70f3dcf90a0862cc5144191149281e5	c98b878049247a4116c294b9e72ba8c4dc6b723836418e1e6908357b8a0a57b4
000801	000000320664.bin	non_person/COCO_val2014_000000320664.jpg	0	6a5ecce5bf789b39e1041cab632dbf7530a2c4f2ae4318e26a57acd38c773c34	ddded521900564d896d197371f6f3bd92b1df233ba389dc46968270491f0ba5b
000802	000000174482.bin	non_person/COCO_val2014_000000174482.jpg	0	a390854e6d9fea6429b372d4028bf3687059a3360f0571f4fcd5a1a7305dbd47	d98e1c9726fca8ca311ab19491aaf9f7c63dbfb003e5571a15188ac8695ff053
000803	000000268996.bin	non_person/COCO_val2014_000000268996.jpg	0	86bb0d8b9630216d83998ec1b861708dcb6ddab9fc3840c719950f6477792ce8	32ccbfcefb789e59af94480cc6870b09fdb4699c9d35e9e9338055913aac448e
000804	000000056344.bin	non_person/COCO_val2014_000000056344.jpg	0	5fc067e86c0758c4d5ff7dda96f508def619ab712d9d695360a8d56cb7bb3619	f3848a69db2febfb31806fd40d23cce14fc1fc194658da8b7a0adb418ffbf062
000805	000000520301.bin	non_person/COCO_val2014_000000520301.jpg	0	45bc88481bd01d8b2e5be126cf2685f50a1fe46830621d6b44e1f0846c5a5394	b7b706b7956b03a5200550e3a59fd5ebf2f47ba3b658c8312c4f76d1a42b7f24
000806	000000029393.bin	non_person/COCO_val2014_000000029393.jpg	0	7e039da154de7b1747136bba73222614dcc0c66bd41eae3d8dc9f4faf26b3e0b	1b932d662807838fe1e180155dafc7dc6f7c079897ad015dbbddbdec81f7ff7b
000807	000000111179.bin	non_person/COCO_val2014_000000111179.jpg	0	ec16a4c052d8b4ee3f0ba9babb55cad9298429ab166309887770754c9cd8dfb7	2634c4909c45494a9305f8561f02bf2671b9bcd97890b7e44515cfb32e2f856d
000808	000000011122.bin	non_person/COCO_val2014_000000011122.jpg	0	3f50692a9743b6c13b03138e25d244f90f117871e83ea679dadade6c3f8fe7a1	ac747a68aebf80520808e480684fc8846f6dbc750f1263300cfa36b5acd9d716
000809	000000458054.bin	non_person/COCO_val2014_000000458054.jpg	0	2ee971a5e2cff891ac2d4e03b7e8e3872b30d9eef03647ecbff10796bbc10dd0	44394370d64d057264d2093dae8df4031beb8ff8b89f963c202bc7563ea5262c
000810	000000550426.bin	non_person/COCO_val2014_000000550426.jpg	0	4d383ebecaa8ab9d50bdea9a4c863037782ff716b4e8a44908241b0ed4e8957e	4999d324c732498d8c99f20b04c0579b912a4cd421fefc018ee235f005dcb47d
000811	000000037777.bin	non_person/COCO_val2014_000000037777.jpg	0	d18162445b83ffe5223c672515b6fc04016630197fd6023baba6e855c5afa1ea	576417bb6af1896571e225c6600475bb96876dd861a0f962f4bfc540eb21771a
000812	000000155179.bin	non_person/COCO_val2014_000000155179.jpg	0	ad52f65119043d029fa7d099ee4e3a81ff0c01d1ab82b1e6fff5e3d4fe5f3f56	8810c24431926ed80640a78586311711f3863afe75dffffa7ce1991ac5b2388b
000813	000000114871.bin	non_person/COCO_val2014_000000114871.jpg	0	8cfb9d4d0fd8cb0999fd14de0912c1b344a6b20990125ff67ae8b592c495cb29	7d4329aa229ca8c73d444a1f5ee2600dc1ed354c14309179221a0a788c2dea86
000814	000000100582.bin	non_person/COCO_val2014_000000100582.jpg	0	563ff278d06d20ffc49a47ad98867bb676893aebd8bab2d5c38165c4a294c9e2	500c28463cda2f8395efadc634d53227fc7ac48274e3d2687ab6373fa4e5f0cc
000815	000000092839.bin	non_person/COCO_val2014_000000092839.jpg	0	14ab88da9a7eb51907ef076cd3a1c14c3a26f6e39dbab2cd191b21129db224c3	3818b7057762301406048db09d1910831835f01ba6f2e896fd32230419fd12dc
000816	000000110638.bin	non_person/COCO_val2014_000000110638.jpg	0	5577b07e35e6a1f070869c886debfad993d93f22de5650e87c447613f20b8ab7	ab7d18999070faf1589b46182fed45c2a3572a5adf200e60bede4df30eb13e05
000817	000000212559.bin	non_person/COCO_val2014_000000212559.jpg	0	e13e44b9822d2692cb1998bbceea14bb9c88f9833d00601dae81c32382877457	478458f48b9ab8f1231ba8302be2aa7b203266cf2959f107448c4994db39142d
000818	000000131131.bin	non_person/COCO_val2014_000000131131.jpg	0	879fc9835fc5aebb765ce99a3129660065f9e033fdb6032d3b45771e60a82c66	0a230702c12d70118a8930ea85ed584293364a9bb7ea85af1dc8af5d3fe51484
000819	000000509131.bin	non_person/COCO_val2014_000000509131.jpg	0	18b0b1b706009a1c26d43d3e219afd0aefe07000cc52a5fc5bbaf965552e9d1e	cb526f24327813a1ad279b09befb45e412212f85cd4f899c35985fcd55a527f2
000820	000000166287.bin	non_person/COCO_val2014_000000166287.jpg	0	40fb483a012cf9debc33a6f05831df2fb9534b7447d928db7da567a8958c18a3	d49b012d2572bc711bd3112c53ed09b29d05121bae9b3994e4bfdbe48fde3aea
000821	000000193494.bin	non_person/COCO_val2014_000000193494.jpg	0	be18d74e6fe1c4f25499c5810e5e8d05bf482e3c35cddd9384c6e4b4071ea2bf	4f2101f52fa53492967bbe8d93a5502e4a6b757a8464ea080a834fa1d295c612
000822	000000023230.bin	non_person/COCO_val2014_000000023230.jpg	0	ae39567dd2abf4d9cd994b1552a9224982b4385e67e23643914c76e8b781a63f	abd9deef021c9b2c2e0ee455e040d4237530f401635328039122e6bb3b7d2331
000823	000000095786.bin	non_person/COCO_val2014_000000095786.jpg	0	af1a5566fa417a0b0a2bed1d1a143c59d1670f248a39b553632c4eee342932e0	7a33493066d20488137804c75705abcb01416c06e299328aae00464bd18d90a4
000824	000000173383.bin	non_person/COCO_val2014_000000173383.jpg	0	6d54a50385b808abb926f2dd57623336bcfdc9e3677b4090e2b9ed901c490a87	c9deabb78232ff95bf678c469bec1886265abd6c5cd4e8b8d879b6cc7f6d847b
000825	000000006818.bin	non_person/COCO_val2014_000000006818.jpg	0	ba48e69b806092cb01ec4d6397aaae4757aa02469a34558c07d64ebcd81d60f5	64dadd81d1e9f01c7873f02a188b2f664e473b0ba138a5886095d44941535424
000826	000000322211.bin	non_person/COCO_val2014_000000322211.jpg	0	b7db746de450b398484b126028608cf7b0ba50aa26d0a57a801d2845eb3acb69	fa79bcc4cfcf31d7bcb377f90999e3311f9e3bca1122a411f00077acdadbbfd0
000827	000000223130.bin	non_person/COCO_val2014_000000223130.jpg	0	bff3174fa7dfee6c86953e5c755a01a9b393059a4c5ffbfe2d4d18c91b4ca6bd	c1c9d41ca2b4e70d2928e77c0875079d7764caf5eca8f5b12f54bd5045ef47b4
000828	000000508602.bin	non_person/COCO_val2014_000000508602.jpg	0	51ca8fad830c554ef1a8f9952c6e8f1f25d86bec4c7b98cefa4ac2618afc593c	7b6444fb167f350e88585d8c21e2b5480a8d1f3c6a97c7defbd5924ff689fa40
000829	000000481404.bin	non_person/COCO_val2014_000000481404.jpg	0	c2845f7fc8dfd2e789a753ad06b66b7760dc1f08656d4480eb8174623d44a064	bda165ac04486b12f8503bebfd12b9de2e201cd02dcd282e0c3518079436a94c
000830	000000125211.bin	non_person/COCO_val2014_000000125211.jpg	0	50202719d419b39365404ad243693c3ce728eb1eb896b01c4fa2d4e9f41e241d	14c315228316ce7649c06f421f2b07142c20d15c72c01fde865ad6ffef57ad02
000831	000000337498.bin	non_person/COCO_val2014_000000337498.jpg	0	c05cd0ad6bf042ecb5253cec6434ec1c9d9da384166a88f6774646c25dfc91dd	a185d44d9210c4689082d7e679e3b150ac5a83857afb9b95c706a94a1614e3a9
000832	000000042296.bin	non_person/COCO_val2014_000000042296.jpg	0	bd2977c1ac200b90e3099cf9e4cce644afe536131ed0f37e9303f788d4717a6c	f4b491862e42ee7f8da4049628c9722c475f45afefa1fb1028ec7fdff12407d4
000833	000000002157.bin	non_person/COCO_val2014_000000002157.jpg	0	e9d5807ea7b4574eb84176bee1379cfca843d85f9cf55f2f826bb455a44c7fe2	3f3794d34b47c9a1e7e297eec79347b0cad3a27d2827b8d4c054b4d0ce46bd83
000834	000000079837.bin	non_person/COCO_val2014_000000079837.jpg	0	b0d377b693466bd97937927a45a738c6067f3a9d0da6c3f6c064591c383d9125	5f7a0edf53797e1943a44a5301e966c2092dbcb266844ca9599859df31c34358
000835	000000041888.bin	non_person/COCO_val2014_000000041888.jpg	0	94e10af28213cd2ec9cc8a5850252a3a14f4404bc2d6772c1733319f4444c93b	77b9b234cecf13ce08362a3c50fda30a878892c22374f15f36e0687da418be52
000836	000000475732.bin	non_person/COCO_val2014_000000475732.jpg	0	4be1550ce916b04d7f4ce2fa51a7cdabcd2e2e8ff124d862f1c11ced474ccbd8	4c703194ce234ce4945b5a8d455a7f43084d44a4b950bac5c3502b239e7a50bf
000837	000000378605.bin	non_person/COCO_val2014_000000378605.jpg	0	214b0e7e83e7c947e883704c2e60ae60e107a2e7d1541dd10decbf3dfd5ecc6b	a761793b41ebfd22383f2527b5e56c7998885cc83dd352401c17eb7b1f03c530
000838	000000218424.bin	non_person/COCO_val2014_000000218424.jpg	0	4ba802a1f00a1ea785e61f8406ded16ebb06e707e0482cc6332c716bae50b0de	67456c0964e82ee829c8011207a7f07a56364fa89fd23554d2c591cea03a95b8
000839	000000173044.bin	non_person/COCO_val2014_000000173044.jpg	0	f9a31b765d64b9baf047de7f03733d46699bf2d6465ee7a67306ea64dd96469c	e037c850a876e8047439e52164dabd25bc836ccf88ded7035e2118acfb337b59
000840	000000339442.bin	non_person/COCO_val2014_000000339442.jpg	0	7aff6b590eec19dbe617d7244b2fd3778a16a2f7073c625ee4d3a7ebabb09920	213b59fb8fcb440186ee68a1d112c10dfe14c42aed6e14499c45c8615bb66e31
000841	000000370999.bin	non_person/COCO_val2014_000000370999.jpg	0	fcc93b3795a7b2194f83d5ddb54337d3fa70dfb994a759c0ce1df24c6ab231a3	8a45a8c615f90bd30f27f363a6ddaf1a968e89d6275f03213c7cb66bfd4fdfaa
000842	000000039956.bin	non_person/COCO_val2014_000000039956.jpg	0	a754412796ea26ddf9cdfb6bc38c1e9e2266440c5e3b7444dc15d2f752ebedc0	cec21607d34d5b633594fe990ac6d68c8c844115ff70d465354b8ea080182877
000843	000000369081.bin	non_person/COCO_val2014_000000369081.jpg	0	6b3fa0f98edbbcd2acfe0d97b2baff79ce0fc7b75d2a2e91bc1ea642f31830b6	9e7e2323626ab10d6415deabf4a3dde2c60561f198332311cfbb9cd098ef68fb
000844	000000226111.bin	non_person/COCO_val2014_000000226111.jpg	0	7507c112c6690f4da5d54c75786cf44ba8f38b8cfd657a40c643c7139164b637	3a2adde0e1352111f540d1983f6e2e5b9a1a8f4d889c9af433cb3724a862a42a
000845	000000030675.bin	non_person/COCO_val2014_000000030675.jpg	0	ba41fd6455f472ffc9f068ff35c27c58753433df38883e72b2864757f862582a	c0ba826fdb4a037d813ef9b1630266bff37b296fdc8c1402cad1753073f4feac
000846	000000410428.bin	non_person/COCO_val2014_000000410428.jpg	0	4edc53f1766fa67500002d1bb63e0eff8269985d34f8c8067d8745094494776a	b9f1dadc98a624d8773f4e3ab11d5cba2cf8d6c2444cea205f01f28fa852b439
000847	000000157124.bin	non_person/COCO_val2014_000000157124.jpg	0	7fd138f8b13394389992f03a1c54cc848c75507f1c23f24d3d57701600f186fc	6374287dfd5c7b977e9d6703d15dcea7b5e07bd79f0bd7981e2b83ef6f375349
000848	000000103585.bin	non_person/COCO_val2014_000000103585.jpg	0	7ce5fbc88946e79a2759898621384f4d4a96cba9282ad972dd09cc499158e3f2	abbdb05bccfd2ac28ab0d806063abb13b91eacc6f48b2818add48169e268e65b
000849	000000138819.bin	non_person/COCO_val2014_000000138819.jpg	0	e949431925e8108f449e9692b1541ec489841271a688ed76a207a455fb50d04b	368b94e3480b7f12bb7e4cb370d4dd4ec6c5368a84a6537ec35c5a6d80a2b1a6
000850	000000153299.bin	non_person/COCO_val2014_000000153299.jpg	0	4755787fbd5bde4edf293f81dfbfe8f37dbf4d48376d23bf4acc0875b9819465	1a15aea22a3174702d190da8c7167b42e76c8342a572d85b55e8d23d92a397f1
000851	000000429011.bin	non_person/COCO_val2014_000000429011.jpg	0	fb33973e72fffd4afd92fbdfd4d04bb63909422293c90a0274a1674385cf54b5	2565a29a372eb95d0ac679fb336f7078d3b72abeb59363ca5fc30bddc94d9b4d
000852	000000315001.bin	non_person/COCO_val2014_000000315001.jpg	0	e922974bb0b46f7a5c9917ecf1d00b65c35adc3319bd3cdb892041ac7be5cd40	d11224bc7abebe0e30f3bf68689934af611549de6db38799737a25706ff9fa8a
000853	000000545129.bin	non_person/COCO_val2014_000000545129.jpg	0	fc4a7503e1613e1ea131360b6db4a2313f92fcbf6e620cdb60ea6e53c358344d	81568d37c6be038dacc66dd21ae08464dd429df3db377accb18f3b5af2747b5c
000854	000000109916.bin	non_person/COCO_val2014_000000109916.jpg	0	b2ac6440d5cdb832838d293514718117fa5532b16b497bee15212c9503e0fd8b	fc14c6a93e65a175eb8a5b0b8894b70fb5498fc810b1eb5bc78a4dd9dbb8c63b
000855	000000430056.bin	non_person/COCO_val2014_000000430056.jpg	0	5122fb7793a6767bb069754b5c743a513a749c6360bd66af0a94e9da6c40f644	84ddc3eb0411c40e01e96b60251e1c20d51ef138aa0cd9b2a6b8f30e40966e0c
000856	000000475779.bin	non_person/COCO_val2014_000000475779.jpg	0	0f3d9c6515cf3a5b5cf02dcbbae9c9c700cf3a9fc36d8272374b90f1236552d3	e1079c7f61bb140bd96519e3289cc83bbccaa3fe714e52dd9401c66469243897
000857	000000488270.bin	non_person/COCO_val2014_000000488270.jpg	0	77982c188b87625919dfbdfe9a8c056622ad01130a6e436ea8dfef1831251df0	870773ee94c3ea1d684915f2cb37c9226b918d3ecee5ed7cd41eaef1ab1c6dff
000858	000000472375.bin	non_person/COCO_val2014_000000472375.jpg	0	d519d27c59416dffc037d90c3e2252f3e233a8b9d8cf153ae4d7b59f80e02e2c	f94535bc48410e490f4d1b469bd560e15a4723af2cad8d4e6d6ed2f744598eba
000859	000000205542.bin	non_person/COCO_val2014_000000205542.jpg	0	2b7ef4fee1ead1861e0e28119fb3934274f00885abad95a7703ab04c963628e4	edc76caa5710e64f5e0b439856c04cd4efddf7e5f0fb435169f3d9e11cca84c8
000860	000000552371.bin	non_person/COCO_val2014_000000552371.jpg	0	f0e8b165cadedd0b5bf338f55238c60e610d2d16977ef123c95bdc35e60c77ca	0bbb19945d657ec340755b874f8e0114146a25c7739c2a9debd0c065bded38f4
000861	000000186980.bin	non_person/COCO_val2014_000000186980.jpg	0	227aeda6d577631d217d9bac6b61a4520963f7b4298b9aefccfb1da8c8b4e2ab	5eaf3fe229feaabdd97ef6a18c2352a3d7f38bf0116e2475c6673e4faed751fa
000862	000000199977.bin	non_person/COCO_val2014_000000199977.jpg	0	5fa9a906756f7fc05775fae8bcf34902015b50449317c91ebe2243373d3ed96b	bf4461cd9a9017731a2e5bffe98d233c87ffb0d8149bd886b0fbf170a93c4def
000863	000000154947.bin	non_person/COCO_val2014_000000154947.jpg	0	35e9cdac504501dba9adec5e56781685b6f66a3a58dc4b2ff290afd903e071f8	cfd4e5ee9b2f7bf4db8d97996cb5148f14cc1eb509bfdce33878df300a6a36f1
000864	000000267434.bin	non_person/COCO_val2014_000000267434.jpg	0	629a9cbb2821f46b075792c799e3f49acdfecedf93f9b5e7d49d4d7df98bd188	cb0cccef1d0d264bcbe33a08a67fefc3ae5ffc83f3d1272468899bd56c2340a3
000865	000000417465.bin	non_person/COCO_val2014_000000417465.jpg	0	5ae87c987f7ed078b6ef17e0a70273a49481b4086380f2895a0e3b582d0f8588	396b55ef435bcb361d67864d004734fc6ede2e2451e6209e417cbd931b27260e
000866	000000573094.bin	non_person/COCO_val2014_000000573094.jpg	0	b857cfd5a10abc7e24393d989f32b558df1ed1541567279cb26631c8b45a29fe	55cdaf5558e1f447ca1dd481cdd9b8aa3c07211978bbde5408e08d8330128fec
000867	000000322352.bin	non_person/COCO_val2014_000000322352.jpg	0	10a44f3ce1489c6bb69671f8de39186f010e701d72533f44c1c3780f181a16fa	fdf30c1550b57217c349c1aebc92912a548c261a4fc3feda83f57168379549b3
000868	000000058029.bin	non_person/COCO_val2014_000000058029.jpg	0	949105965f2ed8883f26749eced3716e6f9a461f268155720037e1319ee8e91f	672e628be33ae2e718593ad7567541b8915ebca22b0721c568630ac740b0842e
000869	000000458790.bin	non_person/COCO_val2014_000000458790.jpg	0	bf20dc5694c3e4ed65ad869f982412e9584ed39293921d97327100813c08e2ee	1d154d26e695b2561612e41f9505f7bd0bc76a9ce315bae932403e98b5e127fc
000870	000000015338.bin	non_person/COCO_val2014_000000015338.jpg	0	0be11a4f33d1f14b7501deb83ce4e1c4cfefe2245da0862776dcb93e7f9b9ca7	910e0ab35793bbbd97bef03511e49731d9b4187a6cddee52c956904c940b6831
000871	000000034205.bin	non_person/COCO_val2014_000000034205.jpg	0	fee06de92cf9cb03fa2e7375ba8d65042eb0c5e5a2a177c501c3d0673cfb72d9	17dc4720dc05d9b501cd34380cc1ceda428ab7f4b0faff3fb85efb65550ea918
000872	000000383621.bin	non_person/COCO_val2014_000000383621.jpg	0	204fe47a4a5578c324341b57e9a20cd94998ad8c645b28a8ffcb73a21a76542e	909cffc9c64c7afc09eff88458bf2e5278941e2c991d4a3611a16e26270c1cc8
000873	000000173033.bin	non_person/COCO_val2014_000000173033.jpg	0	c5df09f09c16328519092fdb0ccf7131e4fc990411585759ffba3967de7419cf	c6d17207a1b5644d2f0f848f841c4b79aa2941a17520ec5b021e9f81ae62be96
000874	000000016010.bin	non_person/COCO_val2014_000000016010.jpg	0	8f2a41bd991dfa6e46a1049d800c5b651a054848363c66c58f2919756e0f8520	e35232592c38252453d8cdbe08641ef4769c484322b7dcd92c05906e0b1ae823
000875	000000122745.bin	non_person/COCO_val2014_000000122745.jpg	0	0380f853506cca0508b6c1c3734f51489bbe8e2cdb4747e3ae029a793e4ad0a0	074675939c74a296de77930dae9aff3806108b3e9a4a7c12318e0de94f713f3f
000876	000000082180.bin	non_person/COCO_val2014_000000082180.jpg	0	3e14ab46cff57b5deec6e88d6cda6d6cb9191c35bf6148a85a9a12fd9346dc70	934affd703c604d042dad48194c0f5e8c36626e98c0338b3037c0f02f035aca2
000877	000000166563.bin	non_person/COCO_val2014_000000166563.jpg	0	74ad974679657ded4b750ac1557a43f05ee92c0a784eefd8dc47862ea4b2cf90	21c187f0c0e149b19dd7411490235bacd10958f08e5fb9ea6d90abbf5ed7e4c1
000878	000000569917.bin	non_person/COCO_val2014_000000569917.jpg	0	80c37d90b3be3dd4aabd8ce15191f7ae8bd7cb0de6399f9518b6ab6227ff2fe9	b160ea8a176f2287e0f6e1686de7c27588a33619fa0a2250da3ec03ad489b73f
000879	000000017178.bin	non_person/COCO_val2014_000000017178.jpg	0	aca8ed16c03d1e65692084d3dd51e5bc43f2cc0ccf6cd0618779bb09e71532d5	209f36607a2f3c4851fe29556a79f3293a998a0d6215a2389704007f911c29e7
000880	000000099428.bin	non_person/COCO_val2014_000000099428.jpg	0	5e7f1903e98c0269be419f1d09f20c8538f2d4cbde961e7a6619383896dab163	99cbdb53f9662dd312b07e7b795ec2c3355cde716071567cf543ffa4a9c148e2
000881	000000307658.bin	non_person/COCO_val2014_000000307658.jpg	0	b944382b7d673003019c90320241d6f1853a4fd018a04672b32ac4c1584f2856	983d478f6ed772332fe0980113241e541d8df1ea02a8ed07c802942421a55244
000882	000000140658.bin	non_person/COCO_val2014_000000140658.jpg	0	07995811f3a37b8cd4cf7353a13b0c61088a2bf4e4e995fa7168f0b40aa8088a	519067a70d52c6882f1d3ca8a361c499ba1aae4dedcc8667a2e669046c65a84f
000883	000000104612.bin	non_person/COCO_val2014_000000104612.jpg	0	6a5c180155b1ebc9278b41e282d8ae95b1e4f33a4e6720e2640ab90c51157c8e	adc45ceac0c762a0f2099c922b3605a3d7f66c15701431a1f4e36b60e2f90b2a
000884	000000494427.bin	non_person/COCO_val2014_000000494427.jpg	0	487490dd88b6da63b8491540e13681e7db7007d4b96e6e962f7c15d5db073322	6538cd2e4b9b5032beb837ab9d941ff5c14261806051e1ae29bbfc824578fe8c
000885	000000085478.bin	non_person/COCO_val2014_000000085478.jpg	0	49ff9ef956f4b9b39a61b3cb712d98e680368882d1630ebf3291c79b409dab84	9db5b3032b53b4a60f1747e87919125f9fd1505e541b50d2e45a7dd1a0183e92
000886	000000466567.bin	non_person/COCO_val2014_000000466567.jpg	0	2c0a5d3de6dce5cc9f30a758060a836181d18570f2d3218bf92fb9e2733f98e9	610475ce6acd6f964a603bf558e02879f095e4f0adebd27313962882e2aa9735
000887	000000516316.bin	non_person/COCO_val2014_000000516316.jpg	0	ba8921e92126fecc897db42022b657094f9c3ffe5f4ee003db0dbea094ccad9f	b72168c6d3d4c4e111f8f6d8af47b0a7d06f27469a3d791dda6c14faf1fa097e
000888	000000396274.bin	non_person/COCO_val2014_000000396274.jpg	0	9237affa5276930a9b4e77d0fc6534175fd100cd2b83343e83a8b4b4192081e9	0f111db27da48fd4e35d8c463cbfd964e3e5bed5090c346b6eddc7893a0c8f2a
000889	000000206027.bin	non_person/COCO_val2014_000000206027.jpg	0	0eff4c19ac78e25464d07c336a1d35fbcd18cb718c182d099ff2a5470209656f	a27f761b93a2a829cd93759c5b6f9227756bf24d5f3e7cfb2a730af8ed676c67
000890	000000419096.bin	non_person/COCO_val2014_000000419096.jpg	0	8391f1dfc1cbcba78a6191e3a66f8d85996b3e399e26bdd56394f5f85d4c3278	21a839d42e683c1df75c7aad7ce014e4c59b63d4e2d1f43942d586c45d6807fe
000891	000000168458.bin	non_person/COCO_val2014_000000168458.jpg	0	2b06ed52ae081ad55d708572b1380b0f60792d354d1e68d5b532d50ff237942e	0db5ef9027d402d324bdaba2ed5c70f8cf085fc6f0ffb7bf4d64d316ce666494
000892	000000516708.bin	non_person/COCO_val2014_000000516708.jpg	0	d4a3c99dfa2194e9d6056cd3fe81442300decce1d0aae8108f761afe39d9a9e4	3e2a44e6c8003052d5bd93bfe70b7b1d83184570070681af3b685164ff8704c2
000893	000000176778.bin	non_person/COCO_val2014_000000176778.jpg	0	84bf7ce5cb958ba652d9637df072fb005975665f53421b209670d7f9b22f7948	ef3e1fec9dd2510e374940ecaef7e36c051f8f7bf6674e4426eca912a0299d02
000894	000000392228.bin	non_person/COCO_val2014_000000392228.jpg	0	8d59cb8f706064ca70a03f8208ca4d7687c52372694322b4eb98bb3edff0120d	160baf06d6831ac3b17aee7049d028b2520e578c4f0ef90b9e0f7b02f53b6976
000895	000000121153.bin	non_person/COCO_val2014_000000121153.jpg	0	6dcc0159a7bfe888b10ad46385784c2aac67ddb6bee31b50c7ec71582eccb95a	582e118f15778be57116b071c486afb9522a44af2a627e77209f26c7d701958b
000896	000000577182.bin	non_person/COCO_val2014_000000577182.jpg	0	42665ac91ef2207dc1bbd07d8f1f5d34c196b8f70dcb4ee16aeebd478e452439	fafc07c2bcc7835bb90ef1bcd387da419b3314de6181752e76daeec2b104aedd
000897	000000552902.bin	non_person/COCO_val2014_000000552902.jpg	0	1982e077c8f019c416c736b4b1d8f4d1581e3bd825fbd15cf5eca5a56dd65533	91d234c8f81c3c33fd6cf52186768587d0b1a3039f8de60c85a8d052d92aeabf
000898	000000149406.bin	non_person/COCO_val2014_000000149406.jpg	0	16a48c2eac27a9d55258ab8559afe560888f0ca6a0d9bd174433d72c022a03d7	fc7c994437ae6dc84840612863fcba5248a4c6f52ba6330e55b827e08ac9c64a
000899	000000051738.bin	non_person/COCO_val2014_000000051738.jpg	0	1472bee0e58118cf6960549c2a3cbf6480e44245ca011d588d81684b8045cde5	59542bd4cfe08fb3a16897c7fbe95955d5640b92e7019343bf44989fb914a058
000900	000000106048.bin	non_person/COCO_val2014_000000106048.jpg	0	5b8f6ce703b16205d3ab8090bb06d5a265d75a9e7e3c421b52cb9c71a92e86cd	44b51271ccbdb7bc7f901536112f44fb91c925633f7aacd8fc6102c3b0bd6955
000901	000000108244.bin	non_person/COCO_val2014_000000108244.jpg	0	eb6c393ce42f8da1382a64756bc78b38ea9f02d6711e856674aee6eba0a21cf2	db1947c58aeb3d63c4e1b868ded58a6e2c78e13f4c442c00ea34ce82ead46735
000902	000000091921.bin	non_person/COCO_val2014_000000091921.jpg	0	11ef7dfdfbcd860c23b041c27078a108397577dafaeede9eaa854aa7cfe4dbd1	6abe0bb9a44c7e4273491bfc322b5997d2587a8cffe9c1f94ea4c76adb863770
000903	000000184321.bin	non_person/COCO_val2014_000000184321.jpg	0	7f986713e5b2a54271ae4f7abce7b2b1a52e55fbd5bed1d1d372f1ca4bc4b97b	124943860e0c84df340b17d2e2c923b9efbf293d5cb281668dea4b2ed2104043
000904	000000198960.bin	non_person/COCO_val2014_000000198960.jpg	0	894fac28b49bc509a0f493406fff12160306c08be32a917c20836b8bf231e8a2	ebbdc4cbf0e2de59b6dca8af5e64e19292aa4b354db98f64f7abb45b2d368dfc
000905	000000214200.bin	non_person/COCO_val2014_000000214200.jpg	0	4c2a55cb86dc67ea0fe49f6e50d1f75feacb6fd1f93ae7fb3bd167481f9542cc	d3c16f410442c483c21381efafb18935f2414a1d574e8cec30b9e3507be32c8d
000906	000000284623.bin	non_person/COCO_val2014_000000284623.jpg	0	626cf8544f826bb42036a17dfd1e1f796918dfb261e09151fb588d53844062e0	2ae4cc7c077639ab84d98f0b74f437ff9fbfd45b197b4bd26c5d4c31231ec094
000907	000000219283.bin	non_person/COCO_val2014_000000219283.jpg	0	7447c644cf7c65635ed71489d9349065023a9cd289a87cad89e961bf162a7486	23390cf74c4350e6e2a51f8f0399edef0ca5fc628e112bb3f4b913da212f7053
000908	000000562121.bin	non_person/COCO_val2014_000000562121.jpg	0	11ea83c7676e00f1e356f562e9103503f55bba5eb0442d11b85647fc97ab551e	26071fff991876a2be8eb1989772cfaaef4310a3dcb03b2ff2d29db7098c9e58
000909	000000578500.bin	non_person/COCO_val2014_000000578500.jpg	0	45a4ba9f85d5eb9263e185a3c1ddb91384cdb267dc1005974a2ceb164e389d70	563e4160be5235eda38e70dd5ac324d4b66ffcf7623ddc599205ccf9cdb0d46f
000910	000000095843.bin	non_person/COCO_val2014_000000095843.jpg	0	71e75a79fcaec63c155b862a152e19fb3444166155f9ba27ad28780049bd9781	802a56ba8652116d89a750ef47faccc80d23abd645e88a17868ef3f0c0459f91
000911	000000383386.bin	non_person/COCO_val2014_000000383386.jpg	0	43bd5f5f13ac7ebd763112ab7b806a8d0163182e28abc428f0ba1b8ffd9e13fa	93d5d009e027981d5fb2469607d491ba915930574ea6c7a08908a2ae71b61026
000912	000000397327.bin	non_person/COCO_val2014_000000397327.jpg	0	caae26188ed5d493169fcae9f04beef50d917c4884cfb9b6fa77b0da27fcaf7e	b223fa81b01eabd7f1e18d8c5d6915060037fc531a0a30cc2a7433695e5cafbd
000913	000000080057.bin	non_person/COCO_val2014_000000080057.jpg	0	a652c7700b0343accab1635992fa9364d97f12a46341eaf1df479f0aff57e01a	ad1afe10fe05117ad2888b61665c79953c72fa930c2cb41b89721a3e94f8d9c2
000914	000000544605.bin	non_person/COCO_val2014_000000544605.jpg	0	d72a00edf156aa78a3ced8bec72d376d071af6879f37ebb8d1fea13c6472b318	242d1ed6e9349d096a61313bac07438ce01edd003884532594f7ea44169c49ed
000915	000000402992.bin	non_person/COCO_val2014_000000402992.jpg	0	f869ff3fe0a8e2bca9e13aa83a82a2b325450527e3a3d7f44a9b80949d5fb279	6004f9c95cb9f1642bb6e581044bbb995712cdab227e89f7a3337b32eaa920ae
000916	000000462629.bin	non_person/COCO_val2014_000000462629.jpg	0	e1260e0fc293c33459aa54a020650cce801cf425b16a4ccb43897461cdb45b29	de87d230dc58afa36063530ba817cd6fa31ce8b14eff81bb4ad07d07cdd5ef8f
000917	000000189828.bin	non_person/COCO_val2014_000000189828.jpg	0	73e2b9134cf978b06997bc5d7ebad9a54f53d04fd5bc7db3f6888058f7942d3f	63369c31515b3fcac4d2d8bca468b0db59f39cac9d050a5248e60d13092936f6
000918	000000044699.bin	non_person/COCO_val2014_000000044699.jpg	0	0875a432ddf34f60d81a039b3582971f339c64160bbba20bf00ca07c258af77c	f94c2c301bb9563d962e30aa85d3d57523027d475b822b0a9661684760d3a4b6
000919	000000260266.bin	non_person/COCO_val2014_000000260266.jpg	0	61b4cabedfd10224470af4e3049add581a21a168c41d12316e8bac5b36887e91	82ce3e4ab9e58441d6de7a5c945f8ed8ca4cea2d6211c79778e123a899374383
000920	000000064359.bin	non_person/COCO_val2014_000000064359.jpg	0	d7e1eecc57904fb39763997f5998722e44deb5977863f7a46af0b02cde8d3b29	be55f428a129221e5e74015a528c4019b446e4466f024a7789d56df49defc812
000921	000000546011.bin	non_person/COCO_val2014_000000546011.jpg	0	3dabdd3d719079eb1fa2df87178bedf9d41e714a4ac10f6e30b46243ba319de7	dbade02de7fa9886c633ec237cb3c8cfd25e32d27aa254cf25fdb210ff941110
000922	000000332318.bin	non_person/COCO_val2014_000000332318.jpg	0	9eb66d0e417baf1494bf7bd9e2e32dfafc569dfb91b587b0f0a353f032539ead	5ed3768bb2949ae2d03181f291059e82e1cb601f93f434b3ad25522c30aed650
000923	000000219578.bin	non_person/COCO_val2014_000000219578.jpg	0	cf4ee605e9f288629e4e82e4149ffa6dc0b062f52971aa4135acec0746f23269	311ea335dde132553d37eeacaea16a978fcf4f1457e83c529b15069ac0d14493
000924	000000475678.bin	non_person/COCO_val2014_000000475678.jpg	0	4b448e1c0d0d9063b4a135120fae7cff19210e63966e967ccf566df82a5cd47c	45bb581b0cf3c378ba9b7208d3e19bf576edcd7a3e21e73195536a850d1277e5
000925	000000530052.bin	non_person/COCO_val2014_000000530052.jpg	0	2fef4ebd173642737bbc746a0ef72134c009a35b370b1a767e4d95eed38d991d	5e860510f7359b4ca998c6792468d93c5a0d9e37dcf686b9940923f1b4f3d66c
000926	000000561009.bin	non_person/COCO_val2014_000000561009.jpg	0	9f3c6cfac6258aed9cc59d04a131dab70cbf9641d5a28e2d584e67627146303e	54dfde8bd0b22f74327018437cd38ac28206d2f461b14d6ba9a23ccf3ce17510
000927	000000511321.bin	non_person/COCO_val2014_000000511321.jpg	0	40099908b7e32b5a0a6a35ffb7572346f18b1d84ddfcf6b3e11f082f5752a65a	e826e3317a8a1bf4185e1fe432a4501f9d4aa91240fce607c5bc0c0828f6c889
000928	000000080666.bin	non_person/COCO_val2014_000000080666.jpg	0	008c4a22cf17347f501467c45da37e831068b78ad44e62786536ac34e99b6984	86dedd3338f45405587edef337f540f572be4ac3eede82114a156852a2b2e568
000929	000000560279.bin	non_person/COCO_val2014_000000560279.jpg	0	ba05655c23fc9a6fb880cc3ab2b22e1d14751cbdb6752ebed84de250761a80c9	ea432b1d959c064ec54c31c57e5b5c9df746a8d406c86e3441c90a19375c3a05
000930	000000560256.bin	non_person/COCO_val2014_000000560256.jpg	0	7798302a1834ef6771309e7c5784b52991f71bf340477c4e387a6289e3951ba7	90cfdf344ae509e947ef0562d28a8b5628308e4729c0cf11e817704981b520fe
000931	000000214224.bin	non_person/COCO_val2014_000000214224.jpg	0	77775c2ab993c73ef9026c4f57b1fcf40559a4bb1b0ce8a4d826d16c2aa5a748	d742c32d843cbebed74e67fdc6f89eaec67b4d2c89295abf5a62115c19e2b755
000932	000000098839.bin	non_person/COCO_val2014_000000098839.jpg	0	b25a3ae7f89e9685fc0f5a0d355cdfcf1296f381641000b45a5e642327c0ba1c	0e588eb0dccfe3ef39137d2d6493ba02c29ab795846c47d1d0374d61c7f70239
000933	000000032285.bin	non_person/COCO_val2014_000000032285.jpg	0	a6f2e6003ce4211197fce232b3d8cb5c924895e3bf352c55279587577835a33b	b9edca3d11371c6ec91cf76efb1cd1c29bb9d4abf1381cdd1745b9f2e902defb
000934	000000379800.bin	non_person/COCO_val2014_000000379800.jpg	0	fb998bd43da93a7cd25dd742a09fb26d1309e0c9e513ae6ca2ad6c812c0c9101	29d81cf62be4286931386585d25b5082656ba4414ee3b24fc457f694667d3515
000935	000000100283.bin	non_person/COCO_val2014_000000100283.jpg	0	89220644a5fee36c59acc3af4498678825d877e687c3a6be40e04452779d5c76	a70cb27d6099b00d686395c3af009c73f067e9bf36c6e1296664d2bf1500e588
000936	000000512194.bin	non_person/COCO_val2014_000000512194.jpg	0	e9bfbef69fad843b27a84ced97733a317c14042920754c1837e82d01d812cae8	242b3e4abc87e57d658a0ffe11c1dde630cd4dd88800b38c1f7d1f8f5bc7259f
000937	000000108440.bin	non_person/COCO_val2014_000000108440.jpg	0	d894fca3f81e5564c195149ca895dad80be37232459daf3d87c249b0b123982d	c26d8f6458dfb226b4604aa8a9d311b051ae3db2c29b37406da7435a7de950d3
000938	000000323709.bin	non_person/COCO_val2014_000000323709.jpg	0	6d64dbd9cc4b0b0740801becfe47f657b79408521886ddb8185aa39337503a75	026a83b978bf446a2b51f4aacfedfce6fb58fd8da914a739b5dacbb4b63a8ca9
000939	000000464522.bin	non_person/COCO_val2014_000000464522.jpg	0	e19720c870864d2021ff9f2b5e172d348e9132cde056737a5f85e600dcbe0021	c6b62fd36611344702039a20fe943b2a0199c4bbb368caec5cb6a83a6eda83c4
000940	000000289516.bin	non_person/COCO_val2014_000000289516.jpg	0	4056cc9c2ba8303674939810deee0dac997f0f0cf7ab3b196dba175c19466623	dddfe18fc2b1e4af981f2d0d2b6fc9abd910ddc9e56de7bf4ef9010b9c613494
000941	000000323828.bin	non_person/COCO_val2014_000000323828.jpg	0	61ef14bd1c9538715c9bca649dbb6d7b5b8c3682a54e71d71057acd4244f3794	628439ff6ff6a2ed9e37fcaabe59d7b8bd130f1853a7d227896a483e517b051e
000942	000000507235.bin	non_person/COCO_val2014_000000507235.jpg	0	6e6f620fc84053ea76bc265f331bb0eee9fdfd933856c7734e2182accdb689de	62faa8cd6cddb17ea60b94bd889c9e6a7cfdaf0f135c256194ed024592084d45
000943	000000492878.bin	non_person/COCO_val2014_000000492878.jpg	0	41d37379254c17c740b8feea60c26dd9b9054629807885aa7937c6d71f007a08	e79719110e88e4de2b1fb9acece0de818d8de3f955d4b7fc669c2d22cb80b233
000944	000000293804.bin	non_person/COCO_val2014_000000293804.jpg	0	589e2bcf673e315c8e895cbb54fe9873353ccd2fdca625a74aaf18a81dc3d3ef	466a3d3ce619d0d87395ca718dbfc86bda1f7a50fba96edd2e8412f9f1e2257f
000945	000000123321.bin	non_person/COCO_val2014_000000123321.jpg	0	5e413acdf1b7d397abd6f52f65b8ac780574ea45a4a5f714092e1c7e743f4c11	e1444c873cc6a1417a0f82462c30f5696609910be3d77be6c51011c6b3ff0493
000946	000000016958.bin	non_person/COCO_val2014_000000016958.jpg	0	10810da8355d178444d7b47254e0faf6a4b67925f81ec2c90f4e29a4809ace07	ef747c028d70e85d1cdce9107ea922bb077d5dbcd4a21312728d37076f0685c3
000947	000000131379.bin	non_person/COCO_val2014_000000131379.jpg	0	9e2d1d73f768f3550f1efe518b7da89c01e4fb93fc40bd07dd63686796c7a6ea	bef629f60d152790e3e2a52e8286ea5fca7f2316129bf8a00fbd1d19b00e34f8
000948	000000084431.bin	non_person/COCO_val2014_000000084431.jpg	0	6e01b097a22be12c35e9e85722be7f1023008f5f5c3d84fd3ae379efc3dcc18c	97b4641f88b9603141f8a268363bab7fe3ef56c0a55e8b8abb7d5a0d11c235a8
000949	000000003845.bin	non_person/COCO_val2014_000000003845.jpg	0	2534a917fd52df5ce7a24f1b84ac0c79cf087c1c6ac002fc1b1f1684dfa05ce2	4b077a0861958e1bcc0c5fd3858dc32931a33d6c87277b73fa471d4d9f1d7cbc
000950	000000209613.bin	non_person/COCO_val2014_000000209613.jpg	0	fc2df3b551abea9dea0357c6f43a0cbd5883104af8e3e9a14a68899254bf74bc	5197d992261538abf01c32cf3276da833901ea0e0a245e7299387cddfdc38ac3
000951	000000571313.bin	non_person/COCO_val2014_000000571313.jpg	0	a88ccb89ba2a2bb151bbd301fc9fa463f6d9f317e853bda8a88bc4946324c7bb	babdfa85512ce0bec55709cd6261c711f459fb05f3213793de10facb534b8582
000952	000000411665.bin	non_person/COCO_val2014_000000411665.jpg	0	84d4a1fb58972b09b5f9bf8466db42b781c837cad808b19480ac7aa729c05c27	a0421a5d3a5c6abb836eb6c28b4090c1c556277a7459709c45498f1028b45b0c
000953	000000029640.bin	non_person/COCO_val2014_000000029640.jpg	0	64c0e659782a1d7ae92202dec388f63670a99e607088e5a09917bcab972ab60f	8dbe881c0b0e511f9490162868d7cff6a892c597e7e83ff98e88dafadda7b845
000954	000000326082.bin	non_person/COCO_val2014_000000326082.jpg	0	ee6126007adf634db429ed53ceee3d18891de2515d9160bb8734a41b29b016fe	9c9753838f38ae31ca4a10c8ca079054dbbf2d6fcfe491b49edd1177a0ef5e9f
000955	000000184791.bin	non_person/COCO_val2014_000000184791.jpg	0	55b942fcc4974b747d5dd9bec119e019754b5408951675a73fbba065876ed453	afb02567fc729d60c0e933094e98b65b4d600cdf2b68d3856954000ed850da7e
000956	000000049269.bin	non_person/COCO_val2014_000000049269.jpg	0	6e28e9869086fe290575f62e890e4a909dc301bfa73e273dfa0536f711e6a831	5a6f0dff28c60d3414774332b811cebd5e9217fef7e49e1027ad0568f0ba603f
000957	000000371677.bin	non_person/COCO_val2014_000000371677.jpg	0	1defeac686e3e647e3de8c37a732a363f9dcf5e4d99a8eef717f7d0be8d9361f	8c170f72306ba84a34ddc500bc6fd896d639ac6775976f2007fc3cdd54fb3509
000958	000000113051.bin	non_person/COCO_val2014_000000113051.jpg	0	ad0db4ec460aab427e8913a6ed275086711bbf06a231d32d78efaa1aa97180b3	fa758a6b5f466388c8987261f0e7a739a4eba025bc109f9a3dfe4b76e32d2850
000959	000000011760.bin	non_person/COCO_val2014_000000011760.jpg	0	01edb9be984644114ddd87001ffcb447ea084f01226edab8800d60c12863d17e	32db8743c669496c55c5efa4641965e2087ff3fd30aaeeceb45d51df0ec0c75f
000960	000000315450.bin	non_person/COCO_val2014_000000315450.jpg	0	8068cd3e86a7c587ba1d08b9b5189c6c931bb671650932ed9c340835a7b10d59	0dc56eda6639a0e3a6538d489df9146497f2ffebc8a3ebecb2ebf6be239df808
000961	000000338560.bin	non_person/COCO_val2014_000000338560.jpg	0	166cb2d472668c308cf794165532b40874a6963103a184af77b524b95b209afa	056e9c7d4a9ec194d63f37a589da305bf035f13f3bfd66ad3a16b4618b775472
000962	000000109798.bin	non_person/COCO_val2014_000000109798.jpg	0	bf6b6aa99d2f3a2bd52d0465e24d268f9df7c2b39a359ccd273807c21852f00b	ae9270fd6bfda878119afb19366487d834545a96fc4066cb0d4a55f0d975f50d
000963	000000384350.bin	non_person/COCO_val2014_000000384350.jpg	0	e02f5ef2ac20d5e925d43b8b22ac95648c261898f99bd81b34ce0b7f8aba305f	cee7a4f51247e31a0ffc86393a3cae6adb685e2766034c0532396445740cf68f
000964	000000089556.bin	non_person/COCO_val2014_000000089556.jpg	0	655cb6c8ccb876735278b0422915d4a9872f062e46a387d51db04000746e02b1	337325d6c5e0b4e2c3113e96712d5de71f3947a6267c85bd7fc7841d2f5ecaf5
000965	000000228144.bin	non_person/COCO_val2014_000000228144.jpg	0	988547f937d306cfaf80b8f9f4d52512a06a0229776a3f6b0fc18034eb123f6f	c9f8e70bd9e568c6e8232d9b134b33705b535bedaf350274dbf8f37bf96b8f9e
000966	000000122927.bin	non_person/COCO_val2014_000000122927.jpg	0	f74bccdeafd17651241832c2d5acb0b145a084cf828973c6e9295b4729afaff3	75484009430bd56ae5c63ae5bbe80d5bf841c383d906b4b604ed378a22afa244
000967	000000272364.bin	non_person/COCO_val2014_000000272364.jpg	0	76e2b91a15f1107328a51556875e1565f68198733489f7027de0a303c72f2261	508755476307d94e9dd98ccb75eed3b31622cedab18d397ad0aaec930371506a
000968	000000368940.bin	non_person/COCO_val2014_000000368940.jpg	0	26083d105bb384704ccd3f7d36406ebc9b20ac2744e1c7cccf7bd5c4a1677c35	4f5e153c976884f15006ed302b8fbfb76598e7108fa4bcafc2b0fdcabbf4e466
000969	000000430875.bin	non_person/COCO_val2014_000000430875.jpg	0	8c3d2739d934bbcb0e554dc197ff97c4ac2b98bb85dbf24bd2082a39b7339167	fb6ac4bb0ae06709f23c032446da88ca6d310de0cc5466a948399bbb21e1f4fb
000970	000000164637.bin	non_person/COCO_val2014_000000164637.jpg	0	7d67d316d628b4dfa04c3b461b48412aca00ec1688d6469e21c2be855a138c6e	f3d286acabe239ed5dd4a20fe97f0d3b7c4c49aebffb5cc7fa2f2547c2e2219a
000971	000000236914.bin	non_person/COCO_val2014_000000236914.jpg	0	f8d05bf5e474ed65a99736a42c117a12f8402746ba983df041e0e396d5f5b612	3721bfabfbb0997387b233d081eef9035f682b3c3d58f20ccc7b91ca50cf41ef
000972	000000416269.bin	non_person/COCO_val2014_000000416269.jpg	0	c9632ef396d82f6170a03e5fa2d29dff0bbd9a4a9659bd91d4fd9c32bfed43bd	ada9ee484bb2d99203d150a5f7b969e71537d3f6ff53d7ee68da8c4e1ceedc24
000973	000000296284.bin	non_person/COCO_val2014_000000296284.jpg	0	e267d62706a67627deb65fbbacaa9eec0c4359f1174043983c2db1b726322844	18a45c9e561706c6129dd4e743208ea79785577d5c46a33f19e56da9cf453453
000974	000000072813.bin	non_person/COCO_val2014_000000072813.jpg	0	a404e3bf5fd018a9def5654eaf3e6171e7611f3e5e8bd80d8dee14f613fab326	d25fbbcc354f1b06acb43d3bb8d196cbb42f45cdfc0916cdfd58bd3e58822abf
000975	000000403385.bin	non_person/COCO_val2014_000000403385.jpg	0	4b07096edbc6b89c6212857b34bb186e14a3939ca893e138837cb074c1ea913b	ce4addb4c91df082c882e95ee3ee26c108a0d8dd285ae7bd33cd24ffd724e07e
000976	000000521405.bin	non_person/COCO_val2014_000000521405.jpg	0	7a93a6c7b333413fff3d0d58e29f188841a692f05481b0ee97fddd4fe2cc8ad3	bf304e465801a4d848d30acd726118ec04fd21c5f21bc23dbb3614482d8b9441
000977	000000004495.bin	non_person/COCO_val2014_000000004495.jpg	0	257c6205ab167dbe5efd1aee69fba96fb24e51059efc05d8aa4932ac0a0429a3	e3078fa619b2a56f08c16b2936db375a1fe906ceb0c4b0612d9d0589b44a6c46
000978	000000415238.bin	non_person/COCO_val2014_000000415238.jpg	0	5e3c0d35738712f178179cf848f54d32c2f7d54a8bd9fd189af285df0f7ced2e	0c1965489360cf105bebb9e7ecbbf9a5181974d71a3775700ca4b88bbe93fa63
000979	000000545826.bin	non_person/COCO_val2014_000000545826.jpg	0	abb4d09731bd46023e696072eba8a997c830956fe3b3bc331f3b7b2e78401cd3	8ab8f455b7af280ddc7bb4fe38811ba8088e4134b470563d42e39b2e05c363c9
000980	000000338986.bin	non_person/COCO_val2014_000000338986.jpg	0	576afdee16e30f66f5fcae49afa53699dca348cb4f149096577caa8d09944604	74e8eba140a029fd056e3b725fef8847605df1234e3d9381f146ccfa6adc5e1b
000981	000000141328.bin	non_person/COCO_val2014_000000141328.jpg	0	94597518bcebae08ebede98c9062fc90f48565497be41895c3eb6646807285f2	ca2714cb9bde6f856e596ea4689b3b33f1114f159f6704f1a508b8464c9e84c1
000982	000000349837.bin	non_person/COCO_val2014_000000349837.jpg	0	f1f0165389b2b23d436e768693a27db447b05fb3b6bb7194a994a98e3b33b107	095f78c8842f0824923c909b8a94eb22b28f2c848bd2dac5698a8688f8bab00a
000983	000000187236.bin	non_person/COCO_val2014_000000187236.jpg	0	bfa783007047ff762d7efd045604c82948853409553a5744fdbe0b2e80cb4036	6638d3e93e67f55f1359c1cbf139d75cbd576032fd5ae820c16efa717166cbff
000984	000000461275.bin	non_person/COCO_val2014_000000461275.jpg	0	c91c0b39690e36f57082bb728cd95b401c25c6dc50968995e36bd0bc5558b669	1d222f5d64cf615c17119f280abc226789f317691082ae9aa5d73604b1d2f0a9
000985	000000189436.bin	non_person/COCO_val2014_000000189436.jpg	0	e3c3de7ea9358e4e85d488338f6a785f72a92b80b9e14b00c37af015dcb17404	20f3db812053a6988ae391621063ea6980d664111ff1ae5073406a6778675c6a
000986	000000229858.bin	non_person/COCO_val2014_000000229858.jpg	0	1442e3190df6b37105b1b312bfdd976f2c4ac11d675bad1dd18b6f0257235dbd	1b18b209250713aafb9c53dc0d53dc9f95f80690a34d6e788fa00e290bc6b1c3
000987	000000121506.bin	non_person/COCO_val2014_000000121506.jpg	0	a15142814afc5418964cdfe9907c41e70b961169aaeaeefd0b6ae8f7a2fb34b2	2891b0680b1cc3d3224b0e51443e961524714411c0aabcf250066b85224ffe62
000988	000000151662.bin	non_person/COCO_val2014_000000151662.jpg	0	c53f7ae3301acecacacfe9aa969419a7a93a1e1c00eae0d3fe5ddaee254eff88	dd5a94c457c9703e0eb0e1bcd1c660a65f2d496b0a879231c515194e3cc2dfe6
000989	000000340930.bin	non_person/COCO_val2014_000000340930.jpg	0	289e453f35fce5a43919a0bb3395710f363efd9406afac7cc3e855df3ded0fbd	929b4f89351a56e3a2c3cef970d78c240ec3d46a3af31a3e3f55e76351a356fe
000990	000000134112.bin	non_person/COCO_val2014_000000134112.jpg	0	00f7ca40e4fb7956a34491d1c7e6ccd9a04e27201abe2b1a41e4b6d258924692	d08024838d22669dc4060d0bf39e4109171658b9d04c75e09b124e90743bdec5
000991	000000488736.bin	non_person/COCO_val2014_000000488736.jpg	0	e8a1c626682161ae89f0193066632e01941506a15ea93484834b0b15b494c908	79004c79ac3cb90a138c50ff43545706d86a450572d38ee19a9f87b3002341c1
000992	000000519764.bin	non_person/COCO_val2014_000000519764.jpg	0	9bae0a5d903c11168e27147ea406393b1dfec805b4c83db686c8ab26847fbdab	2001ed603a1336a10ca2fb4a6b1676df4459068b751c2bf9970c16d9d0df0c02
000993	000000418281.bin	non_person/COCO_val2014_000000418281.jpg	0	2b13efb5a00de226768fa35c54abbf892da4d5f6a6a0ba100bdb297163bc0738	8c8150b27ba859272d2b51f9baadae412a6f062744ac6c90b6d2c6125c1b6b1e
000994	000000038576.bin	non_person/COCO_val2014_000000038576.jpg	0	e02756d601e8548e05f0a242019ebf48b376b52dc79ec48203e19ee0a13ca439	150f392bacae2a93b69e536e977b60bcd16c2e287a6b3583a8e36c1aef4204df
000995	000000274687.bin	non_person/COCO_val2014_000000274687.jpg	0	3311ccc9e3bc5789ac942a6e0c672b4d4cd6d4758d4d5c285c08a8e2a09a6866	f363db246455968c44a5ec9dd8084c0194ff305e88c28b7f0bd42695362cd41c
000996	000000471869.bin	non_person/COCO_val2014_000000471869.jpg	0	0123b1a0a2292bb2849222edd6fbd5cce709d4e352b299038e7fa3b69fdbe57e	fbefaca55f2c9796b86ef11cd1b0748bdef2734854f7007617f268cac6de649a
000997	000000452122.bin	non_person/COCO_val2014_000000452122.jpg	0	c06b58a860db568ea5893a21718c396b7020b5a870c8a439824bba43d577749c	e628c496dbc611f39b9ae1e9c21413e05b2cc065c0df1e9a072c7b186dac3ee5
000998	000000352584.bin	non_person/COCO_val2014_000000352584.jpg	0	49b9ead4dac414f226252bcd0fa71d5ad2226f60731c38f0cfadc1c8c1f38ed3	22cbe04149ad39b86967c6d992ae59829f81530e2ea572f6dce1ba3219ae55a8
000999	000000134096.bin	non_person/COCO_val2014_000000134096.jpg	0	d4db033aa4ac5e7b4375982e82d6f8e575809550de77f7f9d2041faa338e9525	48e35cd7790b1fdc45d27c777a2e2b1f9d8433498a94a5553108669eb06ebbd2
